year;scenario;case_study;reconstructed_cost_Meur;lp_raw_cost_Meur_secondary;vintage_adjustment_Meur;reconstructed_vs_lp_pct;storage_share_pct
2025;reality;norte_amazonia_reality_2025;66.51053169564545;66.5105375885576;0.0;-8.860118044319892e-06;0.045551683859089295
2025;reality_phase2;norte_amazonia_reality_2025_phase2;42.14812922956921;42.14813677952002;0.0;-1.7912893410065475e-05;30.37606972568409
2025;reality_access;norte_amazonia_reality_access_2025;69.01590431465098;69.01591149507212;0.0;-1.0404008264691466e-05;0.15880986827832622
2025;access_transition;norte_amazonia_access_transition_2025;47.0686593575076;47.06866799599132;0.0;-1.83529385643174e-05;29.36713195481747
2025;sufficiency;norte_amazonia_sufficiency_2025;31.27527192055203;31.275281285753543;0.0;-2.9944419774445276e-05;27.682287914799673
2035;early_access;norte_amazonia_early_access_2035;49.29004669056217;49.29005520094324;0.0;-1.7265919133511145e-05;30.545061705100316
2035;late_access;norte_amazonia_late_access_2035;44.058237256350516;44.058246109457926;0.0;-2.0094098589034964e-05;30.36144178414152
2035;no_transition;norte_amazonia_no_transition_2035;89.45073124911508;89.45073712862056;0.0;-6.572897740749738e-06;0.04828619594635198
2050;early_access;norte_amazonia_early_access_2050;52.96225656895092;35.528931906879194;17.433331485698556;49.06796722109241;24.981077487313968
2050;early_access_brazil;norte_amazonia_early_access_brazil_2050;44.22632320913114;26.7929981392546;17.433331485698556;65.0667199664186;10.659076407325344
2050;late_access;norte_amazonia_late_access_2050;52.56597644825452;37.0961259052699;15.469857374453198;41.702065014791636;25.157697657134392
2050;no_transition;norte_amazonia_no_transition_2050;123.41060148832145;120.69239550247909;2.7182108642845497;2.2521766798360767;0.11110903730584357
