jeu,trajectoire,cluster,A_final_elec_GWh,B_final_elec_GWh,total_final_elec_GWh,share_dispersion
no_transition_late_access,acces_2050,C1,34.67612246761738,0.30956326212549135,34.985685729742876,0.00884828339558078
no_transition_late_access,acces_2050,C2,2.6730067586106814,0.0,2.6730067586106814,0.0
no_transition_late_access,acces_2050,C3,144.86282850108307,0.19346856081774133,145.0562970619008,0.0013337481015055915
no_transition_late_access,acces_2050,C4,80.29395629003183,0.44313645240321464,80.73709274243504,0.005488635240023997
no_transition_late_access,acces_2050,C5,72.0097857493383,6.068063302246377e-16,72.0097857493383,8.42672039515426e-18
early_access,acces_2035,C1,34.67612246761738,0.30956326212549135,34.985685729742876,0.00884828339558078
early_access,acces_2035,C2,2.6730067586106814,0.0,2.6730067586106814,0.0
early_access,acces_2035,C3,144.86282850108307,0.19346856081774133,145.0562970619008,0.0013337481015055915
early_access,acces_2035,C4,80.29395629003183,0.44313645240321464,80.73709274243504,0.005488635240023997
early_access,acces_2035,C5,72.0097857493383,6.068063302246377e-16,72.0097857493383,8.42672039515426e-18
