scenario;source_2035_scenario;cluster;technology;vintage_year;capacity_GW;c_inv;status;f_min_2050_GW
no_transition;no_transition;C1;PV_UTILITY;2035;0.0;529.3257513599999;chained_to_2050;0.0
no_transition;no_transition;C1;PV_HS;2035;7.873542041110388e-05;1774.5;chained_to_2050;7.873542041110388e-05
no_transition;no_transition;C1;GENSET_DIESEL;2035;0.0;384.6;chained_to_2050;0.0
no_transition;no_transition;C1;HS_DIESEL;2035;1.4410486219597e-05;1302.41;retired_at_2050;0.0
no_transition;no_transition;C1;IND_BOILER_WOOD;2035;0.0003044147206988;126.7;chained_to_2050;0.0003044147206988
no_transition;no_transition;C1;IND_BOILER_OIL;2035;7.12040237734819e-05;60.34;chained_to_2050;7.12040237734819e-05
no_transition;no_transition;C1;DEC_SOLAR;2035;0.0001156731030946;743.38;chained_to_2050;0.0001156731030946
no_transition;no_transition;C1;DEC_DIRECT_ELEC;2035;0.0001105877797354;42.16;retired_at_2050;0.0
no_transition;no_transition;C1;DEC_ELEC_COLD;2035;0.0033862995159358;510.64;chained_to_2050;0.0033862995159358
no_transition;no_transition;C1;GRID;2035;1.0;0.0;chained_to_2050;1.0
no_transition;no_transition;C1;BATT_HS;2035;5.354006384618384e-05;451.44;retired_at_2050;0.0
no_transition;no_transition;C1;DIESEL_STORAGE;2035;3.912045650817679;0.01;chained_to_2050;3.912045650817679
no_transition;no_transition;C1;JET_FUEL_STORAGE;2035;0.1437471679033178;0.01;chained_to_2050;0.1437471679033178
no_transition;no_transition;C1;GASOLINE_STORAGE;2035;3.621354351614265;0.01;chained_to_2050;3.621354351614265
no_transition;no_transition;C1;STOVE_WOOD;2035;0.0041053049564687;53.65514911;retired_at_2050;0.0
no_transition;no_transition;C1;STOVE_LPG;2035;0.0104661742572769;52.20521443;retired_at_2050;0.0
no_transition;no_transition;C1;STOVE_NG;2035;5.282102761992208e-05;70.48592219;retired_at_2050;0.0
no_transition;no_transition;C1;STOVE_OIL;2035;0.0001801424845521;17.37818595;retired_at_2050;0.0
no_transition;no_transition;C1;IND_BOILER_DIESEL;2035;3.157805516539692e-05;171.6964771;chained_to_2050;3.157805516539692e-05
no_transition;no_transition;C1;LPG_STORAGE;2035;0.0665568286472938;0.01;chained_to_2050;0.0665568286472938
no_transition;no_transition;C1;LED_BULB;2035;0.0001334094292747;0.60161002;retired_at_2050;0.0
no_transition;no_transition;C1;LED_LIGHT;2035;0.000108829070196;2187.69928;retired_at_2050;0.0
no_transition;no_transition;C1;REFRIGERATOR_EL;2035;0.0003432953221445;5.96e-05;retired_at_2050;0.0
no_transition;no_transition;C1;COMM_MACHINERY_EL;2035;1.790898426148812e-05;0.06278883;retired_at_2050;0.0
no_transition;no_transition;C1;IND_MACHINERY_EL;2035;7.643146379104305e-05;0.06278883;chained_to_2050;7.643146379104305e-05
no_transition;no_transition;C1;AGR_MACHINERY_DIESEL;2035;0.0002126480913715;0.14693009;chained_to_2050;0.0002126480913715
no_transition;no_transition;C1;FISH_MACHINERY_DIESEL;2035;0.0532950700363054;0.08519203;chained_to_2050;0.0532950700363054
no_transition;no_transition;C1;FISH_MACHINERY_EL;2035;0.0509444468387224;0.06278883;retired_at_2050;0.0
no_transition;no_transition;C2;PV_UTILITY;2035;0.0;529.3257513599999;chained_to_2050;0.0
no_transition;no_transition;C2;GENSET_DIESEL;2035;0.0;384.6;chained_to_2050;0.0
no_transition;no_transition;C2;IND_BOILER_WOOD;2035;2.98533389582351e-05;126.7;chained_to_2050;2.98533389582351e-05
no_transition;no_transition;C2;DEC_SOLAR;2035;2.278932769946435e-05;743.38;chained_to_2050;2.278932769946435e-05
no_transition;no_transition;C2;DEC_DIRECT_ELEC;2035;1.084512097674765e-05;42.16;retired_at_2050;0.0
no_transition;no_transition;C2;DEC_ELEC_COLD;2035;0.0002609811595142;510.64;chained_to_2050;0.0002609811595142
no_transition;no_transition;C2;GRID;2035;1.0;0.0;chained_to_2050;1.0
no_transition;no_transition;C2;HVAC_LINE;2035;0.0019581905486889;2.0;chained_to_2050;0.0019581905486889
no_transition;no_transition;C2;DIESEL_STORAGE;2035;0.3836464431347247;0.01;chained_to_2050;0.3836464431347247
no_transition;no_transition;C2;JET_FUEL_STORAGE;2035;0.0140969954339032;0.01;chained_to_2050;0.0140969954339032
no_transition;no_transition;C2;GASOLINE_STORAGE;2035;0.3551389325011788;0.01;chained_to_2050;0.3551389325011788
no_transition;no_transition;C2;STOVE_WOOD;2035;0.0002782148066971;53.65514911;retired_at_2050;0.0
no_transition;no_transition;C2;STOVE_LPG;2035;0.000817479868906;52.20521443;retired_at_2050;0.0
no_transition;no_transition;C2;STOVE_OIL;2035;1.766621088418493e-05;17.37818595;retired_at_2050;0.0
no_transition;no_transition;C2;LPG_STORAGE;2035;0.0065270942253765;0.01;chained_to_2050;0.0065270942253765
no_transition;no_transition;C2;LED_BULB;2035;1.030320323722053e-05;0.60161002;retired_at_2050;0.0
no_transition;no_transition;C2;REFRIGERATOR_EL;2035;2.428160982353371e-05;5.96e-05;retired_at_2050;0.0
no_transition;no_transition;C2;AGR_MACHINERY_DIESEL;2035;2.085397032037124e-05;0.14693009;chained_to_2050;2.085397032037124e-05
no_transition;no_transition;C2;FISH_MACHINERY_DIESEL;2035;0.0052265402505645;0.08519203;chained_to_2050;0.0052265402505645
no_transition;no_transition;C2;FISH_MACHINERY_EL;2035;0.0049960193647169;0.06278883;retired_at_2050;0.0
no_transition;no_transition;C2;REGASIFICATION;2035;1.023705601865034e-05;2895.92;chained_to_2050;1.023705601865034e-05
no_transition;no_transition;C3;PV_UTILITY;2035;0.0;529.3257513599999;chained_to_2050;0.0
no_transition;no_transition;C3;PV_HS;2035;6.374223059927489e-05;1774.5;chained_to_2050;6.374223059927489e-05
no_transition;no_transition;C3;GENSET_DIESEL;pre-2035;0.05333;384.6;retired_at_2050;0.0
no_transition;no_transition;C3;GENSET_DIESEL;2035;0.0;384.6;chained_to_2050;0.0
no_transition;no_transition;C3;HS_DIESEL;2035;1.310770883695944e-05;1302.41;retired_at_2050;0.0
no_transition;no_transition;C3;IND_BOILER_WOOD;2035;0.0015000372236146;126.7;chained_to_2050;0.0015000372236146
no_transition;no_transition;C3;IND_BOILER_OIL;2035;0.0003508657067771;60.34;chained_to_2050;0.0003508657067771
no_transition;no_transition;C3;DEC_BOILER_GAS;2035;0.0001646726889898;174.39;chained_to_2050;0.0001646726889898
no_transition;no_transition;C3;DEC_SOLAR;2035;0.0010675472734035;743.38;chained_to_2050;0.0010675472734035
no_transition;no_transition;C3;DEC_DIRECT_ELEC;2035;0.0005449335225947;42.16;retired_at_2050;0.0
no_transition;no_transition;C3;DEC_ELEC_COLD;2035;0.0142948280555632;510.64;chained_to_2050;0.0142948280555632
no_transition;no_transition;C3;GRID;2035;1.0;0.0;chained_to_2050;1.0
no_transition;no_transition;C3;HVAC_LINE;2035;0.0221312;2.0;chained_to_2050;0.0221312
no_transition;no_transition;C3;BATT_HS;2035;3.187111529963745e-05;451.44;retired_at_2050;0.0
no_transition;no_transition;C3;DIESEL_STORAGE;2035;19.27703786214855;0.01;chained_to_2050;19.27703786214855
no_transition;no_transition;C3;JET_FUEL_STORAGE;2035;0.7083300773010399;0.01;chained_to_2050;0.7083300773010399
no_transition;no_transition;C3;GASOLINE_STORAGE;2035;17.84462431662407;0.01;chained_to_2050;17.84462431662407
no_transition;no_transition;C3;STOVE_WOOD;2035;0.0057394078063926;53.65514911;retired_at_2050;0.0
no_transition;no_transition;C3;STOVE_LPG;2035;0.0393238574797425;52.20521443;retired_at_2050;0.0
no_transition;no_transition;C3;STOVE_NG;2035;0.0002602814589175;70.48592219;retired_at_2050;0.0
no_transition;no_transition;C3;STOVE_OIL;2035;0.0008876720276943;17.37818595;retired_at_2050;0.0
no_transition;no_transition;C3;IND_BOILER_DIESEL;2035;0.000155604361342;171.6964771;chained_to_2050;0.000155604361342
no_transition;no_transition;C3;LPG_STORAGE;2035;0.3279661385214781;0.01;chained_to_2050;0.3279661385214781
no_transition;no_transition;C3;LED_BULB;2035;0.0005335120757734;0.60161002;retired_at_2050;0.0
no_transition;no_transition;C3;LED_LIGHT;2035;0.0004463537967962;2187.69928;retired_at_2050;0.0
no_transition;no_transition;C3;REFRIGERATOR_EL;2035;0.0013580715146054;5.96e-05;retired_at_2050;0.0
no_transition;no_transition;C3;COMM_MACHINERY_DIESEL;2035;9.256921041128016e-05;0.08519203;chained_to_2050;9.256921041128016e-05
no_transition;no_transition;C3;IND_MACHINERY_EL;2035;0.0007272627178635;0.06278883;chained_to_2050;0.0007272627178635
no_transition;no_transition;C3;AGR_MACHINERY_DIESEL;2035;0.0010478470024567;0.14693009;chained_to_2050;0.0010478470024567
no_transition;no_transition;C3;FISH_MACHINERY_DIESEL;2035;0.2626173553831055;0.08519203;chained_to_2050;0.2626173553831055
no_transition;no_transition;C3;FISH_MACHINERY_EL;2035;0.2510343994505795;0.06278883;retired_at_2050;0.0
no_transition;no_transition;C3;REGASIFICATION;2035;0.0001829678247365;2895.92;chained_to_2050;0.0001829678247365
no_transition;no_transition;C4;PV_UTILITY;pre-2035;0.0004;882.2095856;retired_at_2050;0.0
no_transition;no_transition;C4;PV_UTILITY;2035;0.0;529.3257513599999;chained_to_2050;0.0
no_transition;no_transition;C4;PV_HS;2035;0.000138168226582;1774.5;chained_to_2050;0.000138168226582
no_transition;no_transition;C4;GENSET_DIESEL;pre-2035;0.00742;384.6;retired_at_2050;0.0
no_transition;no_transition;C4;GENSET_DIESEL;2035;0.0;384.6;chained_to_2050;0.0
no_transition;no_transition;C4;HS_DIESEL;2035;2.673918882621538e-05;1302.41;retired_at_2050;0.0
no_transition;no_transition;C4;IND_BOILER_WOOD;2035;0.0005863463781422;126.7;chained_to_2050;0.0005863463781422
no_transition;no_transition;C4;IND_BOILER_OIL;2035;0.0001371491541305;60.34;chained_to_2050;0.0001371491541305
no_transition;no_transition;C4;DEC_BOILER_GAS;2035;0.0001459921461028;174.39;chained_to_2050;0.0001459921461028
no_transition;no_transition;C4;DEC_SOLAR;2035;0.0003672294319586;743.38;chained_to_2050;0.0003672294319586
no_transition;no_transition;C4;DEC_DIRECT_ELEC;2035;0.0002130079122515;42.16;retired_at_2050;0.0
no_transition;no_transition;C4;DEC_ELEC_COLD;2035;0.0071999950731557;510.64;chained_to_2050;0.0071999950731557
no_transition;no_transition;C4;GRID;2035;1.0;0.0;chained_to_2050;1.0
no_transition;no_transition;C4;HVAC_LINE;2035;0.3985454;2.0;chained_to_2050;0.3985454
no_transition;no_transition;C4;BATT_HS;2035;6.908411329100612e-05;451.44;retired_at_2050;0.0
no_transition;no_transition;C4;DIESEL_STORAGE;2035;7.535160563912947;0.01;chained_to_2050;7.535160563912947
no_transition;no_transition;C4;JET_FUEL_STORAGE;2035;0.2768776459786088;0.01;chained_to_2050;0.2768776459786088
no_transition;no_transition;C4;GASOLINE_STORAGE;2035;6.975247462292479;0.01;chained_to_2050;6.975247462292479
no_transition;no_transition;C4;STOVE_WOOD;2035;0.0047255603196347;53.65514911;retired_at_2050;0.0
no_transition;no_transition;C4;STOVE_LPG;2035;0.0170875962098068;52.20521443;retired_at_2050;0.0
no_transition;no_transition;C4;STOVE_NG;2035;0.0001017408690473;70.48592219;retired_at_2050;0.0
no_transition;no_transition;C4;STOVE_OIL;2035;0.0003469802417053;17.37818595;retired_at_2050;0.0
no_transition;no_transition;C4;IND_BOILER_DIESEL;2035;6.082385974141995e-05;171.6964771;chained_to_2050;6.082385974141995e-05
no_transition;no_transition;C4;LPG_STORAGE;2035;0.1281979903218602;0.01;chained_to_2050;0.1281979903218602
no_transition;no_transition;C4;LED_BULB;2035;0.0002736510068075;0.60161002;retired_at_2050;0.0
no_transition;no_transition;C4;LED_LIGHT;2035;0.0001343292285832;2187.69928;retired_at_2050;0.0
no_transition;no_transition;C4;REFRIGERATOR_EL;2035;0.0006946285134162;5.96e-05;retired_at_2050;0.0
no_transition;no_transition;C4;COMM_MACHINERY_DIESEL;2035;4.360500564272792e-05;0.08519203;chained_to_2050;4.360500564272792e-05
no_transition;no_transition;C4;IND_MACHINERY_EL;2035;0.0001590720323507;0.06278883;chained_to_2050;0.0001590720323507
no_transition;no_transition;C4;AGR_MACHINERY_DIESEL;2035;0.0004095906988609;0.14693009;chained_to_2050;0.0004095906988609
no_transition;no_transition;C4;FISH_MACHINERY_DIESEL;2035;0.1026539426769238;0.08519203;chained_to_2050;0.1026539426769238
no_transition;no_transition;C4;FISH_MACHINERY_EL;2035;0.0981263055274586;0.06278883;retired_at_2050;0.0
no_transition;no_transition;C4;REGASIFICATION;2035;0.0001622118735349;2895.92;chained_to_2050;0.0001622118735349
no_transition;no_transition;C5;PV_UTILITY;pre-2035;0.0051;882.2095856;retired_at_2050;0.0
no_transition;no_transition;C5;PV_UTILITY;2035;0.0;529.3257513599999;chained_to_2050;0.0
no_transition;no_transition;C5;GENSET_DIESEL;pre-2035;0.02736;384.6;retired_at_2050;0.0
no_transition;no_transition;C5;GENSET_DIESEL;2035;0.0;384.6;chained_to_2050;0.0
no_transition;no_transition;C5;IND_BOILER_WOOD;2035;0.0005793483385859;126.7;chained_to_2050;0.0005793483385859
no_transition;no_transition;C5;IND_BOILER_OIL;2035;0.0001355122800208;60.34;chained_to_2050;0.0001355122800208
no_transition;no_transition;C5;DEC_BOILER_GAS;2035;0.0001640870071276;174.39;chained_to_2050;0.0001640870071276
no_transition;no_transition;C5;DEC_SOLAR;2035;0.000632937965997;743.38;chained_to_2050;0.000632937965997
no_transition;no_transition;C5;DEC_DIRECT_ELEC;2035;0.0002104656644415;42.16;retired_at_2050;0.0
no_transition;no_transition;C5;DEC_ELEC_COLD;2035;0.0078738685383213;510.64;chained_to_2050;0.0078738685383213
no_transition;no_transition;C5;GRID;2035;1.0;0.0;chained_to_2050;1.0
no_transition;no_transition;C5;HVAC_LINE;2035;0.3783723905486889;2.0;chained_to_2050;0.3783723905486889
no_transition;no_transition;C5;DIESEL_STORAGE;2035;7.445228479986103;0.01;chained_to_2050;7.445228479986103
no_transition;no_transition;C5;JET_FUEL_STORAGE;2035;0.2735731133831302;0.01;chained_to_2050;0.2735731133831302
no_transition;no_transition;C5;GASOLINE_STORAGE;2035;6.891997936968012;0.01;chained_to_2050;6.891997936968012
no_transition;no_transition;C5;STOVE_WOOD;2035;0.000245483652968;53.65514911;retired_at_2050;0.0
no_transition;no_transition;C5;STOVE_LPG;2035;0.0156642330597777;52.20521443;retired_at_2050;0.0
no_transition;no_transition;C5;STOVE_NG;2035;0.0001005265925503;70.48592219;retired_at_2050;0.0
no_transition;no_transition;C5;STOVE_OIL;2035;0.0003428390351639;17.37818595;retired_at_2050;0.0
no_transition;no_transition;C5;IND_BOILER_DIESEL;2035;6.009792743876715e-05;171.6964771;chained_to_2050;6.009792743876715e-05
no_transition;no_transition;C5;LPG_STORAGE;2035;0.1266679482839913;0.01;chained_to_2050;0.1266679482839913
no_transition;no_transition;C5;LED_BULB;2035;0.0002725977478064;0.60161002;retired_at_2050;0.0
no_transition;no_transition;C5;LED_LIGHT;2035;0.0001972648020207;2187.69928;retired_at_2050;0.0
no_transition;no_transition;C5;REFRIGERATOR_EL;2035;0.0006458073310476;5.96e-05;retired_at_2050;0.0
no_transition;no_transition;C5;COMM_MACHINERY_DIESEL;2035;6.1082109920643e-05;0.08519203;chained_to_2050;6.1082109920643e-05
no_transition;no_transition;C5;IND_MACHINERY_EL;2035;0.0003770229440935;0.06278883;chained_to_2050;0.0003770229440935
no_transition;no_transition;C5;AGR_MACHINERY_DIESEL;2035;0.0004047022369903;0.14693009;chained_to_2050;0.0004047022369903
no_transition;no_transition;C5;FISH_MACHINERY_DIESEL;2035;0.1014287686531007;0.08519203;chained_to_2050;0.1014287686531007
no_transition;no_transition;C5;FISH_MACHINERY_EL;2035;0.0969551688185224;0.06278883;retired_at_2050;0.0
no_transition;no_transition;C5;REGASIFICATION;2035;0.0001823170736195;2895.92;chained_to_2050;0.0001823170736195
early_access;early_access;C1;PV_UTILITY;2035;0.0077439048398129;529.3257513599999;chained_to_2050;0.0077439048398129
early_access;early_access;C1;PV_HS;2035;7.449898433036269e-05;1774.5;chained_to_2050;7.449898433036269e-05
early_access;early_access;C1;GENSET_DIESEL;2035;0.0;384.6;chained_to_2050;0.0
early_access;early_access;C1;HS_DIESEL;2035;1.428693927431801e-05;1302.41;retired_at_2050;0.0
early_access;early_access;C1;IND_BOILER_WOOD;2035;0.0003044147206988;126.7;chained_to_2050;0.0003044147206988
early_access;early_access;C1;IND_BOILER_OIL;2035;7.12040237734819e-05;60.34;chained_to_2050;7.12040237734819e-05
early_access;early_access;C1;DEC_SOLAR;2035;0.0001384096918028;743.38;chained_to_2050;0.0001384096918028
early_access;early_access;C1;DEC_DIRECT_ELEC;2035;0.0001105877797354;42.16;retired_at_2050;0.0
early_access;early_access;C1;DEC_ELEC_COLD;2035;0.0046547770732241;510.64;chained_to_2050;0.0046547770732241
early_access;early_access;C1;GRID;2035;1.0;0.0;chained_to_2050;1.0
early_access;early_access;C1;BATT_HS;2035;5.473163860552396e-05;451.44;retired_at_2050;0.0
early_access;early_access;C1;DIESEL_STORAGE;2035;3.912045650817679;0.01;chained_to_2050;3.912045650817679
early_access;early_access;C1;JET_FUEL_STORAGE;2035;0.1437471679033178;0.01;chained_to_2050;0.1437471679033178
early_access;early_access;C1;GASOLINE_STORAGE;2035;3.621354351614265;0.01;chained_to_2050;3.621354351614265
early_access;early_access;C1;STOVE_WOOD;2035;0.0041053049564687;53.65514911;retired_at_2050;0.0
early_access;early_access;C1;STOVE_LPG;2035;0.0103692817175324;52.20521443;retired_at_2050;0.0
early_access;early_access;C1;STOVE_NG;2035;5.282102761992208e-05;70.48592219;retired_at_2050;0.0
early_access;early_access;C1;STOVE_OIL;2035;0.0001801424845521;17.37818595;retired_at_2050;0.0
early_access;early_access;C1;STOVE_ELEC;2035;0.0005943958904363;20.60357726;retired_at_2050;0.0
early_access;early_access;C1;IND_BOILER_DIESEL;2035;3.157805516539692e-05;171.6964771;chained_to_2050;3.157805516539692e-05
early_access;early_access;C1;LPG_STORAGE;2035;0.1562509030629871;0.01;chained_to_2050;0.1562509030629871
early_access;early_access;C1;LED_BULB;2035;0.0001650900405416;0.60161002;retired_at_2050;0.0
early_access;early_access;C1;LED_LIGHT;2035;0.0001382489334931;2187.69928;retired_at_2050;0.0
early_access;early_access;C1;REFRIGERATOR_EL;2035;0.0004701184727272;5.96e-05;retired_at_2050;0.0
early_access;early_access;C1;COMM_MACHINERY_EL;2035;1.368527067576975e-05;0.06278883;retired_at_2050;0.0
early_access;early_access;C1;IND_MACHINERY_EL;2035;7.359551007660223e-05;0.06278883;chained_to_2050;7.359551007660223e-05
early_access;early_access;C1;AGR_MACHINERY_DIESEL;2035;0.0002126480913715;0.14693009;chained_to_2050;0.0002126480913715
early_access;early_access;C1;FISH_MACHINERY_DIESEL;2035;0.0532950700363054;0.08519203;chained_to_2050;0.0532950700363054
early_access;early_access;C1;FISH_MACHINERY_EL;2035;0.0509444468387224;0.06278883;retired_at_2050;0.0
early_access;early_access;C2;PV_UTILITY;2035;0.0058616109274567;529.3257513599999;chained_to_2050;0.0058616109274567
early_access;early_access;C2;GENSET_DIESEL;2035;0.0;384.6;chained_to_2050;0.0
early_access;early_access;C2;IND_BOILER_WOOD;2035;2.98533389582351e-05;126.7;chained_to_2050;2.98533389582351e-05
early_access;early_access;C2;DEC_SOLAR;2035;2.727636747184023e-05;743.38;chained_to_2050;2.727636747184023e-05
early_access;early_access;C2;DEC_DIRECT_ELEC;2035;1.253568676271171e-05;42.16;retired_at_2050;0.0
early_access;early_access;C2;DEC_ELEC_COLD;2035;0.0004074657295603;510.64;chained_to_2050;0.0004074657295603
early_access;early_access;C2;GRID;2035;1.0;0.0;chained_to_2050;1.0
early_access;early_access;C2;HVAC_LINE;2035;0.0088790407441629;2.0;chained_to_2050;0.0088790407441629
early_access;early_access;C2;BATT_LI;2035;0.0057120008001704;322.39116;retired_at_2050;0.0
early_access;early_access;C2;DIESEL_STORAGE;2035;0.3836464431347247;0.01;chained_to_2050;0.3836464431347247
early_access;early_access;C2;JET_FUEL_STORAGE;2035;0.0140969954339032;0.01;chained_to_2050;0.0140969954339032
early_access;early_access;C2;GASOLINE_STORAGE;2035;0.3551389325011788;0.01;chained_to_2050;0.3551389325011788
early_access;early_access;C2;STOVE_WOOD;2035;0.0002782148066971;53.65514911;retired_at_2050;0.0
early_access;early_access;C2;STOVE_LPG;2035;0.0004083694054394;52.20521443;retired_at_2050;0.0
early_access;early_access;C2;STOVE_OIL;2035;1.766621088418493e-05;17.37818595;retired_at_2050;0.0
early_access;early_access;C2;STOVE_ELEC;2035;0.0004136053312493;20.60357726;retired_at_2050;0.0
early_access;early_access;C2;LPG_STORAGE;2035;0.2045017770686499;0.01;chained_to_2050;0.2045017770686499
early_access;early_access;C2;LED_BULB;2035;1.415378068876965e-05;0.60161002;retired_at_2050;0.0
early_access;early_access;C2;REFRIGERATOR_EL;2035;3.298219384922108e-05;5.96e-05;retired_at_2050;0.0
early_access;early_access;C2;AGR_MACHINERY_DIESEL;2035;2.085397032037124e-05;0.14693009;chained_to_2050;2.085397032037124e-05
early_access;early_access;C2;FISH_MACHINERY_DIESEL;2035;0.0052265402505645;0.08519203;chained_to_2050;0.0052265402505645
early_access;early_access;C2;FISH_MACHINERY_EL;2035;0.0049960193647169;0.06278883;retired_at_2050;0.0
early_access;early_access;C3;PV_UTILITY;2035;0.1200540301563421;529.3257513599999;chained_to_2050;0.1200540301563421
early_access;early_access;C3;PV_HS;2035;6.559086615024808e-05;1774.5;chained_to_2050;6.559086615024808e-05
early_access;early_access;C3;GENSET_DIESEL;pre-2035;0.05333;384.6;retired_at_2050;0.0
early_access;early_access;C3;GENSET_DIESEL;2035;0.0;384.6;chained_to_2050;0.0
early_access;early_access;C3;IND_BOILER_WOOD;2035;0.0015000372236146;126.7;chained_to_2050;0.0015000372236146
early_access;early_access;C3;IND_BOILER_OIL;2035;0.0003508657067771;60.34;chained_to_2050;0.0003508657067771
early_access;early_access;C3;DEC_BOILER_GAS;2035;1.397034667593121e-05;174.39;chained_to_2050;1.397034667593121e-05
early_access;early_access;C3;DEC_SOLAR;2035;0.0008323374912979;743.38;chained_to_2050;0.0008323374912979
early_access;early_access;C3;DEC_DIRECT_ELEC;2035;0.0005449335225947;42.16;retired_at_2050;0.0
early_access;early_access;C3;DEC_ELEC_COLD;2035;0.0158651997272704;510.64;chained_to_2050;0.0158651997272704
early_access;early_access;C3;GRID;2035;1.0;0.0;chained_to_2050;1.0
early_access;early_access;C3;HVAC_LINE;2035;0.1246471223713584;2.0;chained_to_2050;0.1246471223713584
early_access;early_access;C3;BATT_LI;2035;0.152523945788901;322.39116;retired_at_2050;0.0
early_access;early_access;C3;BATT_HS;2035;3.279543307512404e-05;451.44;retired_at_2050;0.0
early_access;early_access;C3;DIESEL_STORAGE;2035;19.27703786214855;0.01;chained_to_2050;19.27703786214855
early_access;early_access;C3;JET_FUEL_STORAGE;2035;0.7083300773010399;0.01;chained_to_2050;0.7083300773010399
early_access;early_access;C3;GASOLINE_STORAGE;2035;17.84462431662407;0.01;chained_to_2050;17.84462431662407
early_access;early_access;C3;STOVE_WOOD;2035;0.0057394078063926;53.65514911;retired_at_2050;0.0
early_access;early_access;C3;STOVE_LPG;2035;0.029666882137435;52.20521443;retired_at_2050;0.0
early_access;early_access;C3;STOVE_NG;2035;0.0002602814589175;70.48592219;retired_at_2050;0.0
early_access;early_access;C3;STOVE_OIL;2035;0.0008876720276943;17.37818595;retired_at_2050;0.0
early_access;early_access;C3;STOVE_ELEC;2035;0.0097283667686965;20.60357726;retired_at_2050;0.0
early_access;early_access;C3;IND_BOILER_DIESEL;2035;0.000155604361342;171.6964771;chained_to_2050;0.000155604361342
early_access;early_access;C3;LPG_STORAGE;2035;4.999934081757853;0.01;chained_to_2050;4.999934081757853
early_access;early_access;C3;LED_BULB;2035;0.0005706018247947;0.60161002;retired_at_2050;0.0
early_access;early_access;C3;LED_LIGHT;2035;0.0004840687910998;2187.69928;retired_at_2050;0.0
early_access;early_access;C3;REFRIGERATOR_EL;2035;0.0015630820128696;5.96e-05;retired_at_2050;0.0
early_access;early_access;C3;COMM_MACHINERY_DIESEL;2035;9.361679163121125e-05;0.08519203;chained_to_2050;9.361679163121125e-05
early_access;early_access;C3;COMM_MACHINERY_EL;2035;9.361679163121125e-05;0.06278883;retired_at_2050;0.0
early_access;early_access;C3;IND_MACHINERY_EL;2035;0.0007247720200517;0.06278883;chained_to_2050;0.0007247720200517
early_access;early_access;C3;AGR_MACHINERY_DIESEL;2035;0.0010478470024567;0.14693009;chained_to_2050;0.0010478470024567
early_access;early_access;C3;FISH_MACHINERY_DIESEL;2035;0.2626173553831055;0.08519203;chained_to_2050;0.2626173553831055
early_access;early_access;C3;FISH_MACHINERY_EL;2035;0.2510343994505795;0.06278883;retired_at_2050;0.0
early_access;early_access;C4;PV_UTILITY;pre-2035;0.0004;882.2095856;retired_at_2050;0.0
early_access;early_access;C4;PV_UTILITY;2035;0.0775308556287209;529.3257513599999;chained_to_2050;0.0775308556287209
early_access;early_access;C4;PV_HS;2035;0.0001579208647872;1774.5;chained_to_2050;0.0001579208647872
early_access;early_access;C4;GENSET_DIESEL;pre-2035;0.00742;384.6;retired_at_2050;0.0
early_access;early_access;C4;GENSET_DIESEL;2035;0.0;384.6;chained_to_2050;0.0
early_access;early_access;C4;IND_BOILER_WOOD;2035;0.0005863463781422;126.7;chained_to_2050;0.0005863463781422
early_access;early_access;C4;IND_BOILER_OIL;2035;0.0001371491541305;60.34;chained_to_2050;0.0001371491541305
early_access;early_access;C4;DEC_SOLAR;2035;0.0003493863281736;743.38;chained_to_2050;0.0003493863281736
early_access;early_access;C4;DEC_DIRECT_ELEC;2035;0.0002130079122515;42.16;retired_at_2050;0.0
early_access;early_access;C4;DEC_ELEC_COLD;2035;0.0093971598739296;510.64;chained_to_2050;0.0093971598739296
early_access;early_access;C4;GRID;2035;1.0;0.0;chained_to_2050;1.0
early_access;early_access;C4;HVAC_LINE;2035;0.5010613223713585;2.0;chained_to_2050;0.5010613223713585
early_access;early_access;C4;BATT_LI;2035;0.1083743618309609;322.39116;retired_at_2050;0.0
early_access;early_access;C4;BATT_HS;2035;7.896043239363926e-05;451.44;retired_at_2050;0.0
early_access;early_access;C4;DIESEL_STORAGE;2035;7.535160563912947;0.01;chained_to_2050;7.535160563912947
early_access;early_access;C4;JET_FUEL_STORAGE;2035;0.2768776459786088;0.01;chained_to_2050;0.2768776459786088
early_access;early_access;C4;GASOLINE_STORAGE;2035;6.975247462292479;0.01;chained_to_2050;6.975247462292479
early_access;early_access;C4;STOVE_WOOD;2035;0.0047255603196347;53.65514911;retired_at_2050;0.0
early_access;early_access;C4;STOVE_LPG;2035;0.011367188313153;52.20521443;retired_at_2050;0.0
early_access;early_access;C4;STOVE_NG;2035;0.0001017408690473;70.48592219;retired_at_2050;0.0
early_access;early_access;C4;STOVE_OIL;2035;0.0003469802417053;17.37818595;retired_at_2050;0.0
early_access;early_access;C4;STOVE_ELEC;2035;0.005791018217126;20.60357726;retired_at_2050;0.0
early_access;early_access;C4;IND_BOILER_DIESEL;2035;6.082385974141995e-05;171.6964771;chained_to_2050;6.082385974141995e-05
early_access;early_access;C4;LPG_STORAGE;2035;2.842210425664253;0.01;chained_to_2050;2.842210425664253
early_access;early_access;C4;LED_BULB;2035;0.0003302752703837;0.60161002;retired_at_2050;0.0
early_access;early_access;C4;LED_LIGHT;2035;0.0001622462569823;2187.69928;retired_at_2050;0.0
early_access;early_access;C4;REFRIGERATOR_EL;2035;0.0009546867280772;5.96e-05;retired_at_2050;0.0
early_access;early_access;C4;COMM_MACHINERY_DIESEL;2035;4.224486830700116e-05;0.08519203;chained_to_2050;4.224486830700116e-05
early_access;early_access;C4;COMM_MACHINERY_EL;2035;4.224486830700116e-05;0.06278883;retired_at_2050;0.0
early_access;early_access;C4;IND_MACHINERY_EL;2035;0.0001557099170197;0.06278883;chained_to_2050;0.0001557099170197
early_access;early_access;C4;AGR_MACHINERY_DIESEL;2035;0.0004095906988609;0.14693009;chained_to_2050;0.0004095906988609
early_access;early_access;C4;FISH_MACHINERY_DIESEL;2035;0.1026539426769238;0.08519203;chained_to_2050;0.1026539426769238
early_access;early_access;C4;FISH_MACHINERY_EL;2035;0.0981263055274586;0.06278883;retired_at_2050;0.0
early_access;early_access;C5;PV_UTILITY;pre-2035;0.0051;882.2095856;retired_at_2050;0.0
early_access;early_access;C5;PV_UTILITY;2035;0.0479320488755459;529.3257513599999;chained_to_2050;0.0479320488755459
early_access;early_access;C5;GENSET_DIESEL;pre-2035;0.02736;384.6;retired_at_2050;0.0
early_access;early_access;C5;GENSET_DIESEL;2035;0.0;384.6;chained_to_2050;0.0
early_access;early_access;C5;IND_BOILER_WOOD;2035;0.0005793483385859;126.7;chained_to_2050;0.0005793483385859
early_access;early_access;C5;IND_BOILER_OIL;2035;0.0001355122800208;60.34;chained_to_2050;0.0001355122800208
early_access;early_access;C5;DEC_SOLAR;2035;0.0004802123324552;743.38;chained_to_2050;0.0004802123324552
early_access;early_access;C5;DEC_DIRECT_ELEC;2035;0.0002295237601465;42.16;retired_at_2050;0.0
early_access;early_access;C5;DEC_ELEC_COLD;2035;0.0079931813335508;510.64;chained_to_2050;0.0079931813335508
early_access;early_access;C5;GRID;2035;1.0;0.0;chained_to_2050;1.0
early_access;early_access;C5;HVAC_LINE;2035;0.3852932407441629;2.0;chained_to_2050;0.3852932407441629
early_access;early_access;C5;BATT_LI;2035;0.0817774744136756;322.39116;retired_at_2050;0.0
early_access;early_access;C5;DIESEL_STORAGE;2035;7.445228479986103;0.01;chained_to_2050;7.445228479986103
early_access;early_access;C5;JET_FUEL_STORAGE;2035;0.2735731133831302;0.01;chained_to_2050;0.2735731133831302
early_access;early_access;C5;GASOLINE_STORAGE;2035;6.891997936968012;0.01;chained_to_2050;6.891997936968012
early_access;early_access;C5;STOVE_WOOD;2035;0.000245483652968;53.65514911;retired_at_2050;0.0
early_access;early_access;C5;STOVE_LPG;2035;0.0120773280928571;52.20521443;retired_at_2050;0.0
early_access;early_access;C5;STOVE_NG;2035;0.0001005265925503;70.48592219;retired_at_2050;0.0
early_access;early_access;C5;STOVE_OIL;2035;0.0003428390351639;17.37818595;retired_at_2050;0.0
early_access;early_access;C5;STOVE_ELEC;2035;0.0035940525845111;20.60357726;retired_at_2050;0.0
early_access;early_access;C5;IND_BOILER_DIESEL;2035;6.009792743876715e-05;171.6964771;chained_to_2050;6.009792743876715e-05
early_access;early_access;C5;LPG_STORAGE;2035;2.213884242710604;0.01;chained_to_2050;2.213884242710604
early_access;early_access;C5;LED_BULB;2035;0.0002752770069772;0.60161002;retired_at_2050;0.0
early_access;early_access;C5;LED_LIGHT;2035;0.000199540740133;2187.69928;retired_at_2050;0.0
early_access;early_access;C5;REFRIGERATOR_EL;2035;0.0006585627220359;5.96e-05;retired_at_2050;0.0
early_access;early_access;C5;COMM_MACHINERY_DIESEL;2035;6.139661921043918e-05;0.08519203;chained_to_2050;6.139661921043918e-05
early_access;early_access;C5;COMM_MACHINERY_EL;2035;6.139661921043918e-05;0.06278883;retired_at_2050;0.0
early_access;early_access;C5;IND_MACHINERY_EL;2035;0.0003768607705856;0.06278883;chained_to_2050;0.0003768607705856
early_access;early_access;C5;AGR_MACHINERY_DIESEL;2035;0.0004047022369903;0.14693009;chained_to_2050;0.0004047022369903
early_access;early_access;C5;FISH_MACHINERY_DIESEL;2035;0.1014287686531007;0.08519203;chained_to_2050;0.1014287686531007
early_access;early_access;C5;FISH_MACHINERY_EL;2035;0.0969551688185224;0.06278883;retired_at_2050;0.0
late_access;late_access;C1;PV_UTILITY;2035;0.0057872437054727;529.3257513599999;chained_to_2050;0.0057872437054727
late_access;late_access;C1;PV_HS;2035;7.389459499641895e-05;1774.5;chained_to_2050;7.389459499641895e-05
late_access;late_access;C1;GENSET_DIESEL;2035;0.0;384.6;chained_to_2050;0.0
late_access;late_access;C1;HS_DIESEL;2035;1.437882818164887e-05;1302.41;retired_at_2050;0.0
late_access;late_access;C1;IND_BOILER_WOOD;2035;0.0003044147206988;126.7;chained_to_2050;0.0003044147206988
late_access;late_access;C1;IND_BOILER_OIL;2035;7.12040237734819e-05;60.34;chained_to_2050;7.12040237734819e-05
late_access;late_access;C1;DEC_SOLAR;2035;0.0001156731030946;743.38;chained_to_2050;0.0001156731030946
late_access;late_access;C1;DEC_DIRECT_ELEC;2035;0.0001105877797354;42.16;retired_at_2050;0.0
late_access;late_access;C1;DEC_ELEC_COLD;2035;0.0033862995159358;510.64;chained_to_2050;0.0033862995159358
late_access;late_access;C1;GRID;2035;1.0;0.0;chained_to_2050;1.0
late_access;late_access;C1;BATT_HS;2035;5.387524023491093e-05;451.44;retired_at_2050;0.0
late_access;late_access;C1;DIESEL_STORAGE;2035;3.912045650817679;0.01;chained_to_2050;3.912045650817679
late_access;late_access;C1;JET_FUEL_STORAGE;2035;0.1437471679033178;0.01;chained_to_2050;0.1437471679033178
late_access;late_access;C1;GASOLINE_STORAGE;2035;3.621354351614265;0.01;chained_to_2050;3.621354351614265
late_access;late_access;C1;STOVE_WOOD;2035;0.0041053049564687;53.65514911;retired_at_2050;0.0
late_access;late_access;C1;STOVE_LPG;2035;0.010373703031526;52.20521443;retired_at_2050;0.0
late_access;late_access;C1;STOVE_NG;2035;5.282102761992208e-05;70.48592219;retired_at_2050;0.0
late_access;late_access;C1;STOVE_OIL;2035;0.0001801424845521;17.37818595;retired_at_2050;0.0
late_access;late_access;C1;STOVE_ELEC;2035;0.0004478388601915;20.60357726;retired_at_2050;0.0
late_access;late_access;C1;IND_BOILER_DIESEL;2035;3.157805516539692e-05;171.6964771;chained_to_2050;3.157805516539692e-05
late_access;late_access;C1;LPG_STORAGE;2035;0.1154379955604057;0.01;chained_to_2050;0.1154379955604057
late_access;late_access;C1;LED_BULB;2035;0.0001334094292747;0.60161002;retired_at_2050;0.0
late_access;late_access;C1;LED_LIGHT;2035;0.000108829070196;2187.69928;retired_at_2050;0.0
late_access;late_access;C1;REFRIGERATOR_EL;2035;0.0003432953221445;5.96e-05;retired_at_2050;0.0
late_access;late_access;C1;COMM_MACHINERY_EL;2035;1.790898426148812e-05;0.06278883;retired_at_2050;0.0
late_access;late_access;C1;IND_MACHINERY_EL;2035;7.643146379104305e-05;0.06278883;chained_to_2050;7.643146379104305e-05
late_access;late_access;C1;AGR_MACHINERY_DIESEL;2035;0.0002126480913715;0.14693009;chained_to_2050;0.0002126480913715
late_access;late_access;C1;FISH_MACHINERY_DIESEL;2035;0.0532950700363054;0.08519203;chained_to_2050;0.0532950700363054
late_access;late_access;C1;FISH_MACHINERY_EL;2035;0.0509444468387224;0.06278883;retired_at_2050;0.0
late_access;late_access;C2;PV_UTILITY;2035;0.004381537148433;529.3257513599999;chained_to_2050;0.004381537148433
late_access;late_access;C2;GENSET_DIESEL;2035;0.0;384.6;chained_to_2050;0.0
late_access;late_access;C2;IND_BOILER_WOOD;2035;2.98533389582351e-05;126.7;chained_to_2050;2.98533389582351e-05
late_access;late_access;C2;DEC_SOLAR;2035;2.003080789233137e-05;743.38;chained_to_2050;2.003080789233137e-05
late_access;late_access;C2;DEC_DIRECT_ELEC;2035;1.084512097674765e-05;42.16;retired_at_2050;0.0
late_access;late_access;C2;DEC_ELEC_COLD;2035;0.0002609811595142;510.64;chained_to_2050;0.0002609811595142
late_access;late_access;C2;GRID;2035;1.0;0.0;chained_to_2050;1.0
late_access;late_access;C2;HVAC_LINE;2035;0.0067965810475196;2.0;chained_to_2050;0.0067965810475196
late_access;late_access;C2;BATT_LI;2035;0.00428569384309;322.39116;retired_at_2050;0.0
late_access;late_access;C2;DIESEL_STORAGE;2035;0.3836464431347247;0.01;chained_to_2050;0.3836464431347247
late_access;late_access;C2;JET_FUEL_STORAGE;2035;0.0140969954339032;0.01;chained_to_2050;0.0140969954339032
late_access;late_access;C2;GASOLINE_STORAGE;2035;0.3551389325011788;0.01;chained_to_2050;0.3551389325011788
late_access;late_access;C2;STOVE_WOOD;2035;0.0002782148066971;53.65514911;retired_at_2050;0.0
late_access;late_access;C2;STOVE_LPG;2035;0.0004101397287491;52.20521443;retired_at_2050;0.0
late_access;late_access;C2;STOVE_OIL;2035;1.766621088418493e-05;17.37818595;retired_at_2050;0.0
late_access;late_access;C2;STOVE_ELEC;2035;0.0004073401401569;20.60357726;retired_at_2050;0.0
late_access;late_access;C2;LPG_STORAGE;2035;0.199482381737367;0.01;chained_to_2050;0.199482381737367
late_access;late_access;C2;LED_BULB;2035;1.030320323722053e-05;0.60161002;retired_at_2050;0.0
late_access;late_access;C2;REFRIGERATOR_EL;2035;2.428160982353371e-05;5.96e-05;retired_at_2050;0.0
late_access;late_access;C2;AGR_MACHINERY_DIESEL;2035;2.085397032037124e-05;0.14693009;chained_to_2050;2.085397032037124e-05
late_access;late_access;C2;FISH_MACHINERY_DIESEL;2035;0.0052265402505645;0.08519203;chained_to_2050;0.0052265402505645
late_access;late_access;C2;FISH_MACHINERY_EL;2035;0.0049960193647169;0.06278883;retired_at_2050;0.0
late_access;late_access;C3;PV_UTILITY;2035;0.1123678635885181;529.3257513599999;chained_to_2050;0.1123678635885181
late_access;late_access;C3;PV_HS;2035;6.554571850218617e-05;1774.5;chained_to_2050;6.554571850218617e-05
late_access;late_access;C3;GENSET_DIESEL;pre-2035;0.05333;384.6;retired_at_2050;0.0
late_access;late_access;C3;GENSET_DIESEL;2035;0.0;384.6;chained_to_2050;0.0
late_access;late_access;C3;IND_BOILER_WOOD;2035;0.0015000372236146;126.7;chained_to_2050;0.0015000372236146
late_access;late_access;C3;IND_BOILER_OIL;2035;0.0003508657067771;60.34;chained_to_2050;0.0003508657067771
late_access;late_access;C3;DEC_BOILER_GAS;2035;1.397034667593121e-05;174.39;chained_to_2050;1.397034667593121e-05
late_access;late_access;C3;DEC_SOLAR;2035;0.0007803779194424;743.38;chained_to_2050;0.0007803779194424
late_access;late_access;C3;DEC_DIRECT_ELEC;2035;0.0005449335225947;42.16;retired_at_2050;0.0
late_access;late_access;C3;DEC_ELEC_COLD;2035;0.0142948280555632;510.64;chained_to_2050;0.0142948280555632
late_access;late_access;C3;GRID;2035;1.0;0.0;chained_to_2050;1.0
late_access;late_access;C3;HVAC_LINE;2035;0.0750808171357979;2.0;chained_to_2050;0.0750808171357979
late_access;late_access;C3;BATT_LI;2035;0.1440825941928554;322.39116;retired_at_2050;0.0
late_access;late_access;C3;BATT_HS;2035;3.277285925109309e-05;451.44;retired_at_2050;0.0
late_access;late_access;C3;DIESEL_STORAGE;2035;19.27703786214855;0.01;chained_to_2050;19.27703786214855
late_access;late_access;C3;JET_FUEL_STORAGE;2035;0.7083300773010399;0.01;chained_to_2050;0.7083300773010399
late_access;late_access;C3;GASOLINE_STORAGE;2035;17.84462431662407;0.01;chained_to_2050;17.84462431662407
late_access;late_access;C3;STOVE_WOOD;2035;0.0057394078063926;53.65514911;retired_at_2050;0.0
late_access;late_access;C3;STOVE_LPG;2035;0.0292475816110602;52.20521443;retired_at_2050;0.0
late_access;late_access;C3;STOVE_NG;2035;0.0002602814589175;70.48592219;retired_at_2050;0.0
late_access;late_access;C3;STOVE_OIL;2035;0.0008876720276943;17.37818595;retired_at_2050;0.0
late_access;late_access;C3;STOVE_ELEC;2035;0.0100762758686823;20.60357726;retired_at_2050;0.0
late_access;late_access;C3;IND_BOILER_DIESEL;2035;0.000155604361342;171.6964771;chained_to_2050;0.000155604361342
late_access;late_access;C3;LPG_STORAGE;2035;4.854792261767914;0.01;chained_to_2050;4.854792261767914
late_access;late_access;C3;LED_BULB;2035;0.0005335120757734;0.60161002;retired_at_2050;0.0
late_access;late_access;C3;LED_LIGHT;2035;0.0004463537967962;2187.69928;retired_at_2050;0.0
late_access;late_access;C3;REFRIGERATOR_EL;2035;0.0013580715146054;5.96e-05;retired_at_2050;0.0
late_access;late_access;C3;COMM_MACHINERY_DIESEL;2035;9.256921041128016e-05;0.08519203;chained_to_2050;9.256921041128016e-05
late_access;late_access;C3;COMM_MACHINERY_EL;2035;9.256921041128016e-05;0.06278883;retired_at_2050;0.0
late_access;late_access;C3;IND_MACHINERY_EL;2035;0.0007272627178635;0.06278883;chained_to_2050;0.0007272627178635
late_access;late_access;C3;AGR_MACHINERY_DIESEL;2035;0.0010478470024567;0.14693009;chained_to_2050;0.0010478470024567
late_access;late_access;C3;FISH_MACHINERY_DIESEL;2035;0.2626173553831055;0.08519203;chained_to_2050;0.2626173553831055
late_access;late_access;C3;FISH_MACHINERY_EL;2035;0.2510343994505795;0.06278883;retired_at_2050;0.0
late_access;late_access;C4;PV_UTILITY;pre-2035;0.0004;882.2095856;retired_at_2050;0.0
late_access;late_access;C4;PV_UTILITY;2035;0.0613018939158748;529.3257513599999;chained_to_2050;0.0613018939158748
late_access;late_access;C4;PV_HS;2035;0.000159122974409;1774.5;chained_to_2050;0.000159122974409
late_access;late_access;C4;GENSET_DIESEL;pre-2035;0.00742;384.6;retired_at_2050;0.0
late_access;late_access;C4;GENSET_DIESEL;2035;0.0;384.6;chained_to_2050;0.0
late_access;late_access;C4;IND_BOILER_WOOD;2035;0.0005863463781422;126.7;chained_to_2050;0.0005863463781422
late_access;late_access;C4;IND_BOILER_OIL;2035;0.0001371491541305;60.34;chained_to_2050;0.0001371491541305
late_access;late_access;C4;DEC_SOLAR;2035;0.0003094149144946;743.38;chained_to_2050;0.0003094149144946
late_access;late_access;C4;DEC_DIRECT_ELEC;2035;0.0002130079122515;42.16;retired_at_2050;0.0
late_access;late_access;C4;DEC_ELEC_COLD;2035;0.0071999950731557;510.64;chained_to_2050;0.0071999950731557
late_access;late_access;C4;GRID;2035;1.0;0.0;chained_to_2050;1.0
late_access;late_access;C4;HVAC_LINE;2035;0.451495017135798;2.0;chained_to_2050;0.451495017135798
late_access;late_access;C4;BATT_LI;2035;0.0797010986282789;322.39116;retired_at_2050;0.0
late_access;late_access;C4;BATT_HS;2035;7.956148720452236e-05;451.44;retired_at_2050;0.0
late_access;late_access;C4;DIESEL_STORAGE;2035;7.535160563912947;0.01;chained_to_2050;7.535160563912947
late_access;late_access;C4;JET_FUEL_STORAGE;2035;0.2768776459786088;0.01;chained_to_2050;0.2768776459786088
late_access;late_access;C4;GASOLINE_STORAGE;2035;6.975247462292479;0.01;chained_to_2050;6.975247462292479
late_access;late_access;C4;STOVE_WOOD;2035;0.0047255603196347;53.65514911;retired_at_2050;0.0
late_access;late_access;C4;STOVE_LPG;2035;0.0118167051143121;52.20521443;retired_at_2050;0.0
late_access;late_access;C4;STOVE_NG;2035;0.0001017408690473;70.48592219;retired_at_2050;0.0
late_access;late_access;C4;STOVE_OIL;2035;0.0003469802417053;17.37818595;retired_at_2050;0.0
late_access;late_access;C4;STOVE_ELEC;2035;0.0052708910954946;20.60357726;retired_at_2050;0.0
late_access;late_access;C4;IND_BOILER_DIESEL;2035;6.082385974141995e-05;171.6964771;chained_to_2050;6.082385974141995e-05
late_access;late_access;C4;LPG_STORAGE;2035;2.693932598140399;0.01;chained_to_2050;2.693932598140399
late_access;late_access;C4;LED_BULB;2035;0.0002736510068075;0.60161002;retired_at_2050;0.0
late_access;late_access;C4;LED_LIGHT;2035;0.0001343292285832;2187.69928;retired_at_2050;0.0
late_access;late_access;C4;REFRIGERATOR_EL;2035;0.0006946285134162;5.96e-05;retired_at_2050;0.0
late_access;late_access;C4;COMM_MACHINERY_DIESEL;2035;4.360500564272792e-05;0.08519203;chained_to_2050;4.360500564272792e-05
late_access;late_access;C4;COMM_MACHINERY_EL;2035;4.360500564272792e-05;0.06278883;retired_at_2050;0.0
late_access;late_access;C4;IND_MACHINERY_EL;2035;0.0001590720323507;0.06278883;chained_to_2050;0.0001590720323507
late_access;late_access;C4;AGR_MACHINERY_DIESEL;2035;0.0004095906988609;0.14693009;chained_to_2050;0.0004095906988609
late_access;late_access;C4;FISH_MACHINERY_DIESEL;2035;0.1026539426769238;0.08519203;chained_to_2050;0.1026539426769238
late_access;late_access;C4;FISH_MACHINERY_EL;2035;0.0981263055274586;0.06278883;retired_at_2050;0.0
late_access;late_access;C5;PV_UTILITY;pre-2035;0.0051;882.2095856;retired_at_2050;0.0
late_access;late_access;C5;PV_UTILITY;2035;0.0465470904526958;529.3257513599999;chained_to_2050;0.0465470904526958
late_access;late_access;C5;GENSET_DIESEL;pre-2035;0.02736;384.6;retired_at_2050;0.0
late_access;late_access;C5;GENSET_DIESEL;2035;0.0;384.6;chained_to_2050;0.0
late_access;late_access;C5;IND_BOILER_WOOD;2035;0.0005793483385859;126.7;chained_to_2050;0.0005793483385859
late_access;late_access;C5;IND_BOILER_OIL;2035;0.0001355122800208;60.34;chained_to_2050;0.0001355122800208
late_access;late_access;C5;DEC_SOLAR;2035;0.0004730794178041;743.38;chained_to_2050;0.0004730794178041
late_access;late_access;C5;DEC_DIRECT_ELEC;2035;0.0002272436898137;42.16;retired_at_2050;0.0
late_access;late_access;C5;DEC_ELEC_COLD;2035;0.0078738685383213;510.64;chained_to_2050;0.0078738685383213
late_access;late_access;C5;GRID;2035;1.0;0.0;chained_to_2050;1.0
late_access;late_access;C5;HVAC_LINE;2035;0.3832107810475197;2.0;chained_to_2050;0.3832107810475197
late_access;late_access;C5;BATT_LI;2035;0.0813232169610114;322.39116;retired_at_2050;0.0
late_access;late_access;C5;DIESEL_STORAGE;2035;7.445228479986103;0.01;chained_to_2050;7.445228479986103
late_access;late_access;C5;JET_FUEL_STORAGE;2035;0.2735731133831302;0.01;chained_to_2050;0.2735731133831302
late_access;late_access;C5;GASOLINE_STORAGE;2035;6.891997936968012;0.01;chained_to_2050;6.891997936968012
late_access;late_access;C5;STOVE_WOOD;2035;0.000245483652968;53.65514911;retired_at_2050;0.0
late_access;late_access;C5;STOVE_LPG;2035;0.0120254258800608;52.20521443;retired_at_2050;0.0
late_access;late_access;C5;STOVE_NG;2035;0.0001005265925503;70.48592219;retired_at_2050;0.0
late_access;late_access;C5;STOVE_OIL;2035;0.0003428390351639;17.37818595;retired_at_2050;0.0
late_access;late_access;C5;STOVE_ELEC;2035;0.0036388071797169;20.60357726;retired_at_2050;0.0
late_access;late_access;C5;IND_BOILER_DIESEL;2035;6.009792743876715e-05;171.6964771;chained_to_2050;6.009792743876715e-05
late_access;late_access;C5;LPG_STORAGE;2035;2.290991353055766;0.01;chained_to_2050;2.290991353055766
late_access;late_access;C5;LED_BULB;2035;0.0002725977478064;0.60161002;retired_at_2050;0.0
late_access;late_access;C5;LED_LIGHT;2035;0.0001972648020207;2187.69928;retired_at_2050;0.0
late_access;late_access;C5;REFRIGERATOR_EL;2035;0.0006458073310476;5.96e-05;retired_at_2050;0.0
late_access;late_access;C5;COMM_MACHINERY_DIESEL;2035;6.1082109920643e-05;0.08519203;chained_to_2050;6.1082109920643e-05
late_access;late_access;C5;COMM_MACHINERY_EL;2035;6.1082109920643e-05;0.06278883;retired_at_2050;0.0
late_access;late_access;C5;IND_MACHINERY_EL;2035;0.0003770229440935;0.06278883;chained_to_2050;0.0003770229440935
late_access;late_access;C5;AGR_MACHINERY_DIESEL;2035;0.0004047022369903;0.14693009;chained_to_2050;0.0004047022369903
late_access;late_access;C5;FISH_MACHINERY_DIESEL;2035;0.1014287686531007;0.08519203;chained_to_2050;0.1014287686531007
late_access;late_access;C5;FISH_MACHINERY_EL;2035;0.0969551688185224;0.06278883;retired_at_2050;0.0
early_access_brazil;early_access;C1;PV_UTILITY;2035;0.0077439048398129;529.3257513599999;chained_to_2050;0.0077439048398129
early_access_brazil;early_access;C1;PV_HS;2035;7.449898433036269e-05;1774.5;chained_to_2050;7.449898433036269e-05
early_access_brazil;early_access;C1;GENSET_DIESEL;2035;0.0;384.6;chained_to_2050;0.0
early_access_brazil;early_access;C1;HS_DIESEL;2035;1.428693927431801e-05;1302.41;retired_at_2050;0.0
early_access_brazil;early_access;C1;IND_BOILER_WOOD;2035;0.0003044147206988;126.7;chained_to_2050;0.0003044147206988
early_access_brazil;early_access;C1;IND_BOILER_OIL;2035;7.12040237734819e-05;60.34;chained_to_2050;7.12040237734819e-05
early_access_brazil;early_access;C1;DEC_SOLAR;2035;0.0001384096918028;743.38;chained_to_2050;0.0001384096918028
early_access_brazil;early_access;C1;DEC_DIRECT_ELEC;2035;0.0001105877797354;42.16;retired_at_2050;0.0
early_access_brazil;early_access;C1;DEC_ELEC_COLD;2035;0.0046547770732241;510.64;chained_to_2050;0.0046547770732241
early_access_brazil;early_access;C1;GRID;2035;1.0;0.0;chained_to_2050;1.0
early_access_brazil;early_access;C1;BATT_HS;2035;5.473163860552396e-05;451.44;retired_at_2050;0.0
early_access_brazil;early_access;C1;DIESEL_STORAGE;2035;3.912045650817679;0.01;chained_to_2050;3.912045650817679
early_access_brazil;early_access;C1;JET_FUEL_STORAGE;2035;0.1437471679033178;0.01;chained_to_2050;0.1437471679033178
early_access_brazil;early_access;C1;GASOLINE_STORAGE;2035;3.621354351614265;0.01;chained_to_2050;3.621354351614265
early_access_brazil;early_access;C1;STOVE_WOOD;2035;0.0041053049564687;53.65514911;retired_at_2050;0.0
early_access_brazil;early_access;C1;STOVE_LPG;2035;0.0103692817175324;52.20521443;retired_at_2050;0.0
early_access_brazil;early_access;C1;STOVE_NG;2035;5.282102761992208e-05;70.48592219;retired_at_2050;0.0
early_access_brazil;early_access;C1;STOVE_OIL;2035;0.0001801424845521;17.37818595;retired_at_2050;0.0
early_access_brazil;early_access;C1;STOVE_ELEC;2035;0.0005943958904363;20.60357726;retired_at_2050;0.0
early_access_brazil;early_access;C1;IND_BOILER_DIESEL;2035;3.157805516539692e-05;171.6964771;chained_to_2050;3.157805516539692e-05
early_access_brazil;early_access;C1;LPG_STORAGE;2035;0.1562509030629871;0.01;chained_to_2050;0.1562509030629871
early_access_brazil;early_access;C1;LED_BULB;2035;0.0001650900405416;0.60161002;retired_at_2050;0.0
early_access_brazil;early_access;C1;LED_LIGHT;2035;0.0001382489334931;2187.69928;retired_at_2050;0.0
early_access_brazil;early_access;C1;REFRIGERATOR_EL;2035;0.0004701184727272;5.96e-05;retired_at_2050;0.0
early_access_brazil;early_access;C1;COMM_MACHINERY_EL;2035;1.368527067576975e-05;0.06278883;retired_at_2050;0.0
early_access_brazil;early_access;C1;IND_MACHINERY_EL;2035;7.359551007660223e-05;0.06278883;chained_to_2050;7.359551007660223e-05
early_access_brazil;early_access;C1;AGR_MACHINERY_DIESEL;2035;0.0002126480913715;0.14693009;chained_to_2050;0.0002126480913715
early_access_brazil;early_access;C1;FISH_MACHINERY_DIESEL;2035;0.0532950700363054;0.08519203;chained_to_2050;0.0532950700363054
early_access_brazil;early_access;C1;FISH_MACHINERY_EL;2035;0.0509444468387224;0.06278883;retired_at_2050;0.0
early_access_brazil;early_access;C2;PV_UTILITY;2035;0.0058616109274567;529.3257513599999;chained_to_2050;0.0058616109274567
early_access_brazil;early_access;C2;GENSET_DIESEL;2035;0.0;384.6;chained_to_2050;0.0
early_access_brazil;early_access;C2;IND_BOILER_WOOD;2035;2.98533389582351e-05;126.7;chained_to_2050;2.98533389582351e-05
early_access_brazil;early_access;C2;DEC_SOLAR;2035;2.727636747184023e-05;743.38;chained_to_2050;2.727636747184023e-05
early_access_brazil;early_access;C2;DEC_DIRECT_ELEC;2035;1.253568676271171e-05;42.16;retired_at_2050;0.0
early_access_brazil;early_access;C2;DEC_ELEC_COLD;2035;0.0004074657295603;510.64;chained_to_2050;0.0004074657295603
early_access_brazil;early_access;C2;GRID;2035;1.0;0.0;chained_to_2050;1.0
early_access_brazil;early_access;C2;HVAC_LINE;2035;0.0088790407441629;2.0;chained_to_2050;0.0088790407441629
early_access_brazil;early_access;C2;BATT_LI;2035;0.0057120008001704;322.39116;retired_at_2050;0.0
early_access_brazil;early_access;C2;DIESEL_STORAGE;2035;0.3836464431347247;0.01;chained_to_2050;0.3836464431347247
early_access_brazil;early_access;C2;JET_FUEL_STORAGE;2035;0.0140969954339032;0.01;chained_to_2050;0.0140969954339032
early_access_brazil;early_access;C2;GASOLINE_STORAGE;2035;0.3551389325011788;0.01;chained_to_2050;0.3551389325011788
early_access_brazil;early_access;C2;STOVE_WOOD;2035;0.0002782148066971;53.65514911;retired_at_2050;0.0
early_access_brazil;early_access;C2;STOVE_LPG;2035;0.0004083694054394;52.20521443;retired_at_2050;0.0
early_access_brazil;early_access;C2;STOVE_OIL;2035;1.766621088418493e-05;17.37818595;retired_at_2050;0.0
early_access_brazil;early_access;C2;STOVE_ELEC;2035;0.0004136053312493;20.60357726;retired_at_2050;0.0
early_access_brazil;early_access;C2;LPG_STORAGE;2035;0.2045017770686499;0.01;chained_to_2050;0.2045017770686499
early_access_brazil;early_access;C2;LED_BULB;2035;1.415378068876965e-05;0.60161002;retired_at_2050;0.0
early_access_brazil;early_access;C2;REFRIGERATOR_EL;2035;3.298219384922108e-05;5.96e-05;retired_at_2050;0.0
early_access_brazil;early_access;C2;AGR_MACHINERY_DIESEL;2035;2.085397032037124e-05;0.14693009;chained_to_2050;2.085397032037124e-05
early_access_brazil;early_access;C2;FISH_MACHINERY_DIESEL;2035;0.0052265402505645;0.08519203;chained_to_2050;0.0052265402505645
early_access_brazil;early_access;C2;FISH_MACHINERY_EL;2035;0.0049960193647169;0.06278883;retired_at_2050;0.0
early_access_brazil;early_access;C3;PV_UTILITY;2035;0.1200540301563421;529.3257513599999;chained_to_2050;0.1200540301563421
early_access_brazil;early_access;C3;PV_HS;2035;6.559086615024808e-05;1774.5;chained_to_2050;6.559086615024808e-05
early_access_brazil;early_access;C3;GENSET_DIESEL;pre-2035;0.05333;384.6;retired_at_2050;0.0
early_access_brazil;early_access;C3;GENSET_DIESEL;2035;0.0;384.6;chained_to_2050;0.0
early_access_brazil;early_access;C3;IND_BOILER_WOOD;2035;0.0015000372236146;126.7;chained_to_2050;0.0015000372236146
early_access_brazil;early_access;C3;IND_BOILER_OIL;2035;0.0003508657067771;60.34;chained_to_2050;0.0003508657067771
early_access_brazil;early_access;C3;DEC_BOILER_GAS;2035;1.397034667593121e-05;174.39;chained_to_2050;1.397034667593121e-05
early_access_brazil;early_access;C3;DEC_SOLAR;2035;0.0008323374912979;743.38;chained_to_2050;0.0008323374912979
early_access_brazil;early_access;C3;DEC_DIRECT_ELEC;2035;0.0005449335225947;42.16;retired_at_2050;0.0
early_access_brazil;early_access;C3;DEC_ELEC_COLD;2035;0.0158651997272704;510.64;chained_to_2050;0.0158651997272704
early_access_brazil;early_access;C3;GRID;2035;1.0;0.0;chained_to_2050;1.0
early_access_brazil;early_access;C3;HVAC_LINE;2035;0.1246471223713584;2.0;chained_to_2050;0.1246471223713584
early_access_brazil;early_access;C3;BATT_LI;2035;0.152523945788901;322.39116;retired_at_2050;0.0
early_access_brazil;early_access;C3;BATT_HS;2035;3.279543307512404e-05;451.44;retired_at_2050;0.0
early_access_brazil;early_access;C3;DIESEL_STORAGE;2035;19.27703786214855;0.01;chained_to_2050;19.27703786214855
early_access_brazil;early_access;C3;JET_FUEL_STORAGE;2035;0.7083300773010399;0.01;chained_to_2050;0.7083300773010399
early_access_brazil;early_access;C3;GASOLINE_STORAGE;2035;17.84462431662407;0.01;chained_to_2050;17.84462431662407
early_access_brazil;early_access;C3;STOVE_WOOD;2035;0.0057394078063926;53.65514911;retired_at_2050;0.0
early_access_brazil;early_access;C3;STOVE_LPG;2035;0.029666882137435;52.20521443;retired_at_2050;0.0
early_access_brazil;early_access;C3;STOVE_NG;2035;0.0002602814589175;70.48592219;retired_at_2050;0.0
early_access_brazil;early_access;C3;STOVE_OIL;2035;0.0008876720276943;17.37818595;retired_at_2050;0.0
early_access_brazil;early_access;C3;STOVE_ELEC;2035;0.0097283667686965;20.60357726;retired_at_2050;0.0
early_access_brazil;early_access;C3;IND_BOILER_DIESEL;2035;0.000155604361342;171.6964771;chained_to_2050;0.000155604361342
early_access_brazil;early_access;C3;LPG_STORAGE;2035;4.999934081757853;0.01;chained_to_2050;4.999934081757853
early_access_brazil;early_access;C3;LED_BULB;2035;0.0005706018247947;0.60161002;retired_at_2050;0.0
early_access_brazil;early_access;C3;LED_LIGHT;2035;0.0004840687910998;2187.69928;retired_at_2050;0.0
early_access_brazil;early_access;C3;REFRIGERATOR_EL;2035;0.0015630820128696;5.96e-05;retired_at_2050;0.0
early_access_brazil;early_access;C3;COMM_MACHINERY_DIESEL;2035;9.361679163121125e-05;0.08519203;chained_to_2050;9.361679163121125e-05
early_access_brazil;early_access;C3;COMM_MACHINERY_EL;2035;9.361679163121125e-05;0.06278883;retired_at_2050;0.0
early_access_brazil;early_access;C3;IND_MACHINERY_EL;2035;0.0007247720200517;0.06278883;chained_to_2050;0.0007247720200517
early_access_brazil;early_access;C3;AGR_MACHINERY_DIESEL;2035;0.0010478470024567;0.14693009;chained_to_2050;0.0010478470024567
early_access_brazil;early_access;C3;FISH_MACHINERY_DIESEL;2035;0.2626173553831055;0.08519203;chained_to_2050;0.2626173553831055
early_access_brazil;early_access;C3;FISH_MACHINERY_EL;2035;0.2510343994505795;0.06278883;retired_at_2050;0.0
early_access_brazil;early_access;C4;PV_UTILITY;pre-2035;0.0004;882.2095856;retired_at_2050;0.0
early_access_brazil;early_access;C4;PV_UTILITY;2035;0.0775308556287209;529.3257513599999;chained_to_2050;0.0775308556287209
early_access_brazil;early_access;C4;PV_HS;2035;0.0001579208647872;1774.5;chained_to_2050;0.0001579208647872
early_access_brazil;early_access;C4;GENSET_DIESEL;pre-2035;0.00742;384.6;retired_at_2050;0.0
early_access_brazil;early_access;C4;GENSET_DIESEL;2035;0.0;384.6;chained_to_2050;0.0
early_access_brazil;early_access;C4;IND_BOILER_WOOD;2035;0.0005863463781422;126.7;chained_to_2050;0.0005863463781422
early_access_brazil;early_access;C4;IND_BOILER_OIL;2035;0.0001371491541305;60.34;chained_to_2050;0.0001371491541305
early_access_brazil;early_access;C4;DEC_SOLAR;2035;0.0003493863281736;743.38;chained_to_2050;0.0003493863281736
early_access_brazil;early_access;C4;DEC_DIRECT_ELEC;2035;0.0002130079122515;42.16;retired_at_2050;0.0
early_access_brazil;early_access;C4;DEC_ELEC_COLD;2035;0.0093971598739296;510.64;chained_to_2050;0.0093971598739296
early_access_brazil;early_access;C4;GRID;2035;1.0;0.0;chained_to_2050;1.0
early_access_brazil;early_access;C4;HVAC_LINE;2035;0.5010613223713585;2.0;chained_to_2050;0.5010613223713585
early_access_brazil;early_access;C4;BATT_LI;2035;0.1083743618309609;322.39116;retired_at_2050;0.0
early_access_brazil;early_access;C4;BATT_HS;2035;7.896043239363926e-05;451.44;retired_at_2050;0.0
early_access_brazil;early_access;C4;DIESEL_STORAGE;2035;7.535160563912947;0.01;chained_to_2050;7.535160563912947
early_access_brazil;early_access;C4;JET_FUEL_STORAGE;2035;0.2768776459786088;0.01;chained_to_2050;0.2768776459786088
early_access_brazil;early_access;C4;GASOLINE_STORAGE;2035;6.975247462292479;0.01;chained_to_2050;6.975247462292479
early_access_brazil;early_access;C4;STOVE_WOOD;2035;0.0047255603196347;53.65514911;retired_at_2050;0.0
early_access_brazil;early_access;C4;STOVE_LPG;2035;0.011367188313153;52.20521443;retired_at_2050;0.0
early_access_brazil;early_access;C4;STOVE_NG;2035;0.0001017408690473;70.48592219;retired_at_2050;0.0
early_access_brazil;early_access;C4;STOVE_OIL;2035;0.0003469802417053;17.37818595;retired_at_2050;0.0
early_access_brazil;early_access;C4;STOVE_ELEC;2035;0.005791018217126;20.60357726;retired_at_2050;0.0
early_access_brazil;early_access;C4;IND_BOILER_DIESEL;2035;6.082385974141995e-05;171.6964771;chained_to_2050;6.082385974141995e-05
early_access_brazil;early_access;C4;LPG_STORAGE;2035;2.842210425664253;0.01;chained_to_2050;2.842210425664253
early_access_brazil;early_access;C4;LED_BULB;2035;0.0003302752703837;0.60161002;retired_at_2050;0.0
early_access_brazil;early_access;C4;LED_LIGHT;2035;0.0001622462569823;2187.69928;retired_at_2050;0.0
early_access_brazil;early_access;C4;REFRIGERATOR_EL;2035;0.0009546867280772;5.96e-05;retired_at_2050;0.0
early_access_brazil;early_access;C4;COMM_MACHINERY_DIESEL;2035;4.224486830700116e-05;0.08519203;chained_to_2050;4.224486830700116e-05
early_access_brazil;early_access;C4;COMM_MACHINERY_EL;2035;4.224486830700116e-05;0.06278883;retired_at_2050;0.0
early_access_brazil;early_access;C4;IND_MACHINERY_EL;2035;0.0001557099170197;0.06278883;chained_to_2050;0.0001557099170197
early_access_brazil;early_access;C4;AGR_MACHINERY_DIESEL;2035;0.0004095906988609;0.14693009;chained_to_2050;0.0004095906988609
early_access_brazil;early_access;C4;FISH_MACHINERY_DIESEL;2035;0.1026539426769238;0.08519203;chained_to_2050;0.1026539426769238
early_access_brazil;early_access;C4;FISH_MACHINERY_EL;2035;0.0981263055274586;0.06278883;retired_at_2050;0.0
early_access_brazil;early_access;C5;PV_UTILITY;pre-2035;0.0051;882.2095856;retired_at_2050;0.0
early_access_brazil;early_access;C5;PV_UTILITY;2035;0.0479320488755459;529.3257513599999;chained_to_2050;0.0479320488755459
early_access_brazil;early_access;C5;GENSET_DIESEL;pre-2035;0.02736;384.6;retired_at_2050;0.0
early_access_brazil;early_access;C5;GENSET_DIESEL;2035;0.0;384.6;chained_to_2050;0.0
early_access_brazil;early_access;C5;IND_BOILER_WOOD;2035;0.0005793483385859;126.7;chained_to_2050;0.0005793483385859
early_access_brazil;early_access;C5;IND_BOILER_OIL;2035;0.0001355122800208;60.34;chained_to_2050;0.0001355122800208
early_access_brazil;early_access;C5;DEC_SOLAR;2035;0.0004802123324552;743.38;chained_to_2050;0.0004802123324552
early_access_brazil;early_access;C5;DEC_DIRECT_ELEC;2035;0.0002295237601465;42.16;retired_at_2050;0.0
early_access_brazil;early_access;C5;DEC_ELEC_COLD;2035;0.0079931813335508;510.64;chained_to_2050;0.0079931813335508
early_access_brazil;early_access;C5;GRID;2035;1.0;0.0;chained_to_2050;1.0
early_access_brazil;early_access;C5;HVAC_LINE;2035;0.3852932407441629;2.0;chained_to_2050;0.3852932407441629
early_access_brazil;early_access;C5;BATT_LI;2035;0.0817774744136756;322.39116;retired_at_2050;0.0
early_access_brazil;early_access;C5;DIESEL_STORAGE;2035;7.445228479986103;0.01;chained_to_2050;7.445228479986103
early_access_brazil;early_access;C5;JET_FUEL_STORAGE;2035;0.2735731133831302;0.01;chained_to_2050;0.2735731133831302
early_access_brazil;early_access;C5;GASOLINE_STORAGE;2035;6.891997936968012;0.01;chained_to_2050;6.891997936968012
early_access_brazil;early_access;C5;STOVE_WOOD;2035;0.000245483652968;53.65514911;retired_at_2050;0.0
early_access_brazil;early_access;C5;STOVE_LPG;2035;0.0120773280928571;52.20521443;retired_at_2050;0.0
early_access_brazil;early_access;C5;STOVE_NG;2035;0.0001005265925503;70.48592219;retired_at_2050;0.0
early_access_brazil;early_access;C5;STOVE_OIL;2035;0.0003428390351639;17.37818595;retired_at_2050;0.0
early_access_brazil;early_access;C5;STOVE_ELEC;2035;0.0035940525845111;20.60357726;retired_at_2050;0.0
early_access_brazil;early_access;C5;IND_BOILER_DIESEL;2035;6.009792743876715e-05;171.6964771;chained_to_2050;6.009792743876715e-05
early_access_brazil;early_access;C5;LPG_STORAGE;2035;2.213884242710604;0.01;chained_to_2050;2.213884242710604
early_access_brazil;early_access;C5;LED_BULB;2035;0.0002752770069772;0.60161002;retired_at_2050;0.0
early_access_brazil;early_access;C5;LED_LIGHT;2035;0.000199540740133;2187.69928;retired_at_2050;0.0
early_access_brazil;early_access;C5;REFRIGERATOR_EL;2035;0.0006585627220359;5.96e-05;retired_at_2050;0.0
early_access_brazil;early_access;C5;COMM_MACHINERY_DIESEL;2035;6.139661921043918e-05;0.08519203;chained_to_2050;6.139661921043918e-05
early_access_brazil;early_access;C5;COMM_MACHINERY_EL;2035;6.139661921043918e-05;0.06278883;retired_at_2050;0.0
early_access_brazil;early_access;C5;IND_MACHINERY_EL;2035;0.0003768607705856;0.06278883;chained_to_2050;0.0003768607705856
early_access_brazil;early_access;C5;AGR_MACHINERY_DIESEL;2035;0.0004047022369903;0.14693009;chained_to_2050;0.0004047022369903
early_access_brazil;early_access;C5;FISH_MACHINERY_DIESEL;2035;0.1014287686531007;0.08519203;chained_to_2050;0.1014287686531007
early_access_brazil;early_access;C5;FISH_MACHINERY_EL;2035;0.0969551688185224;0.06278883;retired_at_2050;0.0
