Cluster,Comunidad,Municipio_std,HH,distance_km,nearest_line_type,annual_extension_EUR_HH,annual_standalone_EUR_HH,dispersed,breakeven_distance_km
C1,EXALTACION,Exaltación,31.22878228782288,0.0466155111328188,SIN,19.04,2712.73,False,80.278
C1,BOCORONDO,Exaltación,1.007380073800738,6.621175174356837,SIN,6908.75,2712.73,True,2.59
C1,20 DE ENERO,Exaltación,9.066420664206642,9.23373335335436,SIN,1085.3,2712.73,False,23.307
C1,TROMPILLO,Exaltación,7.051660516605166,25.196975927875904,SIN,3763.88,2712.73,True,18.127
C1,PUERTO SANTIAGO,Exaltación,6.0442804428044274,26.13837843789098,SIN,4551.59,2712.73,True,15.538
C1,SAN CARLOS,Exaltación,23.16974169741697,38.88060115910172,SIN,1776.9,2712.73,False,59.561
C1,RANCHO GINEBRA,Exaltación,14.103321033210332,47.53665032392087,SIN,3551.46,2712.73,True,36.255
C1,NUEVO PARAISO,Exaltación,1.007380073800738,55.491363268560434,SIN,57772.55,2712.73,True,2.59
C1,ANA MARIA,Exaltación,1.007380073800738,57.97884882569683,SIN,60361.51,2712.73,True,2.59
C1,COOPERATIVA,Exaltación,8.059040590405903,59.63582981686783,SIN,7776.05,2712.73,True,20.717
C1,LAS MARAVILLAS,Exaltación,25.18450184501845,62.36583964672258,SIN,2613.87,2712.73,False,64.74
C1,SANTA ROSA,Exaltación,1.007380073800738,65.39327980163179,SIN,68078.4,2712.73,True,2.59
C1,EXALTACION DE SANTA CRUZ,Exaltación,3.0221402214022137,65.73754362739461,SIN,22823.89,2712.73,True,7.769
C1,LAS PEÑAS DE NAZARETH,Exaltación,2.014760147601476,66.86261596164935,SIN,34812.58,2712.73,True,5.179
C1,PIRAQUINAL,Exaltación,1.007380073800738,68.1721909210026,SIN,70970.67,2712.73,True,2.59
C1,COQUINAL,Exaltación,45.33210332103321,71.91205849780054,SIN,1680.71,2712.73,False,116.533
C1,BIENVENIDO,Exaltación,4.029520295202952,76.56691313909643,SIN,19940.07,2712.73,True,10.358
C1,SANTA FE,Exaltación,9.066420664206642,81.44804871313407,Sist. Ais.,9436.43,2712.73,True,23.307
C1,LAS ABRAS,Exaltación,5.03690036900369,102.83551200173416,Sist. Ais.,21423.59,2712.73,True,12.948
C1,PALMERA,Exaltación,16.118081180811807,105.98506383034974,SIN,6911.76,2712.73,True,41.434
C1,SAN JUAN DEL RIO JORDAN,Exaltación,13.095940959409594,108.63006591687127,SIN,8714.51,2712.73,True,33.665
C1,LAS PETAS,Exaltación,22.162361623616235,120.12380051721308,Sist. Ais.,5700.39,2712.73,True,56.972
C1,ESTANCIAS DISPERSAS,Exaltación,24.17712177121771,128.11332687214735,SIN,5573.29,2712.73,True,62.151
C1,CARMEN TAHUA,Ixiamas,7.404665314401623,0.0004381443347964,SIN,17.54,2654.76,False,18.625
C1,IXIAMAS,Ixiamas,170.30730223123732,0.0404778045096563,SIN,17.72,2654.76,False,428.384
C1,SANTA ANA,Ixiamas,6.346855983772819,0.0406040349345042,SIN,24.18,2654.76,False,15.965
C1,TARENE,Ixiamas,9.520283975659227,0.0441934250365481,SIN,22.34,2654.76,False,23.947
C1,EL CARMEN DE PECHA,Ixiamas,26.44523326572008,0.0481916777161336,SIN,19.39,2654.76,False,66.519
C1,MACHAJ MARKA,Ixiamas,14.809330628803243,0.0525118787219095,SIN,21.19,2654.76,False,37.251
C1,FLOR DE MAYO,Ixiamas,6.346855983772819,0.0615083501681539,SIN,27.64,2654.76,False,15.965
C1,MACAHUA,Ixiamas,1.0578093306288032,0.0796388744760145,SIN,96.41,2654.76,False,2.661
C1,30 DE AGOSTO,Ixiamas,2.1156186612576064,0.1103038796185135,SIN,72.14,2654.76,False,5.322
C1,NUEVA EDEN,Ixiamas,1.0578093306288032,0.1119245748864452,SIN,128.41,2654.76,False,2.661
C1,SANTA ROSA DE MARAVILLA,Ixiamas,3.1734279918864097,0.1184126375546518,SIN,56.6,2654.76,False,7.982
C1,SAN FELIPE,Ixiamas,1.0578093306288032,0.1301892366289315,SIN,146.52,2654.76,False,2.661
C1,RUSO,Ixiamas,1.0578093306288032,0.2014349003677267,SIN,217.13,2654.76,False,2.661
C1,ITURRALDE,Ixiamas,8.462474645030426,0.3241022690739487,SIN,57.63,2654.76,False,21.286
C1,PALMA  REAL,Ixiamas,6.346855983772819,0.970402419584973,SIN,177.78,2654.76,False,15.965
C1,ALAMOS,Ixiamas,4.231237322515213,1.38101036220025,SIN,359.68,2654.76,False,10.643
C1,3 DE JUNIO,Ixiamas,5.289046653144016,1.4307217062899211,SIN,301.09,2654.76,False,13.304
C1,SANTA FE,Ixiamas,25.38742393509128,1.82896771982947,SIN,93.01,2654.76,False,63.858
C1,SAN PABLO,Ixiamas,1.0578093306288032,1.877658646441145,SIN,1878.56,2654.76,False,2.661
C1,CORAZON DE LEON,Ixiamas,11.635902636916835,4.68522658108807,SIN,439.65,2654.76,False,29.268
C1,BUENA VISTA,Ixiamas,11.635902636916835,5.18041963631259,SIN,484.27,2654.76,False,29.268
C1,PUERTO PEREZ,Ixiamas,20.09837728194726,6.147346071861433,Sist. Ais.,338.16,2654.76,False,50.555
C1,COROCORO,Ixiamas,22.213995943204868,7.467829026019695,SIN,369.95,2654.76,False,55.876
C1,COMANDO,Ixiamas,15.867139959432048,7.968352252652989,SIN,544.01,2654.76,False,39.912
C1,SAN PEDRO,Ixiamas,20.09837728194726,8.686355655204979,SIN,470.62,2654.76,False,50.555
C1,LAS MERCEDES,Ixiamas,25.38742393509128,10.416047097012902,Sist. Ais.,447.65,2654.76,False,63.858
C1,ALTO ZATARIAPU,Ixiamas,16.92494929006085,10.743158739502794,SIN,683.0,2654.76,False,42.572
C1,CARINDE,Ixiamas,16.92494929006085,12.05349735432156,SIN,764.17,2654.76,False,42.572
C1,SAN MARCOS,Ixiamas,16.92494929006085,12.656591167257314,SIN,801.53,2654.76,False,42.572
C1,5 DE JUNIO,Ixiamas,14.809330628803243,14.224354926757984,SIN,1024.53,2654.76,False,37.251
C1,SEGUNDO FLOR DE MAYO,Ixiamas,8.462474645030426,14.785646023967058,SIN,1849.37,2654.76,False,21.286
C1,PUERTO RUSO,Ixiamas,26.44523326572008,15.496088138281966,SIN,631.85,2654.76,False,66.519
C1,TACASO,Ixiamas,4.231237322515213,17.27113794566464,SIN,4297.16,2654.76,True,10.643
C1,MANANTIAL,Ixiamas,19.040567951318454,19.654082447993964,SIN,1099.73,2654.76,False,47.894
C1,NUEVA BELEN,Ixiamas,4.231237322515213,20.10085076249884,SIN,4998.34,2654.76,True,10.643
C1,NUEVO AMANECER,Ixiamas,7.404665314401623,20.46445265722924,SIN,2915.17,2654.76,True,18.625
C1,LOS ALMENDRILLO,Ixiamas,9.520283975659227,21.453721651767196,SIN,2380.19,2654.76,False,23.947
C1,PIEDRAS BLANCAS,Ixiamas,7.404665314401623,22.932159862699248,SIN,3264.59,2654.76,True,18.625
C1,SANTA ROSA DE LIMA,Ixiamas,6.346855983772819,23.292563386046066,SIN,3865.31,2654.76,True,15.965
C1,UNDUMO,Ixiamas,9.520283975659227,34.798220478556544,SIN,3849.83,2654.76,True,23.947
C1,EL ZAPATO,Ixiamas,1.0578093306288032,39.00306340262702,Sist. Ais.,38676.37,2654.76,True,2.661
C1,LAS PARRABAS,Ixiamas,2.1156186612576064,39.02252057171465,Sist. Ais.,19356.56,2654.76,True,5.322
C1,TOROMONAS,Ixiamas,20.09837728194726,39.21224298491429,Sist. Ais.,2063.07,2654.76,False,50.555
C1,LA MANSION,Ixiamas,2.1156186612576064,42.02909734840664,Sist. Ais.,20846.59,2654.76,True,5.322
C1,EL TIGRE ALTO MADIDI,Ixiamas,59.23732251521298,43.49456563614475,SIN,787.31,2654.76,False,149.003
C1,AGUAS DE LA VIDA,Ixiamas,5.289046653144016,60.53321706939278,SIN,12017.29,2654.76,True,13.304
C1,EL TIGRE,Ixiamas,23.27180527383367,62.7795633113302,Sist. Ais.,2845.91,2654.76,True,58.537
C1,EL CARMEN,Ixiamas,13.751521298174442,64.64110081017941,Sist. Ais.,4945.99,2654.76,True,34.59
C1,LA PALCA,Ixiamas,17.982758620689655,64.74225260556479,Sist. Ais.,3792.24,2654.76,True,45.233
C1,SAN JUAN,Ixiamas,9.520283975659227,66.16714173589168,Sist. Ais.,7304.5,2654.76,True,23.947
C1,PUERTO ARAONA,Ixiamas,21.156186612576064,75.25323928751718,Sist. Ais.,3746.93,2654.76,True,53.215
C1,SANTA ROSA,Ixiamas,52.89046653144016,76.7164400110649,Sist. Ais.,1538.26,2654.76,False,133.038
C1,CARMEN DEL EMERO,Ixiamas,28.560851926977687,78.03452334493518,SIN,2882.14,2654.76,True,71.841
C1,ANTOFAGASTA,Ixiamas,3.1734279918864097,80.17847130936791,Sist. Ais.,26507.8,2654.76,True,7.982
C1,CAMPO CENTRAL,Ixiamas,24.329614604462478,83.15342421541438,Sist. Ais.,3600.94,2654.76,True,61.198
C1,MONTECRISTO,Ixiamas,6.346855983772819,87.51078904397038,Sist. Ais.,14473.9,2654.76,True,15.965
C1,PAQUIOSAL,Ixiamas,12.69371196754564,90.13738214773204,Sist. Ais.,7462.64,2654.76,True,31.929
C1,NUEVA JERUSALEN,Ixiamas,10.578093306288032,90.86820383966509,Sist. Ais.,9024.11,2654.76,True,26.608
C1,CAMPO BRAVO,Ixiamas,3.1734279918864097,91.00951482321057,Sist. Ais.,30086.28,2654.76,True,7.982
C1,CAYUBABA,Ixiamas,10.578093306288032,93.64071320114252,Sist. Ais.,9298.92,2654.76,True,26.608
C1,BARRACON,Ixiamas,10.578093306288032,99.6440252533788,Sist. Ais.,9893.95,2654.76,True,26.608
C1,NUEVA ESPERANZA,Ixiamas,3.1734279918864097,100.12083003440245,SIN,33096.59,2654.76,True,7.982
C1,SANTA ANITA,Ixiamas,11.635902636916835,100.2867774056765,SIN,9054.0,2654.76,True,29.268
C1,ESPERANZA DEL MADIDI,Ixiamas,2.1156186612576064,101.77700708372956,Sist. Ais.,50456.93,2654.76,True,5.322
C1,CAMPESINA LAS PALMAS,Ixiamas,13.751521298174442,104.24694238381464,Sist. Ais.,7965.71,2654.76,True,34.59
C1,LA PAZ DEL BENI,Ixiamas,13.751521298174442,104.99494133074916,SIN,8022.74,2654.76,True,34.59
C1,OJAKI,Ixiamas,19.040567951318454,105.18071274172144,Sist. Ais.,5809.28,2654.76,True,47.894
C1,EMBAJADORES DEL MADIDI,Ixiamas,37.02332657200812,105.96592030075035,Sist. Ais.,3018.36,2654.76,True,93.127
C1,SANTA MARIA,Ixiamas,7.404665314401623,108.1580486574359,Sist. Ais.,15332.28,2654.76,True,18.625
C1,GUAGUA UNO,Reyes,29.532710280373838,0.0025939245506652,SIN,17.57,2691.21,False,75.312
C1,SAN JOSE,Reyes,6.644859813084111,0.0209795624641954,SIN,20.78,2691.21,False,16.945
C1,RATIJE,Reyes,35.4392523364486,0.0215920567164558,SIN,18.11,2691.21,False,90.374
C1,EL COZAR,Reyes,21.411214953271028,0.0419012942329257,SIN,19.53,2691.21,False,54.601
C1,SAN JUAN,Reyes,17.7196261682243,0.0648849743148317,SIN,21.31,2691.21,False,45.187
C1,VILLA COPACABANA,Reyes,21.411214953271028,0.0672089916727575,SIN,20.77,2691.21,False,54.601
C1,GUALAGUAGUA,Reyes,20.672897196261683,0.0942446080709362,SIN,22.25,2691.21,False,52.718
C1,SAN FELIPE,Reyes,11.074766355140186,0.1233692460686131,SIN,29.15,2691.21,False,28.242
C1,NUEVO AMANECER,Reyes,19.19626168224299,0.1365389987189208,SIN,24.93,2691.21,False,48.953
C1,REYES,Reyes,64.97196261682242,0.1812810309638463,SIN,20.4,2691.21,False,165.686
C1,BAYCHUJE,Reyes,4.429906542056075,0.2037961077841205,SIN,65.71,2691.21,False,11.297
C1,ESTANCIAS DISPERSAS,Reyes,19.19626168224299,0.4249599121681608,SIN,40.69,2691.21,False,48.953
C1,MONTE CARLOS,Reyes,5.168224299065421,0.9656530128316746,SIN,213.38,2691.21,False,13.18
C1,LOS TAJIBOS,Reyes,5.168224299065421,1.1309522865193329,SIN,246.91,2691.21,False,13.18
C1,LA UNION,Reyes,14.02803738317757,2.9150592420625165,SIN,235.35,2691.21,False,35.773
C1,NUEVA ESPERANZA,Reyes,11.074766355140186,5.133321514671898,SIN,503.46,2691.21,False,28.242
C1,REMANSO,Reyes,1.4766355140186915,8.684786232351064,SIN,6184.05,2691.21,True,3.766
C1,RIO VIEJO,Reyes,19.93457943925233,10.847847987480083,SIN,588.03,2691.21,False,50.835
C1,PEÑA AMARILLA,Reyes,8.85981308411215,11.803879745190146,Sist. Ais.,1414.35,2691.21,False,22.594
C1,LOS TUBOS,Reyes,10.336448598130842,16.271192023738493,Sist. Ais.,1667.94,2691.21,False,26.359
C1,SAL SI PUEDES,Reyes,2.953271028037383,21.51912269889449,SIN,7657.23,2691.21,True,7.531
C1,CALIFORNIA,Reyes,31.74766355140187,25.655705446772725,Sist. Ais.,864.76,2691.21,False,80.96
C1,SAN MIGUEL DE SORAIDA,Reyes,2.953271028037383,27.77491582258962,SIN,9878.17,2691.21,True,7.531
C1,CARNAVAL,Reyes,5.906542056074766,29.64469083329769,Sist. Ais.,5279.73,2691.21,True,15.062
C1,CARMEN ALTO,Reyes,52.42056074766355,39.06838414010726,Sist. Ais.,798.89,2691.21,False,133.679
C1,LA ESPERANZA,Reyes,1.4766355140186915,44.99540825013622,Sist. Ais.,31966.16,2691.21,True,3.766
C1,SANTA LOURDES,Reyes,11.074766355140186,45.54625875117102,Sist. Ais.,4329.45,2691.21,True,28.242
C1,LAS OLLITAS,Reyes,0.7383177570093458,53.59831174495377,Sist. Ais.,76131.71,2691.21,True,1.883
C1,SAN PEDRO,Reyes,20.672897196261683,61.13883268660233,SIN,3118.28,2691.21,True,52.718
C1,SAN JOSE,Reyes,50.943925233644855,62.5963814743042,Sist. Ais.,1305.77,2691.21,False,129.913
C1,PUERTO SALINAS,Reyes,19.19626168224299,65.91102082517787,SIN,3617.45,2691.21,True,48.953
C1,LAGO BUENA VISTA,Reyes,15.504672897196262,69.02785392269139,Sist. Ais.,4685.36,2691.21,True,39.539
C1,NATIVIDAD,Reyes,5.168224299065421,71.4536212463901,Sist. Ais.,14513.23,2691.21,True,13.18
C1,LAS MERCEDES,Reyes,9.598130841121495,76.31524770574404,Sist. Ais.,8353.96,2691.21,True,24.476
C1,PUERTO CAVINA,Reyes,11.813084112149532,86.09236999427894,Sist. Ais.,7658.64,2691.21,True,30.125
C1,MISION CAVINAS,Reyes,27.3177570093458,92.5992063100274,Sist. Ais.,3571.5,2691.21,True,69.663
C1,SANTA CATALINA,Reyes,14.02803738317757,95.92508664614128,SIN,7187.05,2691.21,True,35.773
C1,LAS PEÑITAS,Reyes,5.168224299065421,97.99526511085028,SIN,19897.72,2691.21,True,13.18
C1,BAQUETI,Reyes,7.383177570093458,103.43602066252632,SIN,14706.28,2691.21,True,18.828
C1,SAN MIGUEL,Reyes,13.289719626168225,105.23281783591366,SIN,8319.68,2691.21,True,33.89
C1,NUEVA ALIANZA,Reyes,0.7383177570093458,107.50004930470978,Sist. Ais.,152676.84,2691.21,True,1.883
C1,CAMPO BOLIVAR,Reyes,19.19626168224299,107.8426912427021,Sist. Ais.,5907.7,2691.21,True,48.953
C1,NUEVO REYES,Reyes,3.691588785046729,108.53775606893764,Sist. Ais.,30844.07,2691.21,True,9.414
C1,PEÑA GUARAYO,Reyes,10.336448598130842,110.1345880483854,Sist. Ais.,11188.95,2691.21,True,26.359
C1,CANDELARIA,Reyes,19.93457943925233,114.22629189642043,SIN,6025.3,2691.21,True,50.835
C1,EL TRIUNFO,Santa_Rosa_Beni,14.395498392282958,0.0093065830437991,SIN,18.15,2716.52,False,37.058
C1,EL ROSARIO,Santa_Rosa_Beni,11.77813504823151,0.0158405554524117,SIN,18.88,2716.52,False,30.32
C1,SANTA ROSA DE YACUMA,Santa_Rosa_Beni,37.95176848874598,0.03157501223138,SIN,18.35,2716.52,False,97.698
C1,PICAFLORES,Santa_Rosa_Beni,3.926045016077171,0.0870619334182219,SIN,40.73,2716.52,False,10.107
C1,SAN BARTOLOME,Santa_Rosa_Beni,6.543408360128617,0.1292412750419755,SIN,38.18,2716.52,False,16.844
C1,VILLA FATIMA,Santa_Rosa_Beni,3.926045016077171,2.00921547412078,SIN,554.05,2716.52,False,10.107
C1,SAN CRISTOBAL,Santa_Rosa_Beni,32.71704180064309,5.4416126300163485,SIN,191.86,2716.52,False,84.222
C1,EL MOJON,Santa_Rosa_Beni,2.617363344051447,6.038981999378066,SIN,2436.6,2716.52,False,6.738
C1,AWAISAL,Santa_Rosa_Beni,1.3086816720257235,6.83539232931307,SIN,5493.78,2716.52,True,3.369
C1,LA INDIA,Santa_Rosa_Beni,1.3086816720257235,24.07288134823556,SIN,19303.92,2716.52,True,3.369
C1,VILLAZON,Santa_Rosa_Beni,1.3086816720257235,25.29454351111948,SIN,20282.68,2716.52,True,3.369
C1,PALMIRA,Santa_Rosa_Beni,2.617363344051447,37.7265293591546,SIN,15130.14,2716.52,True,6.738
C1,PUERTO YATA,Santa_Rosa_Beni,2.617363344051447,42.3067833122065,SIN,16964.91,2716.52,True,6.738
C1,EL CANDADO,Santa_Rosa_Beni,13.086816720257234,42.31332195181801,SIN,3407.49,2716.52,True,33.689
C1,PUERTO TERESA,Santa_Rosa_Beni,13.086816720257234,43.55094797622824,SIN,3506.64,2716.52,True,33.689
C1,TACUARAL,Santa_Rosa_Beni,36.643086816720256,55.78810506288406,SIN,1613.75,2716.52,False,94.329
C1,EL ENCERRADO,Santa_Rosa_Beni,2.617363344051447,63.50141017293479,SIN,25455.15,2716.52,True,6.738
C1,TRINIDAD,Santa_Rosa_Beni,15.704180064308684,66.47691229970191,Sist. Ais.,4455.74,2716.52,True,40.427
C1,EL TORO,Santa_Rosa_Beni,1.3086816720257235,70.24694491574769,SIN,56297.14,2716.52,True,3.369
C1,TABLERO,Santa_Rosa_Beni,32.71704180064309,70.96366972608472,Sist. Ais.,2291.63,2716.52,False,84.222
C1,EL CERRITO,Santa_Rosa_Beni,13.086816720257234,81.11979809212923,SIN,6516.54,2716.52,True,33.689
C1,PONTON SANTA TERESA DEL YATA,Santa_Rosa_Beni,1.3086816720257235,89.33744156514074,Sist. Ais.,71591.85,2716.52,True,3.369
C1,PALMA FLOR,Santa_Rosa_Beni,39.2604501607717,96.49146513351825,SIN,2594.34,2716.52,False,101.067
C1,PORVENIR,Santa_Rosa_Beni,1.3086816720257235,104.77183596551316,SIN,83957.41,2716.52,True,3.369
C1,CAVADOR,Santa_Rosa_Beni,14.395498392282958,107.22197711212743,Sist. Ais.,7826.83,2716.52,True,37.058
C1,MACEDONIA,Santa_Rosa_Beni,26.173633440514468,108.31678246005876,Sist. Ais.,4356.48,2716.52,True,67.378
C1,AUSTRALIA,Santa_Rosa_Beni,73.28617363344051,116.6439811708952,SIN,1686.25,2716.52,False,188.658
C2,NAREUDA,Bolpebra,11.57516339869281,0.0109342292886367,Sist. Ais.,18.47,2725.96,False,29.902
C2,MUKDEN,Bolpebra,33.89869281045752,0.177625214874509,Sist. Ais.,22.97,2725.96,False,87.569
C2,VERA CRUZ,Bolpebra,15.709150326797388,8.064715369609612,Sist. Ais.,555.74,2725.96,False,40.581
C2,PUERTO ORO,Bolpebra,0.8267973856209151,12.610236417352093,Sist. Ais.,16008.72,2725.96,True,2.136
C2,MOLIENDA,Bolpebra,4.133986928104576,17.982907348702575,Sist. Ais.,4578.36,2725.96,True,10.679
C2,AGROPECUARIA EL CEIBO,Bolpebra,27.2843137254902,18.360884970362957,Sist. Ais.,723.04,2725.96,False,70.483
C2,CANAAN,Bolpebra,8.267973856209151,20.596783597606628,Sist. Ais.,2629.39,2725.96,False,21.358
C2,NUEVA CANAAN,Bolpebra,41.33986928104575,21.648197546237704,Sist. Ais.,566.52,2725.96,False,106.792
C2,TRES ARROYOS,Bolpebra,9.094771241830063,23.48607962742746,Sist. Ais.,2725.03,2725.96,False,23.494
C2,EXTREMA,Bolpebra,4.96078431372549,23.74189529787581,Sist. Ais.,5035.39,2725.96,True,12.815
C2,BIOCEANICA,Bolpebra,14.882352941176473,36.6360276698783,Sist. Ais.,2598.52,2725.96,False,38.445
C2,SAN JORGE,Bolpebra,14.882352941176473,42.188919712937626,Sist. Ais.,2989.72,2725.96,True,38.445
C2,NOHAYA,Bolpebra,10.748366013071896,48.45989467057796,Sist. Ais.,4744.61,2725.96,True,27.766
C2,SAN MIGUEL DE MACHINERI,Bolpebra,4.133986928104576,54.5501592850436,Sist. Ais.,13852.66,2725.96,True,10.679
C2,YAMINAHUA,Bolpebra,19.84313725490196,54.90199546439373,Sist. Ais.,2918.4,2725.96,True,51.26
C2,SAN PEDRO DE BOLPEBRA,Bolpebra,31.418300653594773,62.44392299099927,Sist. Ais.,2101.32,2725.96,False,81.162
C3,SANTA ROSA,Guayaramerín,20.60353798126951,0.0015664926191252,Sist. Ais.,17.55,2707.72,False,52.866
C3,26 DE MARZO,Guayaramerín,12.018730489073882,0.0027284078834997,Sist. Ais.,17.71,2707.72,False,30.838
C3,SAN JUAN,Guayaramerín,13.73569198751301,0.0053629048000885,Sist. Ais.,17.88,2707.72,False,35.244
C3,SAN AGUSTIN,Guayaramerín,38.63163371488033,0.0305693525726044,Sist. Ais.,18.3,2707.72,False,99.124
C3,1RO DE MAYO,Guayaramerín,11.16024973985432,0.0330630018451636,Sist. Ais.,20.58,2707.72,False,28.636
C3,VILLA PURISIMA,Guayaramerín,8.58480749219563,0.042019404413938,Sist. Ais.,22.61,2707.72,False,22.027
C3,CACHUELA ESPERANZA,Guayaramerín,25.75442247658689,0.0420670632737001,Sist. Ais.,19.19,2707.72,False,66.082
C3,SAN MIGUEL,Guayaramerín,27.47138397502602,0.0704400944988156,Sist. Ais.,20.16,2707.72,False,70.488
C3,ROSARIO DEL YATA,Guayaramerín,33.48074921956296,0.0751746000907297,Sist. Ais.,19.83,2707.72,False,85.907
C3,GUAYARAMERIN,Guayaramerín,194.8751300728408,0.08578055348348,Sist. Ais.,17.94,2707.72,False,500.023
C3,27 DE NOVIEMBRE,Guayaramerín,12.877211238293444,0.1087731365772857,Sist. Ais.,26.33,2707.72,False,33.041
C3,LA UNION,Guayaramerín,12.877211238293444,0.1460826426691154,Sist. Ais.,29.37,2707.72,False,33.041
C3,8 DE FEBRERO,Guayaramerín,14.594172736732569,0.162632702085984,Sist. Ais.,29.16,2707.72,False,37.447
C3,SAN JOSE,Guayaramerín,11.16024973985432,0.1766261060875343,Sist. Ais.,34.07,2707.72,False,28.636
C3,ESTANCIAS DISPERSAS,Guayaramerín,1.7169614984391262,0.2712324362636584,Sist. Ais.,183.1,2707.72,False,4.405
C3,SANTA EMILIA,Guayaramerín,0.8584807492195631,0.3051661081622357,Sist. Ais.,390.18,2707.72,False,2.203
C3,SAN PEDRO,Guayaramerín,0.8584807492195631,0.739664055451882,Sist. Ais.,920.84,2707.72,False,2.203
C3,SANTA EMILIA,Guayaramerín,4.292403746097815,0.7624578041117839,Sist. Ais.,203.71,2707.72,False,11.014
C3,CACHUELA MAMORE,Guayaramerín,22.32049947970864,1.5299242601810832,Sist. Ais.,89.34,2707.72,False,57.271
C3,PUERTO CARRERO,Guayaramerín,7.726326742976066,1.644059457153869,Sist. Ais.,240.58,2707.72,False,19.825
C3,EL PORVENIR,Guayaramerín,4.292403746097815,1.911770126979268,Sist. Ais.,484.45,2707.72,False,11.014
C3,SAN FRANCISCO,Guayaramerín,10.301768990634756,1.925510907587795,Sist. Ais.,213.45,2707.72,False,26.433
C3,SANTA LUCIA,Guayaramerín,1.7169614984391262,2.863110516569265,Sist. Ais.,1765.85,2707.72,False,4.405
C3,SANTA FE,Guayaramerín,18.886576482830385,4.843480361908091,Sist. Ais.,286.36,2707.72,False,48.46
C3,VILLA UNION,Guayaramerín,12.877211238293444,6.248217718386594,Sist. Ais.,526.21,2707.72,False,33.041
C3,SAN PEDRO,Guayaramerín,9.443288241415193,6.274083122076944,Sist. Ais.,714.08,2707.72,False,24.23
C3,VILLA BELLA,Guayaramerín,22.32049947970864,8.115286435414435,Sist. Ais.,398.68,2707.72,False,57.271
C3,2 DE OCTUBRE,Guayaramerín,40.34859521331946,8.669628604964418,Sist. Ais.,242.76,2707.72,False,103.529
C3,SANTA TERESA DEL YATA,Guayaramerín,3.4339229968782523,8.876812568259037,Sist. Ais.,2727.82,2707.72,True,8.811
C3,SAN FRANSISCO DEL YATA,Guayaramerín,14.594172736732569,12.59032490636806,Sist. Ais.,921.99,2707.72,False,37.447
C3,14 DE SEPTIEMBRE,Guayaramerín,20.60353798126951,13.910391977976571,Sist. Ais.,725.35,2707.72,False,52.866
C3,SANTA TERESA DEL YATA,Guayaramerín,42.92403746097815,14.033204806109612,Sist. Ais.,360.25,2707.72,False,110.137
C3,18 DE JUNIO,Guayaramerín,35.19771071800208,14.039664418309304,Sist. Ais.,435.69,2707.72,False,90.313
C3,PUERTO CARRERO,Guayaramerín,1.7169614984391262,20.54662526974061,Sist. Ais.,12564.42,2707.72,True,4.405
C3,SAN ROQUE,Guayaramerín,15.452653485952132,20.553844102869927,Sist. Ais.,1412.07,2707.72,False,39.649
C3,PALMA SOLA,Guayaramerín,9.443288241415193,31.92040149395029,Sist. Ais.,3561.55,2707.72,True,24.23
C3,RANCHO GRANDE,Guayaramerín,3.4339229968782523,36.30193075203629,Sist. Ais.,11101.49,2707.72,True,8.811
C3,BARRANCO COLORADO,Guayaramerín,25.75442247658689,39.30122744948912,Sist. Ais.,1617.45,2707.72,False,66.082
C3,SAN JUAN DEL MAMORE,Guayaramerín,10.301768990634756,48.62838206877869,Sist. Ais.,4966.69,2707.72,True,26.433
C3,PUERTO COIMBRA,Guayaramerín,7.726326742976066,58.11617418825754,Sist. Ais.,7903.93,2707.72,True,19.825
C3,SANTA FE DE LA CRUZ,Guayaramerín,6.009365244536941,60.21815795507517,Sist. Ais.,10523.95,2707.72,True,15.419
C3,ROSARIO DEL YATA,Guayaramerín,6.009365244536941,73.8938273742279,Sist. Ais.,12909.99,2707.72,True,15.419
C3,LA ESPERANZA,Guayaramerín,0.8584807492195631,80.69853767352332,Sist. Ais.,98575.77,2707.72,True,2.203
C3,PUERTO BOLIVAR,Guayaramerín,6.867845993756505,88.73483504718295,Sist. Ais.,13564.12,2707.72,True,17.622
C3,FIRMEZA,Guayaramerín,3.4339229968782523,90.21962458286488,Sist. Ais.,27564.11,2707.72,True,8.811
C3,SAN LORENZO,Guayaramerín,8.58480749219563,91.32893307554636,Sist. Ais.,11171.61,2707.72,True,22.027
C3,VILLA NUEVA,Guayaramerín,5.150884495317378,91.49600023867296,Sist. Ais.,18641.71,2707.72,True,13.216
C3,SINAI,Guayaramerín,1.7169614984391262,94.29680460783636,Sist. Ais.,57600.5,2707.72,True,4.405
C3,LAS PIEDRAS,Puerto_Gonzalo_Moreno,53.61081081081081,0.0010074354680366,Sist. Ais.,17.49,2705.12,False,137.425
C3,GONZALO MORENO,Puerto_Gonzalo_Moreno,24.45405405405405,0.0121208085802924,Sist. Ais.,17.99,2705.12,False,62.685
C3,BUEN FUTURO,Puerto_Gonzalo_Moreno,7.524324324324325,0.0361522499229542,Sist. Ais.,22.51,2705.12,False,19.288
C3,LIBERTAD,Puerto_Gonzalo_Moreno,8.464864864864865,0.0381126026619756,Sist. Ais.,22.2,2705.12,False,21.699
C3,LAGO VICTORIA,Puerto_Gonzalo_Moreno,12.227027027027027,0.0747955390471253,Sist. Ais.,23.89,2705.12,False,31.343
C3,PORTACHUELO MEDIO,Puerto_Gonzalo_Moreno,23.51351351351352,0.1017127007660635,Sist. Ais.,22.01,2705.12,False,60.274
C3,SAN PABLO,Puerto_Gonzalo_Moreno,3.7621621621621615,0.1050556380191655,Sist. Ais.,46.75,2705.12,False,9.644
C3,CANDELARIA,Puerto_Gonzalo_Moreno,6.583783783783784,0.1293022962986766,Sist. Ais.,38.07,2705.12,False,16.877
C3,MIRAFLORES,Puerto_Gonzalo_Moreno,24.45405405405405,0.1329820296268107,Sist. Ais.,23.18,2705.12,False,62.685
C3,PORTACHUELO BAJO,Puerto_Gonzalo_Moreno,31.97837837837838,0.1790470402402901,Sist. Ais.,23.34,2705.12,False,81.973
C3,FRONTERA,Puerto_Gonzalo_Moreno,15.04864864864865,0.2453856190041139,Sist. Ais.,34.57,2705.12,False,38.576
C3,PORTACHUELO ALTO,Puerto_Gonzalo_Moreno,10.345945945945946,0.2877181506576902,Sist. Ais.,46.63,2705.12,False,26.521
C3,AGUA DULCE,Puerto_Gonzalo_Moreno,43.26486486486487,0.6809406946166343,Sist. Ais.,33.98,2705.12,False,110.905
C3,SAN CARLOS,Puerto_Gonzalo_Moreno,11.286486486486488,5.617822496357661,Sist. Ais.,539.35,2705.12,False,28.932
C3,6 DE AGOSTO,Puerto_Gonzalo_Moreno,11.286486486486488,5.690417652237091,Sist. Ais.,546.09,2705.12,False,28.932
C3,21 DE SEPTIEMBRE,Puerto_Gonzalo_Moreno,4.702702702702703,6.7173887332877165,Sist. Ais.,1515.13,2705.12,False,12.055
C3,AMERICA,Puerto_Gonzalo_Moreno,12.227027027027027,10.43176090995268,Sist. Ais.,912.0,2705.12,False,31.343
C3,VILLA NUEVA,Puerto_Gonzalo_Moreno,10.345945945945946,11.792548368339856,Sist. Ais.,1212.55,2705.12,False,26.521
C3,SANTA ROSITA,Puerto_Gonzalo_Moreno,10.345945945945946,12.412262873463304,Sist. Ais.,1275.35,2705.12,False,26.521
C3,CONTRAVARICIA,Puerto_Gonzalo_Moreno,22.572972972972973,12.914298606871924,Sist. Ais.,617.32,2705.12,False,57.863
C3,PALMIRA,Riberalta,20.55035128805621,4.6627595768806114e-05,Sist. Ais.,17.48,2707.91,False,52.733
C3,RIBERALTA,Riberalta,1129.1276346604216,0.0017451790051837,Sist. Ais.,17.48,2707.91,False,2897.39
C3,SANTA MARIA,Riberalta,49.09250585480094,0.0024104872218863,Sist. Ais.,17.53,2707.91,False,125.973
C3,LA ESPERANZA,Riberalta,4.566744730679157,0.00457756212331,Sist. Ais.,18.53,2707.91,False,11.718
C3,VILLA COTOCA,Riberalta,9.133489461358314,0.0068734131478468,Sist. Ais.,18.26,2707.91,False,23.437
C3,SIGLO XX,Riberalta,7.991803278688525,0.0127401374784626,Sist. Ais.,19.15,2707.91,False,20.507
C3,SAN CRISTOBAL,Riberalta,20.55035128805621,0.0329249077333875,Sist. Ais.,19.15,2707.91,False,52.733
C3,TUMICHUCUA,Riberalta,34.25058548009368,0.0367063719529776,Sist. Ais.,18.6,2707.91,False,87.888
C3,12 DE OCTUBRE,Riberalta,13.70023419203747,0.0381239435497775,Sist. Ais.,20.39,2707.91,False,35.155
C3,LAGO SAN JOSE,Riberalta,11.416861826697891,0.0823657918139144,Sist. Ais.,25.04,2707.91,False,29.296
C3,AGUA CLARA,Riberalta,2.2833723653395785,0.0854504785491578,Sist. Ais.,56.71,2707.91,False,5.859
C3,WARNES,Riberalta,41.10070257611241,0.0971151178174334,Sist. Ais.,19.95,2707.91,False,105.466
C3,AVAROA,Riberalta,11.416861826697891,0.1358970845966442,Sist. Ais.,29.95,2707.91,False,29.296
C3,POPECHI,Riberalta,44.52576112412178,0.1613392680526464,Sist. Ais.,21.27,2707.91,False,114.255
C3,BOLIVAR,Riberalta,34.25058548009368,0.244915270872427,Sist. Ais.,24.97,2707.91,False,87.888
C3,LA UNION,Riberalta,39.959016393442624,0.2611881217853398,Sist. Ais.,24.33,2707.91,False,102.537
C3,SAN ANTONIO,Riberalta,6.850117096018735,0.3273854698325498,Sist. Ais.,67.58,2707.91,False,17.578
C3,PALESTINA,Riberalta,3.425058548009368,0.3537383558004681,Sist. Ais.,125.76,2707.91,False,8.789
C3,SAN JOSE,Riberalta,15.98360655737705,0.3701012127160359,Sist. Ais.,41.75,2707.91,False,41.015
C3,CAMPO CENTRAL,Riberalta,36.53395784543326,0.3789451481248055,Sist. Ais.,28.35,2707.91,False,93.748
C3,LAS PALMERAS,Riberalta,31.9672131147541,0.507260745980315,Sist. Ais.,34.11,2707.91,False,82.029
C3,NUEVA UNION,Riberalta,13.70023419203747,1.8561719481722767,Sist. Ais.,159.53,2707.91,False,35.155
C3,SAN JUAN DEL URUCU,Riberalta,19.40866510538642,1.8959393108575464,Sist. Ais.,119.9,2707.91,False,49.803
C3,ANTOFAGASTA,Riberalta,29.68384074941452,2.2961558009344154,Sist. Ais.,98.58,2707.91,False,76.17
C3,LAS MERCEDES,Riberalta,17.125292740046838,2.4649293572712776,Sist. Ais.,168.39,2707.91,False,43.944
C3,ALADITA,Riberalta,7.991803278688525,2.647285187822573,Sist. Ais.,364.78,2707.91,False,20.507
C3,ESTANCIAS DISPERSAS,Riberalta,2.2833723653395785,2.866702815955385,Sist. Ais.,1333.8,2707.91,False,5.859
C3,BUENA VISTA,Riberalta,12.558548009367684,3.332415749042682,Sist. Ais.,295.69,2707.91,False,32.226
C3,SAN LORENZO DE PAMPA,Riberalta,22.833723653395783,3.426822292993978,Sist. Ais.,174.83,2707.91,False,58.592
C3,7 DE JULIO,Riberalta,34.25058548009368,3.719254563964971,Sist. Ais.,131.33,2707.91,False,87.888
C3,SAN JUAN,Riberalta,47.95081967213115,5.053773221999233,Sist. Ais.,127.98,2707.91,False,123.044
C3,SAN ANTONIO,Riberalta,39.959016393442624,5.41946278533492,Sist. Ais.,159.67,2707.91,False,102.537
C3,SANTA AMALIA,Riberalta,35.39227166276346,6.613882773577458,Sist. Ais.,213.41,2707.91,False,90.818
C3,EL HONDO,Riberalta,21.692037470726,7.799533625137456,Sist. Ais.,394.46,2707.91,False,55.663
C3,26 DE OCTUBRE,Riberalta,33.10889929742389,8.232357529250057,Sist. Ais.,278.17,2707.91,False,84.959
C3,SANTA ROSA DEL IVON,Riberalta,21.692037470726,8.346941651223807,Sist. Ais.,420.92,2707.91,False,55.663
C3,BERLIN,Riberalta,33.10889929742389,8.372235237139709,Sist. Ais.,282.6,2707.91,False,84.959
C3,LOS ANGELES,Riberalta,1.1416861826697893,8.463332279801506,Sist. Ais.,7789.83,2707.91,True,2.93
C3,PUERTO ROMAN,Riberalta,26.25878220140515,8.849704125119949,Sist. Ais.,370.83,2707.91,False,67.381
C3,SANTA FE,Riberalta,19.40866510538642,8.862894754079939,Sist. Ais.,496.26,2707.91,False,49.803
C3,CANDELARIA,Riberalta,13.70023419203747,8.998596347061524,Sist. Ais.,706.13,2707.91,False,35.155
C3,SAN JUAN KM 42,Riberalta,22.833723653395783,11.046602787309594,Sist. Ais.,524.71,2707.91,False,58.592
C3,BELLA FLOR,Riberalta,29.68384074941452,11.252025922825574,Sist. Ais.,414.91,2707.91,False,76.17
C3,HAMBURGO,Riberalta,3.425058548009368,11.31406562152047,Sist. Ais.,3480.92,2707.91,True,8.789
C3,DESVELO,Riberalta,30.82552693208431,11.578479769958694,Sist. Ais.,411.3,2707.91,False,79.1
C3,SAN ARIEL,Riberalta,39.959016393442624,11.683086319781472,Sist. Ais.,324.02,2707.91,False,102.537
C3,MEDIO MONTE,Riberalta,17.125292740046838,11.904214056365795,Sist. Ais.,746.3,2707.91,False,43.944
C3,PARAISO,Riberalta,3.425058548009368,12.229171686553858,Sist. Ais.,3761.05,2707.91,True,8.789
C3,27 DE MAYO,Riberalta,12.558548009367684,13.086721595776924,Sist. Ais.,1110.05,2707.91,False,32.226
C3,BUENA VISTA,Riberalta,11.416861826697891,13.59615985265695,Sist. Ais.,1266.09,2707.91,False,29.296
C3,VILLA NAZARETH,Riberalta,10.275175644028105,13.886916361483353,Sist. Ais.,1434.49,2707.91,False,26.367
C3,SAN ARIEL,Riberalta,6.850117096018735,14.312512784258962,Sist. Ais.,2208.14,2707.91,False,17.578
C3,PALMIRA DEL IVON,Riberalta,30.82552693208431,14.61899696302298,Sist. Ais.,514.71,2707.91,False,79.1
C3,LAGO EL CARMEN,Riberalta,1.1416861826697893,14.837150607904546,Sist. Ais.,13643.27,2707.91,True,2.93
C3,CENTRITO,Riberalta,5.708430913348946,15.024164209069474,Sist. Ais.,2776.98,2707.91,True,14.648
C3,IVARENDA,Riberalta,2.2833723653395785,15.616149029498589,Sist. Ais.,7188.07,2707.91,True,5.859
C3,SANTUARIO,Riberalta,9.133489461358314,15.929342544405934,Sist. Ais.,1846.08,2707.91,False,23.437
C3,SANTA ELENA DEL LAGO,Riberalta,5.708430913348946,16.319021113647736,Sist. Ais.,3014.81,2707.91,True,14.648
C3,FLOR DE OCTUBRE,Riberalta,20.55035128805621,16.49850185213819,Sist. Ais.,859.23,2707.91,False,52.733
C3,BUEN RETIRO,Riberalta,12.558548009367684,18.103415534728445,Sist. Ais.,1528.87,2707.91,False,32.226
C3,CONSUELO DEL ROSARIO,Riberalta,38.81733021077284,18.88528238503865,Sist. Ais.,527.58,2707.91,False,99.607
C3,SANTA RITA,Riberalta,12.558548009367684,19.158092547181067,Sist. Ais.,1616.93,2707.91,False,32.226
C3,PALESTINA,Riberalta,10.275175644028105,22.35718941626072,Sist. Ais.,2298.79,2707.91,False,26.367
C3,MONTE CRISTO,Riberalta,2.2833723653395785,24.96072751107668,Sist. Ais.,11478.9,2707.91,True,5.859
C3,BRILLANTE,Riberalta,14.84192037470726,26.20380755070581,Sist. Ais.,1868.59,2707.91,False,38.085
C3,SANTA ROSA DEL BIATA,Riberalta,12.558548009367684,26.23030838585562,Sist. Ais.,2207.36,2707.91,False,32.226
C3,PALESTINA,Riberalta,11.416861826697891,27.77880082925932,Sist. Ais.,2568.56,2707.91,False,29.296
C3,LA SABANA,Riberalta,7.991803278688525,27.981624264887696,Sist. Ais.,3688.49,2707.91,True,20.507
C3,ALTA GRACIA,Riberalta,13.70023419203747,30.37586847234673,Sist. Ais.,2342.13,2707.91,False,35.155
C3,EL TRIANGULO,Riberalta,1.1416861826697893,31.124784070859388,Sist. Ais.,28601.13,2707.91,True,2.93
C3,PUERTO CHACOBO,Riberalta,99.32669789227168,31.903214115037773,Sist. Ais.,354.24,2707.91,False,254.877
C3,SANTA ROSA DEL FLORIDA,Riberalta,20.55035128805621,36.65187965922666,Sist. Ais.,1887.45,2707.91,False,52.733
C3,COSTA RICA,Riberalta,11.416861826697891,37.63039327564434,Sist. Ais.,3473.29,2707.91,True,29.296
C3,5 DE AGOSTO,Riberalta,13.70023419203747,39.30039294276949,Sist. Ais.,3025.12,2707.91,True,35.155
C3,POZA NEGRA,Riberalta,13.70023419203747,39.48337864250204,Sist. Ais.,3039.13,2707.91,True,35.155
C3,CANDELARIA,Riberalta,33.10889929742389,40.08108379417812,Sist. Ais.,1286.74,2707.91,False,84.959
C3,VICTORIA,Riberalta,17.125292740046838,42.60355616542255,Sist. Ais.,2625.83,2707.91,False,43.944
C3,TOKIO,Riberalta,12.558548009367684,46.12141994356299,Sist. Ais.,3868.01,2707.91,True,32.226
C3,LAS LIMAS,Riberalta,11.416861826697891,57.59636294400491,Sist. Ais.,5306.87,2707.91,True,29.296
C3,LOS CAYUCES,Riberalta,1.1416861826697893,58.77569516229987,Sist. Ais.,53994.52,2707.91,True,2.93
C3,FORTALEZA,Riberalta,7.991803278688525,59.28878030227891,Sist. Ais.,7795.79,2707.91,True,20.507
C3,LA UNION II,Riberalta,11.416861826697891,62.53959000388844,Sist. Ais.,5760.84,2707.91,True,29.296
C3,SAN FRANCISCO,Riberalta,17.125292740046838,64.12037897046511,Sist. Ais.,3943.17,2707.91,True,43.944
C3,EL RECREO,Riberalta,29.68384074941452,69.14633266932267,Sist. Ais.,2459.82,2707.91,False,76.17
C3,ALTO IVON,Riberalta,102.75175644028104,73.05380332228823,Sist. Ais.,762.91,2707.91,False,263.665
C3,BUEN DESTINO,Riberalta,33.10889929742389,74.31590787115638,Sist. Ais.,2370.87,2707.91,False,84.959
C3,PUERTO CHACOBO,Riberalta,12.558548009367684,77.89783652812108,Sist. Ais.,6520.93,2707.91,True,32.226
C3,3 BOCAS,Riberalta,2.2833723653395785,82.16138968655842,Sist. Ais.,37744.2,2707.91,True,5.859
C3,LA UNION II,Riberalta,1.1416861826697893,85.88734074323702,Sist. Ais.,78892.68,2707.91,True,2.93
C3,CACHUELITA,Riberalta,10.275175644028105,85.99690802726325,Sist. Ais.,8792.57,2707.91,True,26.367
C3,LOS CAYUCES,Riberalta,29.68384074941452,87.68050269391726,Sist. Ais.,3114.47,2707.91,True,76.17
C3,SANTA DELMIRA,Riberalta,9.133489461358314,114.84247463849955,Sist. Ais.,13200.77,2707.91,True,23.437
C4,EL CARMEN,Bella_Flor,19.753246753246756,0.0018922181770077,Sist. Ais.,17.58,2782.94,False,52.101
C4,KARAMANU,Bella_Flor,5.318181818181818,0.0060987584443616,Sist. Ais.,18.68,2782.94,False,14.027
C4,NUEVO BELEN,Bella_Flor,6.077922077922078,0.0211379481228958,Sist. Ais.,21.12,2782.94,False,16.031
C4,SAN PEDRO,Bella_Flor,8.357142857142856,0.02957241657343,Sist. Ais.,21.18,2782.94,False,22.043
C4,CINCO ESTRELLAS,Bella_Flor,5.318181818181818,0.0365621942140137,Sist. Ais.,24.68,2782.94,False,14.027
C4,VILLA AMAZONICA,Bella_Flor,5.318181818181818,0.037223461617487,Sist. Ais.,24.81,2782.94,False,14.027
C4,SANTA ELENA,Bella_Flor,30.38961038961039,0.0529104633247063,Sist. Ais.,19.3,2782.94,False,80.156
C4,SANTA LUCIA,Bella_Flor,13.675324675324674,0.0712638484667445,Sist. Ais.,22.94,2782.94,False,36.07
C4,SANTA MARIA,Bella_Flor,9.876623376623376,0.0757028549956613,Sist. Ais.,25.51,2782.94,False,26.051
C4,SANTA LOURDES,Bella_Flor,14.435064935064936,0.077332403373604,Sist. Ais.,23.09,2782.94,False,38.074
C4,SAN ANTONIO,Bella_Flor,22.03246753246753,0.0833878958764506,Sist. Ais.,21.44,2782.94,False,58.113
C4,NUEVO HORIZONTE,Bella_Flor,9.876623376623376,0.0969876052851138,Sist. Ais.,27.77,2782.94,False,26.051
C4,SANTA RITA,Bella_Flor,22.03246753246753,0.1045814266412118,Sist. Ais.,22.45,2782.94,False,58.113
C4,SAN PEDRO,Bella_Flor,10.636363636363637,0.1186129868615955,Sist. Ais.,29.17,2782.94,False,28.055
C4,CAMPOANA CASTAÑERA,Bella_Flor,17.474025974025974,0.1288799502034814,Sist. Ais.,25.21,2782.94,False,46.09
C4,NUEVA VIDA,Bella_Flor,9.116883116883118,0.1831708955133784,Sist. Ais.,38.54,2782.94,False,24.047
C4,PERLA DEL ORIENTE,Bella_Flor,1.5194805194805194,0.2146572319649502,Sist. Ais.,165.59,2782.94,False,4.008
C4,FLORIDA,Bella_Flor,4.558441558441559,1.1518870769242016,Sist. Ais.,282.42,2782.94,False,12.023
C4,PALACIOS,Bella_Flor,6.837662337662337,3.7697027235455542,Sist. Ais.,595.51,2782.94,False,18.035
C4,16 DE MAYO,Bella_Flor,8.357142857142856,4.125912029875726,Sist. Ais.,535.11,2782.94,False,22.043
C4,VERONICA,Bella_Flor,6.837662337662337,4.565597701020118,Sist. Ais.,717.56,2782.94,False,18.035
C4,ALEGRIA,Bella_Flor,5.318181818181818,5.003179086257375,Sist. Ais.,1003.85,2782.94,False,14.027
C4,INTEGRAL CIVICA,Bella_Flor,3.038961038961039,11.068926320678337,Sist. Ais.,3836.38,2782.94,True,8.016
C4,VILLA MAVARI,Bella_Flor,3.038961038961039,16.23889079288221,Sist. Ais.,5620.07,2782.94,True,8.016
C4,NUEVA ESPERANZA,Bella_Flor,5.318181818181818,18.07428329880881,Sist. Ais.,3580.8,2782.94,True,14.027
C4,PUERTO VARGAS ARROYO GRANDE,Bella_Flor,12.155844155844155,19.98608147100141,Sist. Ais.,1741.33,2782.94,False,32.062
C4,FORTIN,Bella_Flor,31.14935064935065,21.20908695057307,Sist. Ais.,731.36,2782.94,False,82.16
C4,MAPAJO,Bella_Flor,25.07142857142857,22.710274447771184,Sist. Ais.,967.21,2782.94,False,66.129
C4,MONTE VIDEO,Bella_Flor,10.636363636363637,34.50749088734348,Sist. Ais.,3419.04,2782.94,True,28.055
C4,MONTEVIDEO PUERTO EVO,Bella_Flor,17.474025974025974,35.6088348178308,Sist. Ais.,2154.07,2782.94,False,46.09
C4,LONDRES,Filadelfia,14.80373831775701,0.0040722913206309,Sist. Ais.,17.76,2775.86,False,38.946
C4,FILADELFIA,Filadelfia,19.429906542056077,0.0078139358790586,Sist. Ais.,17.9,2775.86,False,51.117
C4,LAGO,Filadelfia,22.205607476635517,0.0085497775013129,Sist. Ais.,17.88,2775.86,False,58.42
C4,CURICHON,Filadelfia,16.654205607476634,0.0092905054118727,Sist. Ais.,18.06,2775.86,False,43.815
C4,CHIVE,Filadelfia,22.205607476635517,0.0097928563094671,Sist. Ais.,17.94,2775.86,False,58.42
C4,SOBERANIA BELLA VISTA,Filadelfia,34.23364485981308,0.0154002887526083,Sist. Ais.,17.95,2775.86,False,90.064
C4,PURISIMA,Filadelfia,13.878504672897195,0.0186588797806377,Sist. Ais.,18.88,2775.86,False,36.512
C4,AMAZONICA,Filadelfia,19.429906542056077,0.0216098640998723,Sist. Ais.,18.64,2775.86,False,51.117
C4,NUEVA UNION,Filadelfia,6.476635514018692,0.0227461013277667,Sist. Ais.,21.16,2775.86,False,17.039
C4,BUYUYO 2,Filadelfia,10.177570093457945,0.0273608719672354,Sist. Ais.,20.29,2775.86,False,26.776
C4,PETRONILA,Filadelfia,2.7757009345794392,0.0284135579633864,Sist. Ais.,28.21,2775.86,False,7.302
C4,REINO DE LOS LOBOS,Filadelfia,1.8504672897196264,0.0347632056675433,Sist. Ais.,37.17,2775.86,False,4.868
C4,BUYUYO,Filadelfia,10.177570093457945,0.0375578175833762,Sist. Ais.,21.34,2775.86,False,26.776
C4,NUEVA ALIANZA,Filadelfia,20.35514018691589,0.0385076509919729,Sist. Ais.,19.46,2775.86,False,53.551
C4,LUZ DE AMERICA,Filadelfia,8.327102803738317,0.0420550000017007,Sist. Ais.,22.77,2775.86,False,21.907
C4,ESPIRITU,Filadelfia,13.878504672897195,0.0455896037746772,Sist. Ais.,20.92,2775.86,False,36.512
C4,FLORIDA,Filadelfia,7.401869158878505,0.0597161202153398,Sist. Ais.,25.93,2775.86,False,19.473
C4,SAN ANTONIO,Filadelfia,2.7757009345794392,0.0628025485219004,Sist. Ais.,41.2,2775.86,False,7.302
C4,EMPRESIÑA,Filadelfia,7.401869158878505,0.0663372445380953,Sist. Ais.,26.87,2775.86,False,19.473
C4,EL CHORRO,Filadelfia,1.8504672897196264,0.0800293263235113,Sist. Ais.,62.82,2775.86,False,4.868
C4,HOLANDA,Filadelfia,12.953271028037385,0.082700327333396,Sist. Ais.,24.17,2775.86,False,34.078
C4,PLANCHON,Filadelfia,8.327102803738317,0.0997839610593352,Sist. Ais.,30.04,2775.86,False,21.907
C4,HONDURAS,Filadelfia,0.9252336448598132,0.1028471443821451,Sist. Ais.,134.02,2775.86,False,2.434
C4,10 DE NOVIEMBRE,Filadelfia,8.327102803738317,0.1054323368683312,Sist. Ais.,30.75,2775.86,False,21.907
C4,VILLA BELLA,Filadelfia,12.953271028037385,0.1198203125788032,Sist. Ais.,27.17,2775.86,False,34.078
C4,SAN ANTONIO,Filadelfia,5.551401869158879,0.1491548977333585,Sist. Ais.,45.64,2775.86,False,14.605
C4,19 DE AGOSTO,Filadelfia,12.953271028037385,0.1584253791290835,Sist. Ais.,30.3,2775.86,False,34.078
C4,LONDRES II,Filadelfia,7.401869158878505,0.4062132886537431,Sist. Ais.,75.01,2775.86,False,19.473
C4,COMPENSACION ESPIRITU I,Filadelfia,0.9252336448598132,2.060707564628424,Sist. Ais.,2352.67,2775.86,False,2.434
C4,CAPERNAUN,Filadelfia,1.8504672897196264,3.397252510693868,Sist. Ais.,1942.36,2775.86,False,4.868
C4,LAGO 2,Filadelfia,15.72897196261682,3.501906568295005,Sist. Ais.,250.91,2775.86,False,41.381
C4,RIMBER ECUARI,Filadelfia,5.551401869158879,5.053486496511826,Sist. Ais.,971.91,2775.86,False,14.605
C4,SAN FRANCISCO DE ASIS,Filadelfia,6.476635514018692,6.5289632673264,Sist. Ais.,1074.42,2775.86,False,17.039
C4,GRAN TULAPA,Filadelfia,2.7757009345794392,6.786397882625297,Sist. Ais.,2580.92,2775.86,False,7.302
C4,GRAN PROGRESO,Filadelfia,8.327102803738317,6.996711760446482,Sist. Ais.,898.44,2775.86,False,21.907
C4,MONTECARLO,Filadelfia,0.9252336448598132,7.403518096015623,Sist. Ais.,8407.14,2775.86,True,2.434
C4,UCIA,Filadelfia,39.78504672897196,7.773976099325546,Sist. Ais.,222.35,2775.86,False,104.669
C4,FELIX ROCA,Filadelfia,0.9252336448598132,7.94503197819945,Sist. Ais.,9020.79,2775.86,True,2.434
C4,VILLA SACRIFICIO,Filadelfia,9.25233644859813,9.024192492832618,Sist. Ais.,1040.1,2775.86,False,24.342
C4,PUERTO SUCRE,Filadelfia,10.177570093457945,9.120869176258257,Sist. Ais.,957.09,2775.86,False,26.776
C4,NUEVA HOLANDA,Filadelfia,13.878504672897195,11.428750394463094,Sist. Ais.,880.88,2775.86,False,36.512
C4,ESPIRITU II,Filadelfia,11.102803738317755,13.303902293062398,Sist. Ais.,1273.81,2775.86,False,29.21
C4,LIMON,Filadelfia,11.102803738317755,13.830327438977116,Sist. Ais.,1323.52,2775.86,False,29.21
C4,VISTA HERMOSA,Filadelfia,13.878504672897195,14.355817278619124,Sist. Ais.,1102.01,2775.86,False,36.512
C4,SAN FRANCISCO,Filadelfia,9.25233644859813,15.011208539056788,Sist. Ais.,1718.55,2775.86,False,24.342
C4,NUEVA ALEGRIA,Filadelfia,8.327102803738317,15.322962601043804,Sist. Ais.,1946.81,2775.86,False,21.907
C4,11 DE SEPTIEMBRE,Filadelfia,19.429906542056077,18.39390699322892,Sist. Ais.,1010.05,2775.86,False,51.117
C4,NUEVA FRONTERA,Filadelfia,15.72897196261682,18.40233047214894,Sist. Ais.,1244.15,2775.86,False,41.381
C4,NUEVA JERUSALEN,Filadelfia,7.401869158878505,20.53853066797948,Sist. Ais.,2926.76,2775.86,True,19.473
C4,ALTO MONTE EL PINPOLLO SAMARIA,Filadelfia,26.83177570093458,23.879811375745646,Sist. Ais.,950.6,2775.86,False,70.591
C4,VILLA PRIMERO DE MAYO,Filadelfia,7.401869158878505,24.214502089672028,Sist. Ais.,3447.46,2775.86,True,19.473
C4,18 DE NOVIEMBRE,Filadelfia,13.878504672897195,24.788186708900398,Sist. Ais.,1890.14,2775.86,False,36.512
C4,ALTA GRACIA,Filadelfia,0.9252336448598132,27.70699821258617,Sist. Ais.,31415.05,2775.86,True,2.434
C4,CATOLICA LA CRUZ,Filadelfia,6.476635514018692,48.34804005307951,Sist. Ais.,7844.33,2775.86,True,17.039
C4,HUMAITA,Ingavi,29.384105960264904,30.574084918483518,Sist. Ais.,1108.41,2787.17,False,77.622
C4,LAS AMALIAS,Ingavi,5.185430463576159,33.11107458799566,Sist. Ais.,6712.41,2787.17,True,13.698
C4,SAN JUAN DE NUEVO MUNDO,Ingavi,22.47019867549669,34.81515532963927,Sist. Ais.,1641.97,2787.17,False,59.358
C4,INGAVI,Ingavi,72.59602649006622,35.29050929751297,Sist. Ais.,527.16,2787.17,False,191.773
C4,SAN LUIS,Ingavi,3.456953642384106,35.675659028318584,Sist. Ais.,10837.71,2787.17,True,9.132
C4,DERREPENTE,Ingavi,15.556291390728475,40.03552137302023,Sist. Ais.,2715.82,2787.17,False,41.094
C4,GENESIS UNIDO,Ingavi,12.099337748344372,45.83894673035316,Sist. Ais.,3989.67,2787.17,True,31.962
C4,CONFLICTO,Ingavi,15.556291390728475,45.91443893685295,Sist. Ais.,3112.05,2787.17,True,41.094
C4,PUERTO SUCRE,Ingavi,24.198675496688743,50.67912227590329,Sist. Ais.,2213.29,2787.17,False,63.924
C4,SANTA CLAUDIA,Ingavi,8.642384105960266,53.19094624377257,Sist. Ais.,6470.48,2787.17,True,22.83
C4,11 DE OCTUBRE,Ingavi,5.185430463576159,60.01542798846869,Sist. Ais.,12152.37,2787.17,True,13.698
C4,JERUSALEN,Ingavi,25.927152317880797,64.47060732879345,Sist. Ais.,2624.62,2787.17,False,68.49
C4,TAJIBO,Ingavi,20.74172185430464,79.0251395586302,Sist. Ais.,4012.12,2787.17,True,54.792
C4,PUERTO CONSUELO II,Nueva_Esperanza,12.645320197044336,1.0694581196950332,Sist. Ais.,106.15,2781.18,False,33.332
C4,PUERTO CONSUELO I,Nueva_Esperanza,21.57142857142857,6.895524624497626,Sist. Ais.,352.63,2781.18,False,56.861
C4,ASERRADERO LOS INDIOS,Nueva_Esperanza,2.231527093596059,11.220701437124731,Sist. Ais.,5289.48,2781.18,True,5.882
C4,LA GRAN CRUZ,Nueva_Esperanza,14.133004926108374,27.552375529300367,Sist. Ais.,2061.48,2781.18,False,37.254
C4,NUEVA UNION,Nueva_Esperanza,37.93596059113301,37.26559495908736,Sist. Ais.,1047.42,2781.18,False,99.997
C4,16 DE MAYO,Nueva_Esperanza,6.694581280788178,37.47540853135139,Sist. Ais.,5886.7,2781.18,True,17.646
C4,EL TIGRE,Nueva_Esperanza,16.364532019704434,37.76473699365205,Sist. Ais.,2437.06,2781.18,False,43.136
C4,ARCA DE ISRAEL,Nueva_Esperanza,28.266009852216747,42.28726714761592,Sist. Ais.,1586.04,2781.18,False,74.507
C4,LA LOMA,Nueva_Esperanza,0.7438423645320197,45.825687364088736,Sist. Ais.,64610.58,2781.18,True,1.961
C4,NUEVA ESPERANZA,Nueva_Esperanza,10.413793103448276,59.26064102624858,Sist. Ais.,5983.92,2781.18,True,27.45
C4,PORVENIR,Porvenir,54.11351351351352,0.0046819770650741,Sist. Ais.,17.57,2776.68,False,142.407
C4,COLORADO,Porvenir,7.483783783783784,0.004831432095126,Sist. Ais.,18.15,2776.68,False,19.695
C4,5 DE AGOSTO,Porvenir,5.756756756756757,0.0077109414282825,Sist. Ais.,18.88,2776.68,False,15.15
C4,NUEVA ESPERANZA,Porvenir,6.908108108108109,0.0082296909311171,Sist. Ais.,18.72,2776.68,False,18.18
C4,COCAMITA,Porvenir,4.02972972972973,0.0085908420853552,Sist. Ais.,19.71,2776.68,False,10.605
C4,CACHUELITA BAJO,Porvenir,4.605405405405405,0.0463689895224187,Sist. Ais.,28.03,2776.68,False,12.12
C4,VILLA ROJAS,Porvenir,24.17837837837838,0.0589106228955742,Sist. Ais.,20.03,2776.68,False,63.629
C4,SANTA FE,Porvenir,14.967567567567569,0.0824284034065172,Sist. Ais.,23.25,2776.68,False,39.389
C4,TRINCHERA,Porvenir,7.483783783783784,0.1183673599489279,Sist. Ais.,34.06,2776.68,False,19.695
C4,AGUA RICA,Porvenir,13.24054054054054,0.1392873902271401,Sist. Ais.,28.5,2776.68,False,34.844
C4,SAN JORGE,Porvenir,5.181081081081081,0.2313058860608959,Sist. Ais.,64.28,2776.68,False,13.635
C4,SAN LUIS,Porvenir,6.908108108108109,0.2755196574563058,Sist. Ais.,59.29,2776.68,False,18.18
C4,GRAN CHACO,Porvenir,5.756756756756757,0.5136614929567195,Sist. Ais.,111.03,2776.68,False,15.15
C4,CACHUELITA ALTA,Porvenir,5.756756756756757,0.5552530182764865,Sist. Ais.,118.6,2776.68,False,15.15
C4,TRES BARRACAS,Porvenir,1.7270270270270272,1.3908996864534304,Sist. Ais.,861.89,2776.68,False,4.545
C4,EL CEDRO,Porvenir,1.1513513513513514,2.8263488046884984,Sist. Ais.,2591.28,2776.68,False,3.03
C4,VILLA MARIETA,Porvenir,4.605405405405405,5.120034132195242,Sist. Ais.,1183.11,2776.68,False,12.12
C4,SAN JOSE,Porvenir,6.332432432432433,6.7228078990545015,Sist. Ais.,1130.58,2776.68,False,16.665
C4,NUEVA VIDA,Porvenir,5.756756756756757,6.859128780982459,Sist. Ais.,1266.72,2776.68,False,15.15
C4,SAN LUIS,Porvenir,8.635135135135135,8.258669929802721,Sist. Ais.,1020.24,2776.68,False,22.725
C4,BUENA VISTA,Porvenir,7.483783783783784,10.001721712746782,Sist. Ais.,1418.71,2776.68,False,19.695
C4,CAMPO ANA,Porvenir,7.483783783783784,10.53261617311902,Sist. Ais.,1493.09,2776.68,False,19.695
C4,CASTAÑERA,Porvenir,3.4540540540540543,10.949226412871568,Sist. Ais.,3341.1,2776.68,True,9.09
C4,AVAROA,Puerto_Rico,4.559118236472946,0.0044324401661622,Sist. Ais.,18.49,2785.75,False,12.037
C4,LOS ANGELES,Puerto_Rico,3.907815631262525,0.0093418816422981,Sist. Ais.,19.98,2785.75,False,10.318
C4,CAMPEONES,Puerto_Rico,13.677354709418838,0.0314298893532684,Sist. Ais.,19.88,2785.75,False,36.112
C4,MOTACUZAL,Puerto_Rico,7.16432865731463,0.0379617714620112,Sist. Ais.,23.03,2785.75,False,18.916
C4,JERICO,Puerto_Rico,9.118236472945892,0.0949263601518412,Sist. Ais.,28.39,2785.75,False,24.075
C4,ARROYO SECO,Puerto_Rico,0.6513026052104208,0.1129215932644143,Sist. Ais.,199.26,2785.75,False,1.72
C4,BATRAJA,Puerto_Rico,20.841683366733463,0.1716240168182745,Sist. Ais.,26.11,2785.75,False,55.028
C4,SAN ANTONIO EL MATI,Puerto_Rico,3.907815631262525,0.1860837627246362,Sist. Ais.,67.4,2785.75,False,10.318
C4,NUEVA JERUSALEN,Puerto_Rico,11.072144288577157,0.190839829833467,Sist. Ais.,35.55,2785.75,False,29.234
C4,CONQUISTA,Puerto_Rico,6.513026052104208,0.1999035150449466,Sist. Ais.,49.66,2785.75,False,17.196
C4,PUERTO RICO,Puerto_Rico,57.965931863727455,0.2459652497398414,Sist. Ais.,21.92,2785.75,False,153.047
C4,MANDARINO,Puerto_Rico,2.6052104208416837,1.6873098074688837,Sist. Ais.,696.54,2785.75,False,6.879
C4,PUERTO MADRE DE DIOS,Puerto_Rico,1.9539078156312624,1.7925680531770327,Sist. Ais.,979.37,2785.75,False,5.159
C4,EL PIÑAL,Puerto_Rico,0.6513026052104208,3.75906285067682,Sist. Ais.,6068.86,2785.75,True,1.72
C4,LA ESPERANZA,Puerto_Rico,2.6052104208416837,4.929719204518715,Sist. Ais.,2001.46,2785.75,False,6.879
C4,IRAK,Puerto_Rico,9.769539078156312,5.2444938173004845,Sist. Ais.,580.32,2785.75,False,25.794
C4,NACEBECITO,Puerto_Rico,7.81563126252505,5.671297227341397,Sist. Ais.,778.28,2785.75,False,20.636
C4,MAPIMEJE,Puerto_Rico,1.3026052104208417,6.801773390069309,Sist. Ais.,5492.26,2785.75,True,3.439
C4,FLORIDA,Puerto_Rico,12.374749498997996,7.089287716987203,Sist. Ais.,618.13,2785.75,False,32.673
C4,JAPA,Puerto_Rico,0.6513026052104208,7.854426447060819,Sist. Ais.,12661.63,2785.75,True,1.72
C4,SACRIFICIO,Puerto_Rico,5.210420841683367,8.692444535543416,Sist. Ais.,1766.63,2785.75,False,13.757
C4,TRINIDACITO,Puerto_Rico,1.9539078156312624,11.8974145302609,Sist. Ais.,6401.68,2785.75,True,5.159
C4,DESLINDE,Puerto_Rico,3.256513026052104,12.92617609916942,Sist. Ais.,4179.22,2785.75,True,8.598
C4,PENINSULA,Puerto_Rico,1.3026052104208417,15.356149484344698,Sist. Ais.,12377.73,2785.75,True,3.439
C4,BOLIVAR,Puerto_Rico,0.6513026052104208,15.369503247042154,Sist. Ais.,24759.49,2785.75,True,1.72
C4,FLORENCIA,Puerto_Rico,0.6513026052104208,15.613692533985269,Sist. Ais.,25152.59,2785.75,True,1.72
C4,SANTA ANA DEL TATU,Puerto_Rico,1.3026052104208417,16.56173049196124,Sist. Ais.,13348.11,2785.75,True,3.439
C4,SAN JUAN,Puerto_Rico,2.6052104208416837,16.90392884109661,Sist. Ais.,6820.51,2785.75,True,6.879
C4,CASCABELES,Puerto_Rico,3.256513026052104,17.89080560800216,Sist. Ais.,5777.64,2785.75,True,8.598
C4,LITORAL,Puerto_Rico,4.559118236472946,18.30380638214324,Sist. Ais.,4226.86,2785.75,True,12.037
C4,BRUNO RACUA,Puerto_Rico,8.46693386773547,18.47768406389292,Sist. Ais.,2305.6,2785.75,False,22.355
C4,BUENA VENTURA,Puerto_Rico,3.256513026052104,19.16541512812625,Sist. Ais.,6188.02,2785.75,True,8.598
C4,KIOSCO,Puerto_Rico,3.907815631262525,22.132505236829488,Sist. Ais.,5955.67,2785.75,True,10.318
C4,COCAL,Puerto_Rico,9.118236472945892,23.58876331093029,Sist. Ais.,2729.87,2785.75,False,24.075
C4,SANTA MARIA,Puerto_Rico,5.210420841683367,23.59916707913372,Sist. Ais.,4766.25,2785.75,True,13.757
C4,CANAN AGUADA,Puerto_Rico,7.16432865731463,24.566098522027737,Sist. Ais.,3612.64,2785.75,True,18.916
C4,PUERTO CARDENAS,Puerto_Rico,1.3026052104208417,26.344396375970756,Sist. Ais.,21222.24,2785.75,True,3.439
C4,PROVIDENCIA,Puerto_Rico,0.6513026052104208,26.65777433137254,Sist. Ais.,42931.49,2785.75,True,1.72
C4,INDEPENDENCIA,Puerto_Rico,4.559118236472946,27.839585351256023,Sist. Ais.,6419.83,2785.75,True,12.037
C4,MANCHESTER,Puerto_Rico,7.81563126252505,30.60584332179751,Sist. Ais.,4123.28,2785.75,True,20.636
C4,EL CARMEN,Puerto_Rico,39.72945891783567,30.673152422278772,Sist. Ais.,826.95,2785.75,False,104.897
C4,NUEVA VIDA,Puerto_Rico,6.513026052104208,31.49935538994808,Sist. Ais.,5088.28,2785.75,True,17.196
C4,HIROSHIMA,Puerto_Rico,9.118236472945892,33.34145902343985,Sist. Ais.,3851.3,2785.75,True,24.075
C4,PUERTO AMERICA,Puerto_Rico,4.559118236472946,34.71251597812044,Sist. Ais.,8000.42,2785.75,True,12.037
C4,VICTORIA,Puerto_Rico,0.6513026052104208,35.91352420318777,Sist. Ais.,57831.51,2785.75,True,1.72
C4,ALIANZA,Puerto_Rico,7.16432865731463,36.66095048120904,Sist. Ais.,5382.68,2785.75,True,18.916
C4,CAMACHO,Puerto_Rico,0.6513026052104208,39.26206127814715,Sist. Ais.,63222.03,2785.75,True,1.72
C4,LAS ARENAS,Puerto_Rico,1.3026052104208417,39.80558742614102,Sist. Ais.,32057.24,2785.75,True,3.439
C4,NARANJAL,San_Lorenzo,3.734982332155477,0.0039301835402918,Sist. Ais.,18.58,2787.52,False,9.868
C4,VISTA ALEGRE,San_Lorenzo,4.268551236749117,0.0330269155867351,Sist. Ais.,25.59,2787.52,False,11.277
C4,BLANCA FLOR,San_Lorenzo,6.936395759717315,0.0348239138550811,Sist. Ais.,22.74,2787.52,False,18.326
C4,GENECHIQUIA,San_Lorenzo,19.208480565371023,0.0843215109303369,Sist. Ais.,22.08,2787.52,False,50.748
C4,SANTA ELENA,San_Lorenzo,17.607773851590107,0.0871459656702531,Sist. Ais.,22.66,2787.52,False,46.519
C4,LORETO,San_Lorenzo,2.1342756183745584,0.1259878652667654,Sist. Ais.,79.37,2787.52,False,5.639
C4,NUEVA ESPERANZA,San_Lorenzo,0.5335689045936396,0.1613170365608272,Sist. Ais.,334.47,2787.52,False,1.41
C4,NUEVO HORIZONTE,San_Lorenzo,3.2014134275618376,0.196574676704216,Sist. Ais.,81.85,2787.52,False,8.458
C4,PALESTINA,San_Lorenzo,3.734982332155477,0.1998269599319047,Sist. Ais.,73.57,2787.52,False,9.868
C4,LOS REYES,San_Lorenzo,8.537102473498233,0.2861686635769537,Sist. Ais.,52.62,2787.52,False,22.555
C4,SAN MARTIN,San_Lorenzo,7.469964664310954,0.8351533740726772,Sist. Ais.,134.7,2787.52,False,19.735
C4,REMANSO,San_Lorenzo,3.734982332155477,0.9040819464872724,Sist. Ais.,271.27,2787.52,False,9.868
C4,NAVIDAD,San_Lorenzo,11.20494699646643,1.1576420617696976,Sist. Ais.,125.8,2787.52,False,29.603
C4,SAMARIA,San_Lorenzo,15.47349823321555,1.4373880366144585,Sist. Ais.,114.87,2787.52,False,40.881
C4,SANTA MARIA,San_Lorenzo,4.268551236749117,1.5060804842509012,Sist. Ais.,387.41,2787.52,False,11.277
C4,GALILEA,San_Lorenzo,1.6007067137809188,1.6591496641340502,Sist. Ais.,1104.23,2787.52,False,4.229
C4,NANAGUA,San_Lorenzo,4.268551236749117,1.7213765092462208,Sist. Ais.,440.29,2787.52,False,11.277
C4,VIÑA DEL RIO,San_Lorenzo,2.667844522968198,3.085192357942196,Sist. Ais.,1229.97,2787.52,False,7.048
C4,COPACABANA,San_Lorenzo,2.667844522968198,5.585728829558041,Sist. Ais.,2212.69,2787.52,False,7.048
C4,PUERTO COPACABANA,San_Lorenzo,13.87279151943463,6.999531552815245,Sist. Ais.,546.48,2787.52,False,36.652
C4,SANTA ANITA,San_Lorenzo,0.5335689045936396,7.572366479542287,Sist. Ais.,14897.35,2787.52,True,1.41
C4,EXALTACION,San_Lorenzo,12.80565371024735,9.028990587682555,Sist. Ais.,756.73,2787.52,False,33.832
C4,VENECIA,San_Lorenzo,8.003533568904594,11.14820455278636,Sist. Ais.,1477.91,2787.52,False,21.145
C4,TRIGALITO,San_Lorenzo,0.5335689045936396,11.331689132738669,Sist. Ais.,22284.5,2787.52,True,1.41
C4,SAN SALVADOR,San_Lorenzo,1.6007067137809188,11.687829886739417,Sist. Ais.,7673.09,2787.52,True,4.229
C4,LITUANIA,San_Lorenzo,3.734982332155477,12.005013459436716,Sist. Ais.,3387.49,2787.52,True,9.868
C4,BRIGIDA,San_Lorenzo,4.802120141342756,12.046605765822646,Sist. Ais.,2647.68,2787.52,False,12.687
C4,IBERIA,San_Lorenzo,2.667844522968198,12.699099270374104,Sist. Ais.,5008.28,2787.52,True,7.048
C4,SINAI,San_Lorenzo,14.939929328621908,14.38846103491433,Sist. Ais.,1027.25,2787.52,False,39.471
C4,TRINIDACITO,San_Lorenzo,30.41342756183745,14.793132494058684,Sist. Ais.,527.45,2787.52,False,80.351
C4,SAN LORENZO,San_Lorenzo,11.20494699646643,18.68776994112393,Sist. Ais.,1766.14,2787.52,False,29.603
C4,BITUMBO,San_Lorenzo,4.268551236749117,37.0518340880978,Sist. Ais.,9118.44,2787.52,True,11.277
C4,SAN JORGE,San_Lorenzo,8.537102473498233,39.25229278993184,Sist. Ais.,4838.2,2787.52,True,22.555
C4,CHARAL,San_Lorenzo,17.607773851590107,42.7941654182114,Sist. Ais.,2565.7,2787.52,False,46.519
C4,FORTALEZA,San_Lorenzo,34.148409893992934,52.54692285554989,Sist. Ais.,1630.85,2787.52,False,90.219
C4,ROSARIO,San_Lorenzo,6.936395759717315,62.816349798346025,Sist. Ais.,9512.52,2787.52,True,18.326
C4,SAN ANTONIO,San_Lorenzo,2.1342756183745584,75.98233296960338,Sist. Ais.,37344.23,2787.52,True,5.639
C4,VALPARAISO,San_Pedro,41.97156398104265,6.255156399287372,Sist. Ais.,173.73,2781.26,False,110.637
C4,TRES ISLAS,San_Pedro,24.483412322274884,6.836868798793387,Sist. Ais.,310.26,2781.26,False,64.538
C4,SANTA ROSA,San_Pedro,28.855450236966824,11.32462097479034,Sist. Ais.,428.96,2781.26,False,76.063
C4,BARRACON,San_Pedro,22.734597156398102,11.50937083923596,Sist. Ais.,548.26,2781.26,False,59.928
C4,MANGALITO,San_Pedro,33.22748815165877,15.516644150915504,Sist. Ais.,507.09,2781.26,False,87.588
C4,EL CARMEN,San_Pedro,32.35308056872038,16.595941793893523,Sist. Ais.,555.3,2781.26,False,85.283
C4,MARAVILLA,San_Pedro,22.734597156398102,16.931666501810643,Sist. Ais.,798.33,2781.26,False,59.928
C4,TRES ESTRELLAS,San_Pedro,4.372037914691943,17.21477267047513,Sist. Ais.,4145.81,2781.26,True,11.525
C4,LOMA VELARDE,San_Pedro,30.6042654028436,18.775713465843,Sist. Ais.,660.71,2781.26,False,80.673
C4,PALLAR,San_Pedro,8.744075829383887,18.98476586537306,Sist. Ais.,2293.88,2781.26,False,23.049
C4,SANTA ANA,San_Pedro,27.98104265402844,21.262776714833063,Sist. Ais.,814.21,2781.26,False,73.758
C4,NUEVA ESPERANZA,San_Pedro,0.8744075829383887,21.641627168006004,Sist. Ais.,25967.28,2781.26,True,2.305
C4,FORTALEZA,San_Pedro,27.106635071090047,23.15280366175136,Sist. Ais.,913.02,2781.26,False,71.453
C4,FLOR ESPERANZA,San_Pedro,1.7488151658767774,23.36013423239496,Sist. Ais.,14022.68,2781.26,True,4.61
C4,12 DE MARZO,San_Pedro,27.106635071090047,26.839421043382245,Sist. Ais.,1055.61,2781.26,False,71.453
C4,CAYUSAL,San_Pedro,26.232227488151658,27.800560881653688,Sist. Ais.,1128.63,2781.26,False,69.148
C4,LA PAZ,San_Pedro,7.869668246445499,33.60697556825164,Sist. Ais.,4494.93,2781.26,True,20.744
C4,NACEBE,Santa_Rosa_Pando,0.6772727272727272,0.0007449728860776,Sist. Ais.,18.63,2784.6,False,1.787
C4,LAS ABEJAS II,Santa_Rosa_Pando,9.48181818181818,0.0013612602813844,Sist. Ais.,17.63,2784.6,False,25.024
C4,SANTA ROSA,Santa_Rosa_Pando,19.64090909090909,0.004933790002301,Sist. Ais.,17.74,2784.6,False,51.836
C4,BERNARDINO RACUA,Santa_Rosa_Pando,11.513636363636364,0.0076842236168288,Sist. Ais.,18.17,2784.6,False,30.387
C4,SIMON BOLIVAR,Santa_Rosa_Pando,6.095454545454546,0.0124449220822759,Sist. Ais.,19.62,2784.6,False,16.087
C4,MONTERREY,Santa_Rosa_Pando,4.063636363636364,0.0140845673543956,Sist. Ais.,21.11,2784.6,False,10.725
C4,DOS LAGOS,Santa_Rosa_Pando,12.190909090909091,0.0212293683786539,Sist. Ais.,19.3,2784.6,False,32.174
C4,1RO DE MAYO,Santa_Rosa_Pando,2.0318181818181817,0.0256207474030188,Sist. Ais.,30.7,2784.6,False,5.362
C4,LAS ABEJAS,Santa_Rosa_Pando,4.74090909090909,0.0320908332633664,Sist. Ais.,24.57,2784.6,False,12.512
C4,PUERTO MORALES AYMA,Santa_Rosa_Pando,39.95909090909091,0.0498893114288301,Sist. Ais.,18.78,2784.6,False,105.46
C4,ALTO BAHIA II,Santa_Rosa_Pando,20.995454545454542,8.588287549878975,Sist. Ais.,446.36,2784.6,False,55.411
C4,COPACABANA,Santa_Rosa_Pando,6.7727272727272725,12.105802343102898,Sist. Ais.,1891.55,2784.6,False,17.875
C4,VILLA DEL CARMEN,Santa_Rosa_Pando,0.6772727272727272,13.891007665179725,Sist. Ais.,21521.92,2784.6,True,1.787
C4,16 DE JULIO,Santa_Rosa_Pando,0.6772727272727272,15.440936984884116,Sist. Ais.,23921.34,2784.6,True,1.787
C4,PALESTINA,Santa_Rosa_Pando,9.48181818181818,30.809259456323662,Sist. Ais.,3424.28,2784.6,True,25.024
C4,SANTA TEREZA,Santos_Mercado,17.68,0.0651474452271159,Sist. Ais.,21.34,2795.59,False,46.846
C4,RESERVA,Santos_Mercado,19.76,0.0822600916696484,Sist. Ais.,21.84,2795.59,False,52.358
C4,CHIRIPA,Santos_Mercado,20.8,8.553353758026091,Sist. Ais.,448.63,2795.59,False,55.113
C4,PUERTO SUCRE,Santos_Mercado,8.32,10.50421556578216,Sist. Ais.,1341.2,2795.59,False,22.045
C4,CHIRIPA,Santos_Mercado,4.16,12.601261808838023,Sist. Ais.,3193.46,2795.59,True,11.023
C4,SAN JOSE,Santos_Mercado,2.08,16.500130216670104,Sist. Ais.,8334.77,2795.59,True,5.511
C4,CAMPESINA PARAISO,Santos_Mercado,10.4,19.120409743382968,Sist. Ais.,1945.1,2795.59,False,27.557
C4,SAN MARTIN,Santos_Mercado,5.2,28.98239821255749,Sist. Ais.,5861.19,2795.59,True,13.778
C4,SAN MARTIN TACANA,Santos_Mercado,18.72,32.364773805296274,Sist. Ais.,1830.17,2795.59,False,49.602
C4,LOS ALMENDROS,Santos_Mercado,4.16,33.731128491676856,Sist. Ais.,8518.98,2795.59,True,11.023
C4,VILLA VICTORIA,Santos_Mercado,55.120000000000005,36.02205711849203,Sist. Ais.,702.67,2795.59,False,146.05
C4,ALMENDROS II,Santos_Mercado,22.88,36.79960325170685,Sist. Ais.,1703.81,2795.59,False,60.625
C4,MOLINO,Santos_Mercado,5.2,41.2375200614996,Sist. Ais.,8332.19,2795.59,True,13.778
C4,TAMARINDO,Santos_Mercado,6.24,76.4740530447699,Sist. Ais.,12867.02,2795.59,True,16.534
C4,7 DE ENERO,Santos_Mercado,7.280000000000001,77.13806046960046,Sist. Ais.,11127.0,2795.59,True,19.29
C4,EL CARMEN,Sena,5.338308457711443,0.0198078552309911,Sist. Ais.,21.36,2794.04,False,14.137
C4,MONTE SINAI,Sena,15.25230987917555,0.1474685179633489,Sist. Ais.,27.61,2794.04,False,40.391
C4,EL SENA,Sena,198.28002842928217,0.1636181526982188,Sist. Ais.,18.34,2794.04,False,525.085
C4,VILLA COTOCA,Sena,22.11584932480455,7.899156218765868,Sist. Ais.,391.96,2794.04,False,58.567
C4,SACRIFICIO,Sena,14.489694385216772,9.183013775093135,Sist. Ais.,681.96,2794.04,False,38.372
C4,EL TURI,Sena,15.25230987917555,11.125426186656917,Sist. Ais.,782.26,2794.04,False,40.391
C4,SANTA TRINIDAD,Sena,16.01492537313433,15.811258912170766,Sist. Ais.,1052.62,2794.04,False,42.411
C4,BELEN,Sena,1.525230987917555,17.553552227483614,Sist. Ais.,12084.15,2794.04,True,4.039
C4,CANADA,Sena,10.676616915422883,17.68048854900702,Sist. Ais.,1753.75,2794.04,False,28.274
C4,SANTA TERESA,Sena,1.525230987917555,18.64231304028977,Sist. Ais.,12832.58,2794.04,True,4.039
C4,TURI RIO,Sena,28.21677327647477,19.621320518862834,Sist. Ais.,746.56,2794.04,False,74.724
C4,NUEVA FEDERACION,Sena,32.792466240227434,19.7179591269049,Sist. Ais.,647.92,2794.04,False,86.841
C4,SANTA FE,Sena,7.626154939587775,24.424052982550617,Sist. Ais.,3375.39,2794.04,True,20.196
C4,BELLA BRISA,Sena,1.525230987917555,24.966402773211243,Sist. Ais.,17179.89,2794.04,True,4.039
C4,TURI DOS,Sena,7.626154939587775,25.83409382117687,Sist. Ais.,3569.25,2794.04,True,20.196
C4,REMANZO,Sena,15.25230987917555,28.214446283869066,Sist. Ais.,1956.99,2794.04,False,40.391
C4,SANTAROSITA,Sena,3.813077469793888,28.616567587839448,Sist. Ais.,7886.12,2794.04,True,10.098
C4,VILLA FRONTERA,Sena,16.01492537313433,28.780799705370352,Sist. Ais.,1901.71,2794.04,False,42.411
C4,BRIGIDA II,Sena,11.439232409381663,30.68162381091515,Sist. Ais.,2829.63,2794.04,True,30.293
C4,SAN JOSE,Sena,22.11584932480455,30.87461090383096,Sist. Ais.,1481.19,2794.04,False,58.567
C4,TATUCITO,Sena,11.439232409381663,31.79904465987793,Sist. Ais.,2932.05,2794.04,True,30.293
C4,BERCEBA,Sena,10.676616915422883,33.21072245518073,Sist. Ais.,3278.86,2794.04,True,28.274
C4,RECREO,Sena,14.489694385216772,33.99349465315425,Sist. Ais.,2477.25,2794.04,False,38.372
C4,CACHUELITA,Sena,22.11584932480455,34.67277368605146,Sist. Ais.,1661.25,2794.04,False,58.567
C4,LA ESPERANZA,Sena,9.914001421464109,36.253238786449735,Sist. Ais.,3851.51,2794.04,True,26.254
C4,RESERVA,Sena,40.41862117981521,36.91733632874354,Sist. Ais.,975.12,2794.04,False,107.037
C4,RINCONCITO PANDINO,Sena,16.777540867093105,37.25124525351793,Sist. Ais.,2345.41,2794.04,False,44.43
C4,LAS MERCEDES,Sena,22.11584932480455,37.61072499009836,Sist. Ais.,1800.54,2794.04,False,58.567
C4,NUEVA ESPERANZA II,Sena,4.575692963752665,39.78243258440721,Sist. Ais.,9133.23,2794.04,True,12.117
C4,SANTA ELENA,Sena,12.964463397299218,39.84231987725296,Sist. Ais.,3239.64,2794.04,True,34.332
C4,PRIMERO DE DICIEMBRE,Sena,9.914001421464109,40.87213240675104,Sist. Ais.,4339.99,2794.04,True,26.254
C4,BALLIVIAN,Sena,3.813077469793888,43.684001965253,Sist. Ais.,12029.19,2794.04,True,10.098
C4,NUEVA EMPRESA,Sena,17.540156361051885,44.2747907197781,Sist. Ais.,2664.03,2794.04,False,46.45
C4,SOLEDAD,Sena,16.01492537313433,44.510087218566994,Sist. Ais.,2931.49,2794.04,True,42.411
C4,SAN ANTONIO,Sena,22.11584932480455,45.58822377992821,Sist. Ais.,2178.74,2794.04,False,58.567
C4,SAN MIGUEL,Sena,3.05046197583511,48.82093357337262,Sist. Ais.,16797.73,2794.04,True,8.078
C4,SAN CARLOS,Sena,3.05046197583511,50.451823433236925,Sist. Ais.,17358.28,2794.04,True,8.078
C4,COPACABANA,Sena,7.626154939587775,50.74613327991972,Sist. Ais.,6994.26,2794.04,True,20.196
C4,SANTA ROSA DE LIMA,Sena,6.863539445628998,52.136947283314754,Sist. Ais.,7981.92,2794.04,True,18.176
C4,BERLIN,Sena,6.10092395167022,53.25369616975247,Sist. Ais.,9169.4,2794.04,True,16.156
C4,PALMA REAL,Sena,32.02985074626866,54.01338596231341,Sist. Ais.,1785.57,2794.04,False,84.821
C4,GIRADO,Sena,12.20184790334044,55.92210763405246,Sist. Ais.,4822.72,2794.04,True,32.313
C4,PALMAR,Sena,45.75692963752665,57.588791730323095,Sist. Ais.,1337.07,2794.04,False,121.173
C4,SAN ROQUE,Sena,24.40369580668088,57.5980104100262,Sist. Ais.,2492.1,2794.04,False,64.626
C4,FLORIDA,Sena,6.10092395167022,57.92458981155002,Sist. Ais.,9972.11,2794.04,True,16.156
C4,EL COLORADO,Sena,13.727078891257996,58.40591347852271,Sist. Ais.,4478.52,2794.04,True,36.352
C4,SANTA ROSA DEL MANUPARE,Sena,19.06538734896944,59.27843502103836,Sist. Ais.,3277.41,2794.04,True,50.489
C4,SAN MIGUEL,Sena,19.06538734896944,62.11259417131892,Sist. Ais.,3433.27,2794.04,True,50.489
C4,ARROYO COLORADO,Sena,8.388770433546552,62.34697381237109,Sist. Ais.,7809.94,2794.04,True,22.215
C4,SIMPENSAR,Sena,3.813077469793888,64.11398142996802,Sist. Ais.,17646.78,2794.04,True,10.098
C4,SAN SALVADOR,Sena,14.489694385216772,64.98417371331779,Sist. Ais.,4719.73,2794.04,True,38.372
C4,COLMENA,Sena,35.08031272210377,65.71929753523627,Sist. Ais.,1981.68,2794.04,False,92.9
C4,4 DE JUNIO,Sena,6.863539445628998,67.33755421866402,Sist. Ais.,10303.97,2794.04,True,18.176
C4,NUEVA ESPERANZA,Sena,38.13077469793888,67.48832577788546,Sist. Ais.,1873.19,2794.04,False,100.978
C4,TRIUNFO,Sena,6.863539445628998,67.91144738480538,Sist. Ais.,10391.63,2794.04,True,18.176
C4,SAN ANTONIO,Sena,1.525230987917555,69.73052434545198,Sist. Ais.,47951.67,2794.04,True,4.039
C4,PEKIN,Sena,26.691542288557216,70.20909887204418,Sist. Ais.,2775.37,2794.04,False,70.684
C4,ALTO BUENA VISTA,Sena,19.06538734896944,71.19864619823058,Sist. Ais.,3932.95,2794.04,True,50.489
C4,SANTA MARIA DEL WIPA,Sena,18.30277185501066,72.30949107353106,Sist. Ais.,4159.73,2794.04,True,48.469
C4,PUERTO PALOMA,Sena,2.2878464818763327,73.10963288085436,Sist. Ais.,33522.18,2794.04,True,6.059
C4,RANCHITO,Sena,10.676616915422883,74.64468444937293,Sist. Ais.,7347.8,2794.04,True,28.274
C4,RESERVA II,Villa_Nueva,13.3125,0.0168327018484832,Sist. Ais.,18.8,2792.64,False,35.236
C4,ENAREVENA,Villa_Nueva,5.82421875,0.0404816440607124,Sist. Ais.,24.76,2792.64,False,15.416
C4,SANTA CRUCITO,Villa_Nueva,22.46484375,0.131696076702393,Sist. Ais.,23.62,2792.64,False,59.461
C4,LOMA ALTA,Villa_Nueva,2.49609375,0.4381005227763587,Sist. Ais.,201.5,2792.64,False,6.607
C4,SANTA TERESITA,Villa_Nueva,10.81640625,2.822816289461168,Sist. Ais.,291.1,2792.64,False,28.629
C4,AGUARENDA,Villa_Nueva,10.81640625,3.0718515408435083,Sist. Ais.,315.24,2792.64,False,28.629
C4,ISLA LAS PETAS,Villa_Nueva,2.49609375,5.529968387082769,Sist. Ais.,2340.32,2792.64,False,6.607
C4,BELEN,Villa_Nueva,14.14453125,5.718543714110882,Sist. Ais.,441.37,2792.64,False,37.439
C4,BELLA BRISA,Villa_Nueva,20.80078125,7.310022627336611,Sist. Ais.,385.94,2792.64,False,55.057
C4,CALLAO GUADALUPE,Villa_Nueva,4.9921875,8.91301665451575,Sist. Ais.,1889.41,2792.64,False,13.214
C4,PERSEVERANCIA,Villa_Nueva,14.14453125,12.829636791410554,Sist. Ais.,968.48,2792.64,False,37.439
C4,SANTA FE,Villa_Nueva,9.15234375,16.047952431544125,Sist. Ais.,1855.9,2792.64,False,24.225
C4,PALMIRA,Villa_Nueva,2.49609375,16.222646006138625,Sist. Ais.,6831.74,2792.64,True,6.607
C4,LAS MALVINAS,Villa_Nueva,17.47265625,18.20003264168589,Sist. Ais.,1109.6,2792.64,False,46.248
C4,DEMOCRACIA,Villa_Nueva,12.48046875,19.396460732148466,Sist. Ais.,1646.96,2792.64,False,33.034
C4,SAN ANTONIO,Villa_Nueva,1.6640625,23.54857316851382,Sist. Ais.,14854.71,2792.64,True,4.405
C4,TRIUNFO,Villa_Nueva,7.48828125,26.17817180446686,Sist. Ais.,3682.82,2792.64,True,19.82
C4,NUEVO TRIUNFO,Villa_Nueva,12.48046875,26.46145224138804,Sist. Ais.,2240.48,2792.64,False,33.034
C4,SANTA ISABEL,Villa_Nueva,16.640625,29.86674436379726,Sist. Ais.,1899.29,2792.64,False,44.045
C4,SAN IGNACIO,Villa_Nueva,10.81640625,30.350020475795173,Sist. Ais.,2959.42,2792.64,True,28.629
C5,VILLA BUSCH,Cobija,5.50796812749004,0.006102059256351,Sist. Ais.,18.64,2692.84,False,14.055
C5,MEJILLONES,Cobija,0.7868525896414342,0.0061093851889927,Sist. Ais.,25.62,2692.84,False,2.008
C5,VILLA ROSARIO,Cobija,1.5737051792828685,0.0076528674235452,Sist. Ais.,22.57,2692.84,False,4.016
C5,17 DE MAYO,Cobija,12.983067729083665,0.0159914423196172,Sist. Ais.,18.77,2692.84,False,33.129
C5,SUJAL,Cobija,3.9342629482071714,0.0177875308702838,Sist. Ais.,22.21,2692.84,False,10.039
C5,VILLA FATIMA,Cobija,7.868525896414343,0.021463670796319,Sist. Ais.,20.33,2692.84,False,20.078
C5,ALTO BAHIA,Cobija,5.50796812749004,0.031796477916156,Sist. Ais.,23.53,2692.84,False,14.055
C5,NUEVA ESPERANZA,Cobija,6.688247011952191,0.033826253096172,Sist. Ais.,22.78,2692.84,False,17.066
C5,COBIJA,Cobija,337.5597609561753,0.0568739148504907,Sist. Ais.,17.65,2692.84,False,861.343
C5,AVAROA,Cobija,7.081673306772909,0.136278675769332,Sist. Ais.,37.65,2692.84,False,18.07
C5,BELMONTE,Cobija,0.3934262948207171,0.7052766096650585,Sist. Ais.,1897.03,2692.84,False,1.004
C5,NUEVO TRIUNFO,Cobija,0.3934262948207171,0.8126235524870056,Sist. Ais.,2183.1,2692.84,False,1.004
C5,MARAPANI,Cobija,3.9342629482071714,2.7975421500845314,Sist. Ais.,763.02,2692.84,False,10.039
C5,PONTON,Cobija,0.7868525896414342,3.542355749041134,Sist. Ais.,4737.64,2692.84,True,2.008
