municipality,TOTAL_GWh,sufficiency_illumination,sufficiency_ICT,sufficiency_cold_storage,sufficiency_thermal_comfort,small_school_illumination,small_school_ICT,entertainment_business_illumination,entertainment_business_ICT,entertainment_business_cold_storage,rice_processing_rice_processing,restaurant_illumination,restaurant_cold_storage,restaurant_kitchen,store_illumination,store_ICT,store_cold_storage,workshop_illumination,workshop_ICT,workshop_machinery
Bella_Flor,0.10318123190160004,0.017625749261066703,0.0062421071382999915,0.026235732261450005,0.01157223347105,2.1814263116666667e-05,2.7437810066666664e-05,0.00024283960773333329,0.00030160375913333335,0.004720747870983334,0.003717602431216667,7.045204901666666e-05,0.007140257118483334,0.00042089863508333326,0.00048141020878333333,1.0916352866666666e-05,0.0094239699337,2.435094995e-05,3.914767566666667e-06,0.014897194012033335
Bolpebra,0.10378140235411672,0.021999809508466722,0.006325584551116655,0.014461388133150002,0.010064949183716665,2.123364676666667e-05,2.7921535849999998e-05,0.00029081570786666664,0.0003726112595,0.005647639022600001,0.003722074258633334,9.153009031666666e-05,0.009289108144483334,0.0005469004061833333,0.0006318808025499999,1.4188327299999998e-05,0.012279146546966668,3.0228598600000005e-05,4.702911033333333e-06,0.017959689719016667
Cobija,0.12231806323606671,0.01380882941358335,0.009031443197033336,0.04891892667163334,0.01650254229095001,2.181070021666667e-05,2.9248443199999997e-05,0.00019216087206666666,0.0002515355153833333,0.0037758832233500002,0.00367083745955,5.6840037349999996e-05,0.005729819520966667,0.0003371365585333334,0.0003857627165333333,8.721309949999999e-06,0.007551400108633335,2.012763801666667e-05,3.143013216666667e-06,0.012021894545900002
Exaltación,0.19110792597011694,0.049700323642283564,0.01022406192905003,0.0,0.008585729633483332,2.1974460166666663e-05,2.5786958449999996e-05,0.0006795255843166667,0.0008781068343333333,0.013209044864650002,0.01484410819838333,0.00019827125995000006,0.020720567589083333,0.0012206017911333333,0.0013994353735833332,3.164201133333333e-05,0.027351036259516667,7.169784163333333e-05,1.0966772766666666e-05,0.04193504496600001
Filadelfia,0.20085422357473354,0.03451393238100013,0.011845368961150038,0.04552981685140001,0.021885996187700027,2.2082451699999998e-05,2.9312205049999996e-05,0.0004824058117,0.0006088299033333333,0.009435641139283335,0.011344437586183333,0.00013940341525,0.014298593989566668,0.0008414646762666665,0.0009658611406666666,2.1809738866666666e-05,0.018847943149133337,5.0567544116666666e-05,7.834324916666666e-06,0.029982922117450003
Guayaramerín,0.1387811805771835,0.03642286008026681,0.007423055957400011,0.0,0.006290785238583332,2.19089817e-05,2.767857958333333e-05,0.00048023734555,0.0006134464156666666,0.0094167435114,0.011303510878566667,0.00014391200041666665,0.0150209778915,0.0008821353092999998,0.0010140244902166666,2.290851796666667e-05,0.019773401031250006,5.074658879999999e-05,7.830143116666667e-06,0.029865017615900005
Ingavi,0.06645468480236669,0.015271941228650025,0.004347106342666657,0.0032225485265833334,0.0078049147780166655,2.128843241666667e-05,2.8539736266666662e-05,0.00019552752843333333,0.0002502617965833333,0.003768106057316667,0.003750144170116667,6.356921915e-05,0.006439334196150001,0.0003774337972333333,0.00043287273676666666,9.819381750000001e-06,0.0084931397747,1.9476382749999996e-05,3.1369132333333333e-06,0.011955523803583334
Ixiamas,0.24308240909700032,0.044070522708983526,0.01546920402608343,0.055934024588516665,0.018188600762750026,2.1780769283333336e-05,2.8420596849999995e-05,0.00062785696365,0.0008203770765333334,0.01227320820075,0.011044384270716667,0.00018447310723333334,0.018590411396250003,0.0010909484026666665,0.0012526523680999998,2.8365973583333334e-05,0.02453242479146667,6.334147436666666e-05,1.0183051933333333e-05,0.03885122856728335
Nueva_Esperanza,0.06617129063798335,0.015165397669950025,0.004901065066383324,0.0025895923065000002,0.009483669471716666,2.10598123e-05,2.6486656466666664e-05,0.00019309018018333335,0.00026523953581666666,0.003788073284066667,0.0036523291400333336,5.68027555e-05,0.005722497505966667,0.0003363607604833333,0.0003850642267,8.726227533333333e-06,0.007550818594283334,1.9942131366666666e-05,3.134909766666667e-06,0.012001940402966666
Porvenir,0.08876480013353336,0.012139416806233346,0.00613508282341666,0.029338769093516667,0.013024933160350005,2.22035419e-05,2.8298111899999994e-05,0.00014707433506666663,0.00018642525704999998,0.0028356870572166667,0.0036018991055333347,4.817914903333333e-05,0.0050088261204333335,0.00029496674229999997,0.00033722125016666664,7.649469283333333e-06,0.006603094537016667,1.5314665033333337e-05,2.3518748333333333e-06,0.008987407033250003
Puerto_Gonzalo_Moreno,0.07357530065810002,0.012746897729566681,0.0048106980597333255,0.017095469606766667,0.0106901016787,2.232450865e-05,2.5343356683333332e-05,0.00014404093209999998,0.00019467753655,0.0028368964933,0.0036933225435333335,4.935608116666667e-05,0.0049872216512166665,0.00029477422319999997,0.0003392380173833333,7.64430615e-06,0.00661767117695,1.4906198516666668e-05,2.346755383333333e-06,0.009002369802550002
Puerto_Rico,0.11554914271605005,0.0175774799442167,0.00797122904635,0.03500868447903333,0.013458791130200003,2.1655303916666666e-05,2.6802896849999998e-05,0.00024260621813333334,0.0003095892502,0.004707845728300001,0.0037092925258833337,6.990865325e-05,0.007139811404333334,0.0004190844063666667,0.00048563672515,1.0914298116666665e-05,0.00942907847995,2.5035786850000002e-05,3.91911805e-06,0.014931777320900003
Reyes,0.12449633054945006,0.01976116888485004,0.007912468915583334,0.03945732999046667,0.014047353775616674,2.2098015533333335e-05,2.770560445e-05,0.00024147091324999996,0.00031080440825,0.0047252775534166675,0.003688277469216667,7.879192883333334e-05,0.007858869546066667,0.00046347672294999993,0.0005315014936166666,1.2002725116666667e-05,0.010378989288616669,2.417419765e-05,3.916289783333333e-06,0.014950652826183335
Riberalta,0.5850004781746677,0.0768473030680336,0.03981261832540059,0.18366602014431668,0.0885116047597502,2.2161188683333335e-05,2.591607026666667e-05,0.0011159536017166668,0.0014258628272333332,0.021696597578833333,0.022195330179883337,0.0003234100337166667,0.03287790476361667,0.0019345597722166673,0.0022269798232999994,5.019364388333332e-05,0.04336982631473333,0.00011357239653333333,1.8033298749999997e-05,0.06876663038380003
San_Lorenzo,0.08494117407561669,0.014715744917733356,0.005258035937249991,0.019824470863183334,0.011172560645066667,2.2129048466666662e-05,2.9192559416666667e-05,0.0001932232805833333,0.0002534649951,0.0037627944643333334,0.003683405844266667,5.504754571666666e-05,0.005702577311300001,0.00033677485983333325,0.00038845122175,8.730508283333333e-06,0.007540094118116667,1.970325096666667e-05,3.1407373166666667e-06,0.011971631966933334
San_Pedro,0.05452127564855001,0.013588571384350018,0.002902227746416661,0.0,0.003763730477233333,2.193546016666667e-05,2.6409795049999995e-05,0.0001941656041833333,0.00025374191515,0.003778198810916667,0.0038401275576500004,5.4258329050000004e-05,0.005711530927933335,0.00033730571964999995,0.0003899307886999999,8.736618066666666e-06,0.00756678291,2.0177898883333334e-05,3.1369069333333333e-06,0.012060306798216668
Santa_Rosa_Beni,0.23606872665016693,0.0341515901462168,0.01397296193951673,0.07073611553238335,0.0301011154673667,2.1994159599999998e-05,2.7020985933333333e-05,0.0004842814138166667,0.0006175467575333332,0.009430223652233335,0.011389862542966667,0.00014701021856666665,0.014279443220300003,0.0008425029677666665,0.0009643428273666667,2.1824721866666665e-05,0.018881828848300003,4.939050688333333e-05,7.840664183333333e-06,0.02994183007736667
Santa_Rosa_Pando,0.0473919483452,0.008160335057250003,0.0030503409597833295,0.015024903539433334,0.005956104609833332,2.150583201666667e-05,2.7393542549999997e-05,9.754075923333333e-05,0.00013299958699999998,0.0018789640051000002,0.0,2.7329875550000006e-05,0.002860634043766667,0.00016866745463333334,0.00019308069726666665,4.36777775e-06,0.0037674874155833337,1.0106191150000001e-05,1.5710619333333333e-06,0.006008615935366667
Santos_Mercado,0.05371196789740001,0.011414365330783343,0.003149331870199994,0.006238161071333335,0.006501160046566665,2.2143475816666668e-05,2.6548875566666665e-05,0.00014527611126666665,0.00019078714364999998,0.002836350527866667,0.003677830823366667,4.3248445149999995e-05,0.00428242274695,0.0002518461871333333,0.00029074816515,6.547055450000001e-06,0.005659233784016667,1.52770023e-05,2.3485392166666666e-06,0.008958340695616667
Sena,0.20891026638275023,0.037964722099250156,0.012391586256733384,0.03881802727211667,0.025279941173283353,2.1544897550000003e-05,2.69820493e-05,0.0005304473197166666,0.0006856829648499999,0.010373943216750002,0.0112066575567,0.00016144258063333333,0.01573945542095,0.0009245734230333332,0.00106302647,2.399018516666667e-05,0.02075527993875,5.406680793333333e-05,8.625678516666665e-06,0.03288027107151667
Villa_Nueva,0.061049782561550005,0.012166635530183345,0.0034611355126999937,0.0100756130779,0.007094914494066666,2.198240085e-05,2.731964363333333e-05,0.0001449252753833333,0.00019212780424999998,0.0028303235678166666,0.0037318224321666667,4.892517073333333e-05,0.004998769403833333,0.00029443594598333334,0.00033740074268333336,7.638700866666666e-06,0.0065939117469,1.5117428949999999e-05,2.3512379166666665e-06,0.009004432444733333
TOTAL,2.9697136059442024,0.5198135967929183,0.18663671456226746,0.6621755940096833,0.33998173243600033,0.0004586313508166667,0.0005757660133833332,0.007065465365949999,0.0091157225431,0.13772818983048335,0.14146725697456666,0.0021121619455833334,0.21439903391315002,0.01261684876195,0.014496522286433331,0.00032733785114999995,0.28296655874858334,0.00072732148125,0.00011442897036666664,0.43693472210656675
