Code;Municipio;Departamento;Population density;Latitude;Longitude;Cp_PV;Cp_Wind;GDP;Altitude;Temp;Relative_humidity;Num_vehicles;FG_network_access;EL_network_access;Polyduct_access;EL_demand
10101;Sucre;Chuquisaca;162.71;-19.0477;-65.2594;22.2;14.9;2917;2809;13.562;67.66;494.4809784;1;1;1;1.213
10102;Yotala;Chuquisaca;20.4;-19.1616;-65.2648;22.5;14.9;1574;2514;13.176;65.14;0.637254902;1;1;0;0.536
10103;Poroma;Chuquisaca;9.78;-18.5382;-65.4268;21.8;12.6;930;2331;15.608;65.47;0.204498978;0;1;0;0.262
10201;Azurduy;Chuquisaca;4.62;-20.105;-64.4144;21.2;14.4;1080;2498;17.719;78.38;1.082251082;0;1;0;0.404
10202;Tarvita;Chuquisaca;12.35;-19.927;-64.4861;21.4;14.9;1209;2463;16.683;81.01;0.16194332;0;1;0;0.264
10301;Villa Zudanez;Chuquisaca;18.1;-19.1178;-64.7019;21;16.3;1286;2481;16.266;75.18;39.50276243;0;1;0;0.437
10302;Presto;Chuquisaca;9.05;-18.9298;-64.9377;21.2;15.8;985;2466;15.822;72.06;0;1;1;0;0.279
10303;Villa Mojocoya;Chuquisaca;7.19;-18.7797;-64.6831;20.6;16.6;1474;2549;17.582;67.55;0.83449235;0;1;0;0.344
10304;Icla;Chuquisaca;10.46;-19.3636;-64.7929;21.6;15.9;1227;2370;15.006;73.52;0.191204589;0;1;0;0.269
10401;Padilla;Chuquisaca;4.66;-19.3075;-64.3026;20.4;20.2;1938;2087;18.113;79.44;35.6223176;0;1;0;0.515
10402;Tomina;Chuquisaca;10.09;-19.1852;-64.4616;20.6;18.2;1372;2057;17.313;77.25;31.31813677;0;1;0;0.354
10403;Sopachuy;Chuquisaca;11.1;-19.4853;-64.4737;21;19.5;1074;2098;16.422;77.03;0.36036036;1;1;0;0.488
10404;Villa Alcala;Chuquisaca;11.99;-19.3661;-64.391;20.6;19.8;1419;2074;17.205;80.01;0;0;1;0;0.294
10405;El Villar;Chuquisaca;6.29;-19.6286;-64.311;20.7;19.4;1836;2098;17.736;77.31;0.158982512;1;1;0;0.274
10501;Monteagudo;Chuquisaca;7.23;-19.8028;-63.9551;20.2;22.8;2323;1145;21.092;74.85;287.5518672;1;1;0;0.72
10502;Huacareta;Chuquisaca;2.43;-20.3675;-64.0031;20.6;20.6;2197;1123;21.303;76.84;1.646090535;0;1;0;0.508
10601;Tarabuco;Chuquisaca;12.88;-19.1824;-64.915;21.6;15.4;1216;3295;14.953;70.7;1.397515528;1;1;0;0.288
10602;Yamparaez;Chuquisaca;14.26;-19.1888;-65.1229;22.1;15;1225;3097;13.839;64.93;12.27208976;1;1;0;0.283
10701;Camargo;Chuquisaca;7.39;-20.6411;-65.2091;23.8;15.4;1910;2414;12.868;55.03;36.12990528;1;1;0;0.39
10702;San Lucas;Chuquisaca;6.84;-20.1022;-65.1338;23.6;14.8;1234;3048;12.25;62.99;9.941520468;0;1;0;0.281
10703;Incahuasi;Chuquisaca;18.75;-20.7815;-64.8686;23;13.2;1022;2937;14.601;74.78;0.8;0;1;0;0.248
10704;Villa Charcas;Chuquisaca;13.92;-20.7236;-64.8853;23;13.5;1013;2956;14.387;74.15;0;0;1;0;0.217
10801;Villa Serrano;Chuquisaca;5.23;-19.1227;-64.3238;20.2;19.5;1571;2121;18.374;77.33;7.456978967;0;1;0;0.392
10901;Villa Abecia;Chuquisaca;7.59;-20.9745;-65.2307;23.9;15.4;1572;2316;12.87;53.24;0.263504611;1;1;0;0.234
10902;Culpina;Chuquisaca;3.8;-20.8265;-64.9438;23.2;13.6;1606;2962;13.91;69.93;24.73684211;0;1;0;0.257
10903;Las Carreras;Chuquisaca;5.03;-21.2078;-65.2104;24;15.6;1885;2329;12.771;55.12;1.391650099;1;1;0;0.281
11001;Villa Vaca Guzman (Muyupampa);Chuquisaca;3.48;-19.8963;-63.754;19.9;27.2;2510;1170;22.818;73.33;2.586206897;1;1;0;0.703
11002;Huacaya;Chuquisaca;2.15;-20.7442;-63.6647;20.3;27.6;63527;909;24.081;71.89;0;0;1;0;0.45
11003;Machareti;Chuquisaca;0.92;-20.8151;-63.3612;20;37.9;5539;651;25.043;65.93;7.608695652;1;1;0;0.781
20101;La Paz;La Paz;377.68;-16.4955;-68.1336;22.1;13.7;5372;3650;8.68;77.33;830.6820589;1;1;1;1.469
20102;Palca;La Paz;29.1;-16.5611;-67.953;21.4;9.88;2092;3466;10.025;80.56;32.06185567;0;1;0;0.267
20103;Mecapaca;La Paz;38.37;-16.668;-68.0179;22.1;12.1;1567;2878;9.284;72.72;17.43549648;1;1;0;0.46
20104;Achocalla;La Paz;234.8;-16.5681;-68.171;22.4;14.2;1564;3767;8.621;73.4;113.3730835;1;1;0;0.423
20105;El Alto;La Paz;2519.31;-16.5048;-68.1624;22.2;13.9;2515;4098;8.663;73.4;50.52137292;1;1;1;0.783
20201;Achacachi;La Paz;67.23;-16.0439;-68.685;22.2;19.2;1599;3840;9.173;66.48;12.30105608;0;1;0;0.188
20202;Ancoraimes;La Paz;51.29;-15.8975;-68.9056;22.4;18.5;1192;3881;9.483;71.16;0;0;1;0;0.134
20203;Chua Cocani;La Paz;410.46;-16.1925;-68.7447;22.7;19.6;3891;3828;8.94;66.22;0.131559713;0;1;0;0.113
20204;Huarina;La Paz;42.23;-16.1907;-68.601;22.3;17.3;1575;3842;9.267;67.44;20.15155103;0;1;0;0.154
20205;Santiago de Huata;La Paz;74.06;-16.0569;-68.8165;22.6;20;1423;3852;9.033;61.59;40.08911693;0;1;0;0.162
20206;Huatajata;La Paz;164.39;-16.2089;-68.7005;22.6;18.8;4564;3836;9.031;63.56;5.493034856;0;1;0;0.104
20301;Coro Coro;La Paz;11.7;-17.177;-68.4537;24.1;19.2;3742;4014;8.957;55.17;0;0;1;0;0.115
20302;Caquiaviri;La Paz;9.75;-17.0233;-68.6059;24;19.2;1210;3945;8.995;57.47;0.205128205;0;1;0;0.065
20303;Calacoto;La Paz;3.05;-16.5392;-68.0842;22;12.8;1629;3292;8.966;77.42;0.983606557;0;1;0;0.085
20304;Comanche;La Paz;11.9;-16.9564;-68.4271;23.7;18.1;1592;4040;8.712;60.61;0;0;1;0;0.081
20305;Charana;La Paz;1.41;-17.593;-69.4464;24.9;13.5;1952;4071;7.979;46.85;0.709219858;0;1;0;0.182
20306;Waldo Ballivian;La Paz;53.09;-17.5424;-67.9859;24.3;21;1334;3778;9.458;56.32;0;0;1;0;0.119
20307;Nazacara de Pacajes;La Paz;207.81;-16.9381;-68.7643;24;19.6;1247;3830;9.147;54.23;0;0;1;0;0.081
20308;Callapa;La Paz;6.44;-16.5012;-68.091;21.9;12.8;1384;3550;8.953;77.42;0;0;1;0;0.109
20401;Puerto Acosta;La Paz;53.62;-15.5329;-69.2524;22.8;17;1429;3845;9.496;68.89;33.55091384;0;1;0;0.108
20402;Mocomoco;La Paz;33.21;-16.2142;-68.6534;22.5;18;1112;3848;9.126;62.05;0.060222824;0;1;0;0.105
20403;Puerto Carabuco;La Paz;41.56;-15.7583;-69.0644;22.5;17.1;2838;3830;9.757;70.53;0;0;1;0;0.126
20404;Humanata;La Paz;12.48;-15.4689;-69.13;22.1;15.6;1151;3945;9.851;73.33;0;0;1;0;0.116
20405;Escoma;La Paz;67.77;-15.6614;-69.129;22.5;16.6;1374;3831;9.775;71.65;0;0;1;0;0.118
20501;Chuma;La Paz;29.46;-15.4799;-68.8983;20.9;14.8;1456;2841;10.73;84.48;0.067888663;0;1;0;0.142
20502;Ayata;La Paz;13.34;-15.4594;-68.8346;20.6;14.5;1288;3294;11.063;84.48;0;0;1;0;0.157
20503;Aucapata;La Paz;27.64;-15.4943;-68.7144;20.1;14.8;1180;2802;11.68;85.98;0;0;1;0;0.177
20601;Sorata;La Paz;14.38;-15.7728;-68.6499;21;16.2;4165;2693;10.789;81;18.01112656;0;1;0;0.221
20602;Guanay;La Paz;4.13;-15.4977;-67.8798;17.5;15.5;4854;421;21.292;85.19;11.38014528;0;1;0;0.799
20603;Tacacoma;La Paz;11.74;-15.5892;-68.6452;20.2;14.9;6423;3519;12.017;86.56;0;0;1;0;0.346
20604;Quiabaya;La Paz;31.59;-15.6363;-68.7034;20.6;15.5;10459;2960;11.069;79.71;0;0;1;0;0.157
20605;Combaya;La Paz;35.2;-15.8044;-68.7543;21.5;17.6;1001;3219;9.81;73.14;0;0;1;0;0.118
20606;Tipuani;La Paz;25.39;-15.5649;-68.0188;17.8;15.1;6235;519;19.427;84.6;0;0;1;0;0.713
20607;Mapiri;La Paz;15.79;-15.3096;-68.2148;17.7;15.1;3453;627;19.312;84.48;0;0;1;0;0.697
20608;Teoponte;La Paz;8.42;-15.4956;-67.8191;17.4;15.3;2954;432;21.683;85.19;0;0;1;0;0.652
20701;Apolo;La Paz;1.36;-14.7154;-68.4177;17.8;15.3;2120;1450;18.96;86.06;0;0;1;0;0.31
20702;Pelechuco;La Paz;3.53;-14.8193;-69.0708;20.6;11.8;5149;3586;11.102;83.54;0;0;1;0;0.262
20801;Viacha;La Paz;132.34;-16.6535;-68.3022;22.9;15.3;3795;3870;8.658;64.25;81.34350914;1;1;0;0.432
20802;Guaqui;La Paz;44.88;-16.5974;-68.8369;23.7;18.6;1930;3844;8.946;62.86;0.06684492;0;1;0;0.175
20803;Tiahuanaco;La Paz;38.52;-16.5531;-68.6816;23.4;18.4;2900;3861;8.895;60.01;6.464174455;0;1;0;0.168
20804;Desaguadero;La Paz;86.17;-16.5684;-69.0341;23.9;17.4;2082;3829;8.931;57.45;30.18451897;0;1;0;0.356
20805;San Andres de Machaca;La Paz;5.13;-16.956;-68.9688;24.2;18.2;1490;3930;8.857;52.35;0;0;1;0;0.073
20806;Jesus de Machaca;La Paz;17.48;-16.7441;-68.807;23.8;18.9;1386;3871;9.009;58.38;2.288329519;0;1;0;0.089
20807;Taraco;La Paz;68.16;-16.4568;-68.8586;23.5;18.6;1160;3875;8.938;60.39;25.44014085;0;1;0;0.129
20901;Luribay;La Paz;20.79;-17.0627;-67.6608;22.3;9.87;1355;2568;9.944;71.98;1.635401635;0;1;0;0.203
20902;Sapahaqui;La Paz;19.39;-16.8888;-67.9496;22.6;12.7;1364;3152;9.204;68.92;8.715832904;0;1;0;0.194
20903;Yaco;La Paz;20.54;-17.1585;-67.4113;22.1;9.12;1841;3605;10.353;70.69;0;0;1;0;0.107
20904;Malla;La Paz;14.76;-17.0394;-67.4506;21.6;7.51;1168;3823;10.62;77.16;0;0;1;0;0.136
20905;Cairoma;La Paz;25.11;-16.9044;-67.5397;21.1;6.54;2253;3890;11.14;78.87;0;0;1;0;0.113
21001;Inquisivi;La Paz;5.73;-16.9072;-67.1378;20.5;5.43;3599;2762;12.011;77.97;66.4921466;0;1;0;0.108
21002;Quime;La Paz;12.73;-16.98;-67.2157;20.9;6.13;4495;2992;11.261;82.23;0.157109191;0;1;0;0.341
21003;Cajuata;La Paz;15.95;-16.701;-67.1692;19.6;4.28;1541;1630;13.688;83.79;0;0;1;0;0.464
21004;Colquiri;La Paz;22.13;-17.3919;-67.1249;22.7;11.3;8061;4197;10.154;69.05;4.066877542;0;1;0;0.103
21005;Ichoca;La Paz;11.19;-17.1418;-67.181;21.6;7.69;1511;3630;10.758;74.37;0;0;1;0;0.092
21006;Licoma Pampa;La Paz;51.91;-16.2799;-67.6484;19;5.79;870;1516;15.16;88.19;0;0;1;0;0.271
21101;Chulumani;La Paz;63.78;-16.4085;-67.527;18.7;4.16;1612;1783;15.024;86.61;0.470366886;0;1;0;0.505
21102;Irupana;La Paz;16.61;-16.466;-67.4549;18.7;3.73;2304;1902;14.766;85.46;20.9512342;0;1;0;0.361
21103;Yanacachi;La Paz;13.08;-16.3993;-67.7366;19.7;6.06;2779;2000;13.054;88.31;0;0;1;0;0.434
21104;Palos Blancos;La Paz;7.49;-15.5865;-67.2502;17.4;15.3;2962;425;23.478;89.24;41.78905207;0;1;0;0.443
21105;La Asunta;La Paz;16.1;-16.1264;-67.1958;17.9;7.04;1363;751;19.422;87.23;0.49689441;0;1;0;0.36
21201;Pucarani;La Paz;52.83;-16.3998;-68.4779;22.5;15.7;2506;3867;9.036;62.74;16.37327276;0;1;0;0.207
21202;Laja;La Paz;55.93;-16.5366;-68.3852;22.8;15.3;1343;3863;8.746;66.17;64.79527981;0;1;0;0.377
21203;Batallas;La Paz;20.63;-16.2993;-68.5317;22.4;16.2;1735;3853;9.21;65.17;3.490063015;0;1;0;0.224
21204;Puerto Perez;La Paz;62.1;-16.2847;-68.6005;22.5;17.2;1053;3837;9.138;59.4;0;0;1;0;0.161
21301;Sica Sica;La Paz;19.26;-17.3329;-67.7389;23.5;15.8;1458;3936;9.486;64.27;3.426791277;1;1;1;0.183
21302;Umala;La Paz;10.48;-17.3733;-68.0208;24.1;19.5;1698;3827;9.261;60.9;0.763358779;0;1;0;0.11
21303;Ayo Ayo;La Paz;22.89;-17.091;-68.0026;23.4;16.1;1778;3896;8.848;62.04;1.834862385;0;1;0;0.14
21304;Calamarca;La Paz;30.83;-16.9058;-68.1155;23.3;16.8;1665;4053;8.362;65.37;332.5332468;1;1;0;0.171
21305;Patacamaya;La Paz;43.88;-17.2327;-67.9203;23.5;16.3;1723;3805;9.217;65.01;82.61166819;1;1;0;0.319
21306;Colquencha;La Paz;40.43;-16.9326;-68.2494;23.5;17.5;1781;3985;8.468;62.59;3.240168192;0;1;0;0.234
21307;Collana;La Paz;43.99;-16.9045;-68.2845;23.5;17.3;1885;3967;8.529;60.89;4.910206865;0;1;0;0.209
21401;Coroico;La Paz;28.92;-16.1886;-67.7275;19.1;7.13;2832;1742;15.149;87.56;1.590594744;0;1;0;0.441
21402;Coripata;La Paz;69.06;-16.3132;-67.6036;18.8;5.22;1398;1730;15.299;87.55;0.057920649;0;1;0;0.415
21501;Ixiamas;La Paz;0.33;-13.7676;-68.1259;17.1;24.2;2258;265;24.579;78.74;0;0;1;0;0.758
21502;San Buenaventura;La Paz;3.56;-14.4387;-67.5365;17.4;19.8;2596;212;26.064;84.11;0;0;1;0;0.606
21601;Charazani;La Paz;6.12;-15.1762;-68.9952;21;12.8;1762;3190;10.815;84.44;5.882352941;0;1;0;0.136
21602;Curva;La Paz;10.68;-15.13;-68.9999;21;12.6;1645;3733;10.833;84.44;0;0;1;0;0.109
21701;Copacabana;La Paz;98.42;-16.1657;-69.0854;23.4;18.3;3104;3857;9.299;64.32;0.508026824;0;1;0;0.286
21702;San Pedro de Tiquina;La Paz;148.64;-16.2217;-68.853;23;19;1854;3832;9.023;63.4;0;0;1;0;0.159
21703;Tito Yupanqui;La Paz;504.16;-16.1928;-68.9564;23.2;18.6;829;3835;9.14;63.73;0;0;1;0;0.098
21801;San Pedro de Curahuara;La Paz;12.33;-17.654;-68.0492;24.5;21.1;1513;3894;9.446;50.23;0;0;1;0;0.119
21802;Papel Pampa;La Paz;6.81;-17.8191;-67.7688;24.5;20.9;1687;3738;9.63;50.54;60.49926579;0;1;0;0.24
21803;Chacarilla;La Paz;5.49;-17.5809;-68.2046;24.5;21.3;1208;3842;9.409;50.33;0;0;1;0;0.096
21901;Santiago de Machaca;La Paz;5.3;-17.0661;-69.192;24.5;17.3;1861;3886;8.413;47.95;0;0;1;0;0.069
21902;Catacora;La Paz;9.46;-16.3023;-68.4617;22.2;15.3;1092;3938;9.296;62.74;0;0;1;0;0.114
22001;Caranavi;La Paz;28.11;-15.6946;-67.3921;17.4;12.3;2461;1573;22.494;88.08;137.4955532;0;1;0;0.342
22002;Alto Beni;La Paz;11.05;-15.5765;-67.4404;17.2;14.2;2317;674;23.238;87.81;22.08144796;0;1;0;0.414
30101;Cochabamba;Cochabamba;2286.5;-17.3936;-66.1569;21.2;15.4;3920;2583;13.851;72.31;120.0516073;1;1;1;1.202
30201;Aiquile;Cochabamba;8.45;-18.2002;-65.1806;20.8;19.6;1779;2258;16.357;71.11;7.692307692;1;1;0;0.461
30202;Pasorapa;Cochabamba;2.71;-18.3216;-64.6775;20.2;21.1;1681;2117;18.314;72.63;0.36900369;0;1;0;0.338
30203;Omereque;Cochabamba;8.79;-18.1072;-64.908;20.2;24.8;2580;1582;16.969;72.1;3.981797497;0;1;0;0.449
30301;Independencia;Cochabamba;14.34;-17.0841;-66.8194;20.8;6.7;1097;2645;11.418;71.77;4.672245467;0;1;0;0.147
30302;Morochata;Cochabamba;24.33;-17.2345;-66.5321;21.2;10.9;1390;2990;11.905;66.03;4.685573366;0;1;0;0.134
30303;Cocapata;Cochabamba;2.86;-17.5818;-65.3109;19.3;22.6;1759;2888;15.71;87.54;196.1538462;0;1;0;0.151
30401;Tarata;Cochabamba;33.2;-17.6114;-66.0234;21.4;16.4;2502;2769;13.642;59.9;15.81325301;1;1;0;0.486
30402;Anzaldo;Cochabamba;11.32;-17.7788;-65.9321;21.6;16.4;1165;3038;13.586;63.54;6.183745583;0;1;0;0.167
30403;Arbieto;Cochabamba;206.89;-17.5835;-66.0148;21.3;16.6;1399;2723;13.65;64.55;5.838851564;1;1;0;0.463
30404;Sacabamba;Cochabamba;26.67;-17.8172;-65.7786;21.3;17.9;1153;3158;13.858;68.29;0.224971879;0;1;0;0.149
30501;Arani;Cochabamba;52.76;-17.5996;-65.6654;20.1;21.1;1602;3565;13.037;81.24;4.435178165;1;1;0;0.207
30502;Vacas;Cochabamba;23.34;-17.5725;-65.5792;19.7;22.1;1647;3477;13.246;84.93;4.027420737;0;1;0;0.158
30601;Arque;Cochabamba;20.58;-17.8231;-66.5599;23.1;15;988;3667;11.292;55.56;0.388726919;1;1;1;0.157
30602;Tacopaya;Cochabamba;19.01;-17.8381;-66.5373;23.1;15;1078;3275;11.369;55.56;5.786428196;0;1;0;0.094
30701;Capinota;Cochabamba;35.53;-17.712;-66.2679;22.4;14.5;1932;2417;13.438;56.22;89.2766676;1;1;0;0.583
30702;Santivanez;Cochabamba;25.6;-17.5697;-66.2124;22;15.3;3237;2588;14.093;58.74;6.9140625;1;1;0;0.433
30703;Sicaya;Cochabamba;29.76;-17.8006;-66.3339;22.7;14.4;2045;2634;12.671;56.2;0;0;1;0;0.276
30801;Cliza;Cochabamba;384.48;-17.5918;-65.9342;21;17.4;2960;2724;13.496;68.2;8.1434665;1;1;0;0.636
30802;Toco;Cochabamba;112.98;-17.6269;-65.927;21.1;17.3;1561;2741;13.503;65.9;0.814303417;0;1;0;0.377
30803;Tolata;Cochabamba;87.76;-17.5342;-65.9631;21;17.5;2806;2715;13.547;68.2;3.258887876;1;1;0;0.674
30901;Quillacollo;Cochabamba;293.35;-17.3754;-66.3669;21.6;13.6;2424;2786;13.062;63.9;239.4102608;1;1;0;1.112
30902;Sipe Sipe;Cochabamba;115.71;-17.4535;-66.3575;21.9;14.1;2547;2591;13.512;57.2;16.07466943;1;1;0;0.659
30903;Tiquipaya;Cochabamba;178.86;-17.3382;-66.2189;21.2;15;2388;2649;13.478;66.4;41.03209214;1;1;0;1.226
30904;Vinto;Cochabamba;255.96;-17.3968;-66.3136;21.6;14.6;2073;2552;13.447;63.9;47.6988592;1;1;0;0.776
30905;Colcapirhua;Cochabamba;2299.83;-17.3885;-66.2408;21.5;15.1;3350;2568;13.732;66.4;5.442141376;1;1;0;1.3
31001;Sacaba;Cochabamba;311.35;-17.4038;-66.0403;20.8;16.3;2016;2720;13.954;69.16;161.2140678;1;1;0;0.149
31002;Colomi;Cochabamba;34.51;-17.3383;-65.8683;19.9;17.2;1685;3302;14.62;83.46;28.54245146;1;1;0;0.359
31003;Villa Tunari;Cochabamba;6.56;-16.9728;-65.4202;17.7;17.4;2479;309;23.451;85.52;914.6341463;1;1;1;0.491
31101;Tapacari;Cochabamba;14.86;-17.5164;-66.6202;22.5;12.4;1210;2916;11.919;57.97;12.38223419;1;1;0;0.162
31201;Totora;Cochabamba;6.85;-17.7355;-65.1914;19.7;23.4;1537;2805;16.463;79.18;16.20437956;1;1;0;0.179
31202;Pojo;Cochabamba;4.95;-17.7572;-64.863;19.3;26.1;2197;1985;18.263;83.92;7.070707071;0;1;0;0.246
31203;Pocona;Cochabamba;14.57;-17.6748;-65.42;19.9;21.9;1864;2720;14.889;81.18;4.255319149;0;1;0;0.295
31204;Chimore;Cochabamba;9.99;-16.9939;-65.1505;17.6;19.7;2904;241;25.381;86.52;290.1901902;1;1;0;0.595
31205;Puerto Villarroel;Cochabamba;28.71;-16.839;-64.7927;17.6;25.2;3258;196;27.164;84.37;461.9644723;1;1;1;0.583
31206;Entre Rios;Cochabamba;21.67;-17.197;-64.5354;17.8;26.1;4613;239;25.074;86.19;132.0719889;1;1;0;0.744
31301;Mizque;Cochabamba;10.47;-18.0377;-65.5119;21.4;19.5;2552;2525;15.3;71.23;25.69245463;1;1;0;0.419
31302;Vila Vila;Cochabamba;8.68;-17.5005;-66.328;22.1;14.7;914;2506;13.951;54.93;0.115207373;0;1;0;0.193
31303;Alalay;Cochabamba;8.18;-17.4196;-66.0261;20.8;16.5;1932;2761;13.928;69.16;0.244498778;0;1;0;0.15
31401;Punata;Cochabamba;405.27;-17.5927;-65.8497;20.7;18.4;1964;2711;13.342;72.42;17.09724381;1;1;0;0.625
31402;Villa Rivero;Cochabamba;83.02;-17.6158;-65.8108;20.7;18.8;1268;2736;13.326;69.24;4.264032763;1;1;0;0.258
31403;San Benito;Cochabamba;91.21;-17.5228;-65.8945;20.7;18.4;1686;2727;13.348;72.42;10.8321456;1;1;0;0.593
31404;Tacachi;Cochabamba;102.9;-17.6375;-65.7785;20.6;19;1325;3027;13.341;71.53;0;0;1;0;0.266
31405;Cuchumuela;Cochabamba;60.03;-17.6917;-65.7547;20.8;19;1139;3509;13.49;71.53;0;0;0;0;0
31501;Bolivar;Cochabamba;11.32;-18.0133;-66.6356;23.7;17.8;1234;4083;10.295;58.97;0.265017668;0;1;0;0.129
31601;Tiraque;Cochabamba;6.86;-17.192;-65.4212;18.3;18.7;1673;539;19.9;87.61;314.4314869;1;1;0;0.278
31602;Shinahota;Cochabamba;36.69;-16.9962;-65.2455;17.6;18.7;2430;267;24.628;86.74;63.88661761;1;1;0;0.649
40101;Oruro;Oruro;1077.11;-17.9698;-67.1148;24.2;20.9;2524;3732;9.526;51.29;89.50710698;1;1;1;0.85
40102;Caracollo;Oruro;9.76;-17.6491;-67.2085;23.6;16.2;1846;3774;9.707;58.57;66.49590164;1;1;1;0.286
40103;El Choro;Oruro;9.29;-18.3571;-67.1153;24.7;22;899;3704;9.663;47.92;2.045209903;0;1;0;0.226
40104;Paria (Soracachi);Oruro;11.42;-17.8217;-67.0209;23.8;17.6;1963;3762;9.582;55.13;139.2294221;0;1;0;0.164
40201;Challapata;Oruro;13.67;-18.9022;-66.775;25.1;19.4;1497;3727;9.159;49.12;176.9568398;0;1;0;0.267
40202;Quillacas;Oruro;5.54;-19.2322;-66.9422;25.4;19.7;1772;3767;9.156;46.77;13.71841155;0;1;0;0
40301;Corque;Oruro;4.74;-18.3503;-67.6821;25;22;1166;3777;10.348;44.66;8.64978903;0;1;0;0.115
40302;Choquecota;Oruro;3.51;-18.1948;-68.0036;25;21.6;1610;3883;9.888;43.89;0;0;1;0;0.102
40401;Curahuara de Carangas;Oruro;2.33;-17.8427;-68.409;24.9;20;2133;3913;8.897;45.22;0.429184549;0;1;0;0.281
40402;Turco;Oruro;1.08;-18.1807;-68.193;25.1;20.7;1868;3858;9.605;44.4;0;0;1;0;0.102
40501;Huachacalla;Oruro;191.06;-18.7931;-68.2619;25.8;17.4;2119;3751;10.132;35.42;0.491992044;0;1;0;0.187
40502;Escara;Oruro;3.6;-18.8588;-68.1704;25.8;17.5;795;3725;10.48;40.15;710.2777778;0;1;0;0.052
40503;Cruz de Machacamarca;Oruro;2.88;-18.7696;-68.3124;25.8;17.3;756;3950;9.956;37.88;2.777777778;0;1;0;0.076
40504;Yunguyo de Litoral;Oruro;4.99;-18.8534;-68.3195;25.8;16.6;877;3739;9.856;34.96;0;0;1;0;0.057
40505;Esmeralda;Oruro;6.41;-18.8463;-68.2835;25.8;16.9;803;3747;10.012;34.22;180.6552262;0;1;0;0.069
40601;Poopo;Oruro;13;-18.2506;-66.9747;24.5;21.7;7845;3771;9.353;53.99;0.230769231;1;1;0;0.026
40602;Pazna;Oruro;5.7;-18.5974;-66.9208;24.9;21.9;2218;3721;9.352;50.48;0.701754386;0;1;0;0.208
40603;Antequera;Oruro;12.73;-18.4786;-66.841;24.7;22.2;35119;3990;9.308;51.35;0;0;1;0;0.094
40701;Huanuni;Oruro;36.21;-18.2858;-66.8347;24.4;21.2;5472;3948;9.312;54.03;19.8011599;0;1;0;0.807
40702;Machacamarca;Oruro;19.87;-17.6425;-67.3581;23.8;17.7;1909;3790;9.616;55.99;0.402617011;1;1;0;0.076
40801;Salinas de Garci Mendoza;Oruro;3.23;-19.6375;-67.6749;26.2;16;1740;3735;9.692;34.61;44.89164087;0;1;0;0.127
40802;Pampa Aullagas;Oruro;2.99;-19.1962;-67.0618;25.5;19.2;1829;3704;9.427;48.99;0.334448161;0;1;0;0.179
40901;Sabaya;Oruro;4.55;-19.0148;-68.3729;25.9;15.6;825;3710;9.469;35.33;72.08791209;1;1;0;0.219
40902;Coipasa;Oruro;6.88;-19.2768;-68.2781;26.1;16;1768;3676;9.908;40.15;261.9186047;0;1;0;0.537
40903;Chipaya;Oruro;7.88;-19.0418;-68.0897;25.9;17.2;1165;3675;10.642;42.46;0.126903553;0;1;0;0.173
41001;Toledo;Oruro;4.14;-18.1813;-67.4061;24.7;22.5;1299;3715;10.117;47.88;6.280193237;0;1;0;0.212
41101;Eucaliptus;Oruro;16.31;-17.5959;-67.5092;23.9;19.1;1536;3744;9.445;55.92;0.551808706;1;1;0;0.261
41201;Santiago de Andamarca;Oruro;2.71;-18.7787;-67.5073;25.4;21.7;1492;3747;10.492;41.18;66.42066421;0;1;0;0.078
41202;Belen de Andamarca;Oruro;2.77;-18.8174;-67.6412;25.5;20.4;1324;3829;10.528;42.01;0.722021661;0;1;0;0.05
41301;Totora;Oruro;10.23;-17.7935;-68.1454;24.7;21.2;1113;4027;9.333;79.18;0.195503421;0;1;0;0.179
41401;Santiago de Huari;Oruro;5.58;-19.013;-66.7772;25.2;19.2;5957;3743;9.076;49.57;9.498207885;1;1;0;0.31
41501;La Rivera;Oruro;6.39;-19.0041;-68.6399;25.9;15.3;1923;3841;8.148;37.49;222.5352113;0;1;0;0.22
41502;Todos Santos;Oruro;4.75;-19.014;-68.7187;25.9;15.5;1330;3928;7.781;40.18;0;0;1;0;0.153
41503;Carangas;Oruro;4.38;-18.383;-67.7996;25.1;21.6;946;3808;10.367;43.45;324.6575342;0;1;0;0.281
41601;Huayllamarca;Oruro;6.82;-17.8382;-67.9429;24.6;21.1;1290;3890;9.495;49.94;0.146627566;0;1;0;0.24
50101;Potosi;Potosi;177.08;-19.5893;-65.7535;24.5;19.4;3608;3992;9.755;57;321.2276937;1;1;1;0.953
50102;Tinguipaya;Potosi;19.69;-19.2202;-65.8225;24.1;17.2;967;3185;9.88;52.12;0;0;1;0;0.248
50103;Yocalla;Potosi;12.63;-19.3899;-65.9091;24.6;19.6;1266;3409;8.915;55.64;1.187648456;1;1;0;0.254
50104;Urmiri;Potosi;2.42;-19.3855;-66.0641;25;21.7;912;3690;7.967;50.3;0;0;1;0;0.252
50201;Uncia;Potosi;22.67;-18.4665;-66.5682;24.3;18.4;1205;3868;9.918;57.54;24.39347155;1;1;0;0.448
50202;Chayanta;Potosi;26.05;-18.4603;-66.4437;24.1;17.4;975;3738;10.212;57.73;1.190019194;0;1;0;0.262
50203;Llallagua;Potosi;77.56;-18.4227;-66.5852;24.3;18.3;1771;3888;9.945;57.54;38.57658587;0;1;0;0.65
50204;Chuquihuta;Potosi;54.47;-18.5925;-66.3622;24.3;17.5;976;3603;9.869;58.9;0;0;0;0;0
50301;Betanzos;Potosi;16.64;-19.5533;-65.4537;23.7;16.8;1285;3326;11.239;64.6;13.88221154;1;1;0;0.311
50302;Chaqui;Potosi;20.4;-19.5882;-65.5616;24.1;17.8;1061;3502;10.797;62.04;0.637254902;0;1;0;0.267
50303;Tacobamba;Potosi;17.04;-19.2008;-65.5519;23.4;15.6;1325;2999;11.544;64.65;0;0;1;0;0.244
50401;Colquechaca;Potosi;20.2;-18.7;-66.0039;23.7;15;1260;4175;11.065;60.6;0.099009901;0;1;0;0.255
50402;Ravelo;Potosi;13.48;-18.8063;-65.5117;22.5;13.4;1159;3229;13.522;72.1;0.148367953;0;1;0;0.243
50403;Pocoata;Potosi;27.1;-18.6989;-66.1627;24.1;16.8;932;3386;10.002;60.96;0.258302583;0;1;0;0.278
50404;Ocuri;Potosi;15.26;-18.8425;-65.7961;23.4;14.3;956;4000;11.58;67.31;0.065530799;0;1;0;0.254
50405;San Pedro de Macha;Potosi;24.86;-18.8425;-65.7961;23.4;14.3;0;4000;11.58;67.31;0;0;0;0;0.258
50501;San Pedro de Buena Vista;Potosi;12.89;-18.2702;-65.981;22.8;14.3;1070;2678;12.898;63.35;6.128782002;0;1;0;0.258
50502;Toro Toro;Potosi;9.11;-18.1334;-65.763;22.1;15.7;1285;2706;14.316;69.06;0;0;1;0;0.28
50601;Cotagaita;Potosi;4.52;-20.8178;-65.6587;24.8;20.7;1310;2641;11.784;45.79;67.03539823;1;1;0;0.39
50602;Vitichi;Potosi;5.75;-20.5232;-65.499;24.3;18.2;1093;2558;12.591;46.57;1.739130435;0;1;0;0.264
50701;Sacaca;Potosi;19.26;-18.0693;-66.3844;23.3;15.6;1006;3675;11.403;59.98;0;0;1;0;0.253
50702;Caripuyo;Potosi;16.27;-18.2328;-66.4743;23.8;16.6;1056;3349;10.631;57.92;0.12292563;0;1;0;0.251
50801;Tupiza;Potosi;7.34;-21.4438;-65.7208;25.1;20;2174;2965;11.101;43.94;736.7847411;0;1;0;0.596
50802;Atocha;Potosi;4.44;-20.9333;-66.2215;26.1;33.8;8915;3693;7.936;43.53;42.11711712;1;1;0;0.454
50901;Colcha K;Potosi;0.79;-20.7403;-67.6606;26.9;17.9;47748;3749;8.843;25.81;1027.848101;1;1;0;0.531
50902;San Pedro de Quemes;Potosi;0.36;-20.7476;-68.0502;26.8;19.1;1316;3684;8.856;32.58;0;1;1;0;0.279
51001;San Pablo de Lipez;Potosi;0.2;-21.6878;-66.6211;26.7;27.6;1555;4241;6.915;36.2;0;0;1;0;0.315
51002;Mojinete;Potosi;2.51;-21.7647;-66.2394;26.3;28.9;839;3326;8.063;36.71;0;0;0;0;0
51003;San Antonio de Esmoruco;Potosi;0.77;-21.949;-66.5175;26.6;28.6;1035;3713;6.988;36.12;2.597402597;0;1;0;0.318
51101;Puna;Potosi;11.68;-19.7948;-65.5061;24.1;17.9;1297;3283;11.215;59.99;11.04452055;1;1;0;0.625
51102;Caiza D;Potosi;9.37;-20.0071;-65.654;24.6;20.7;1932;3143;11.037;49.11;0.747065101;0;1;0;0.298
51103;Ckochas;Potosi;6.81;-19.6384;-65.2751;23.4;15.6;1168;3350;11.999;61.07;0;0;1;0;0.259
51201;Uyuni;Potosi;4.51;-20.4628;-66.8239;26.5;25;2135;3673;8.283;36.2;968.2926829;0;1;0;0.712
51202;Tomave;Potosi;0.95;-20.0656;-66.5324;26;25.5;1357;3913;7.982;40.09;1.052631579;0;1;0;0.255
51203;Porco;Potosi;12.73;-21.0522;-66.4303;26.3;31.3;6438;4011;7.842;37.04;35.42812255;1;1;0;0.698
51301;Arampampa;Potosi;8.53;-18.1095;-66.1722;23;14.9;1200;3268;12.28;67.32;0;0;1;0;0.256
51302;Acasio;Potosi;12.84;-18.024;-66.0589;22.6;15.1;1076;3002;13.068;66.08;0;0;1;0;0.244
51401;Llica;Potosi;0.71;-19.8505;-68.2498;26.5;17.3;1865;3683;9.43;33.86;29.57746479;0;1;0;0.359
51402;Tahua;Potosi;1.41;-19.8908;-67.6962;26.6;16.7;1401;3687;9.179;37;0;0;1;0;0.276
51501;Villazon;Potosi;19.97;-22.0907;-65.5957;25.4;22.2;1464;3451;10.033;47.23;207.3610416;0;1;0;0.645
51601;San Agustin;Potosi;1;-21.1573;-67.6805;26.8;20.2;1554;3839;8.292;27.24;0;0;1;0;0.543
60101;Tarija;Tarija;112.07;-21.5339;-64.7344;22.8;15.2;2344;1873;15.438;74.84;738.3421076;1;1;1;1.29
60201;Padcaya;Tarija;4.01;-21.8871;-64.7128;22.7;17.8;2174;2000;16.296;75.17;122.6932668;1;0;0;0.467
60202;Bermejo;Tarija;97.03;-22.7327;-64.3428;20.9;27.5;2668;419;24.748;73.98;79.70730702;1;0;0;1.149
60301;Yacuiba;Tarija;26.8;-22.0137;-63.6781;20.6;33.8;3210;628;24.539;64.81;667.6492537;1;1;0;1.183
60302;Carapari;Tarija;5.01;-21.8281;-63.7437;20.6;28.7;4248;824;24.088;69.89;204.99002;1;1;0;0.792
60303;Villa Montes;Tarija;3.9;-21.2589;-63.4723;20.1;31.7;10431;393;25.157;62.31;1658.717949;1;1;1;1.142
60401;Uriondo;Tarija;19.9;-21.6955;-64.6529;22.5;16.7;3206;1711;16.615;78.23;54.17085427;1;1;0;0.599
60402;Yunchara;Tarija;2.6;-21.8242;-65.2285;24.3;16.4;3198;3571;11.888;58.74;39.61538462;1;1;0;0.156
60501;San Lorenzo;Tarija;4.67;-21.4178;-64.7494;22.8;14.5;1778;2002;15.352;75.48;1496.573876;1;1;0;0.662
60502;El Puente;Tarija;4.62;-21.2336;-65.2063;24;15.6;5817;2332;12.761;55.12;72.94372294;1;1;0;0.267
60601;Entre Rios;Tarija;9.04;-21.5258;-64.172;21.3;17.4;14337;1235;20.441;86.19;17.25663717;1;0;0;0.572
70101;Santa Cruz de la Sierra;Santa Cruz;1266.09;-17.7834;-63.1821;18.7;46;3301;424;25.627;71.12;291.7446627;1;1;1;2.366
70102;Cotoca;Santa Cruz;171.58;-17.7545;-62.9962;18.7;46;2912;365;26.076;71.6;97.93099429;1;1;0;1.386
70103;Porongo;Santa Cruz;24.39;-17.8529;-63.3083;18.8;45.7;1855;466;24.815;70.34;1518.204182;1;1;0;2.922
70104;La Guardia;Santa Cruz;154.87;-17.8919;-63.3311;18.8;46.1;1852;499;24.545;70.34;164.1505779;1;1;0;1.372
70105;El Torno;Santa Cruz;57.9;-17.9918;-63.3826;18.9;47;1692;525;23.803;68.8;528.9464594;1;1;0;0.99
70201;Warnes;Santa Cruz;114.68;-17.5101;-63.1647;18.6;39.6;3471;338;26.211;72.96;698.0728985;1;1;0;1.274
70202;Okinawa Uno;Santa Cruz;10.08;-17.3288;-62.8314;18.6;37.6;7604;268;26.58;70.37;228.4722222;0;1;0;1.479
70301;San Ignacio de Velasco;Santa Cruz;1.38;-16.3739;-60.9598;18.5;26.9;2226;412;26.682;73.73;1396.376812;0;0;0;1.024
70302;San Miguel de Velasco;Santa Cruz;1.59;-16.698;-60.9679;18.5;28.9;2730;484;26.782;73.33;24.52830189;0;0;0;0.771
70303;San Rafael de Velasco;Santa Cruz;0.9;-16.7868;-60.6751;18.5;30.7;2178;412;27.043;70.7;0;0;0;0;0.948
70401;Buena Vista;Santa Cruz;6.04;-17.4601;-63.6606;18.3;38.2;3017;394;25.79;74.33;59.93377483;1;1;0;0.943
70402;San Carlos;Santa Cruz;15.67;-17.9777;-63.3155;18.9;48;3180;573;24.321;69.5;95.2137843;1;1;0;1.064
70403;Villa Yapacani;Santa Cruz;6.06;-17.4021;-63.8814;18.2;36.1;3999;298;25.379;74.57;1197.029703;1;1;0;1.099
70404;San Juan de Yapacani;Santa Cruz;6.47;-17.2916;-63.8471;18.2;36.9;6708;288;25.928;79.52;171.0973725;0;1;0;1.229
70501;San Jose de Chiquitos;Santa Cruz;2.14;-17.8454;-60.7422;18.5;37.8;4159;301;27.315;68.73;672.8971963;0;0;0;1.138
70502;Pailon;Santa Cruz;3.96;-17.6597;-62.7197;18.7;43.9;7447;293;26.455;69.27;565.1515152;1;0;0;1.512
70503;Robore;Santa Cruz;2.54;-18.3306;-59.7562;18.7;33.9;2132;261;27.346;67.69;0.393700787;0;0;0;1.104
70601;Portachuelo;Santa Cruz;19.25;-17.3546;-63.3946;18.4;36.8;4782;302;26.238;73.54;595.9480519;1;1;0;1.611
70602;Santa Rosa del Sara;Santa Cruz;4.37;-17.1097;-63.599;18.3;36.9;7407;278;26.664;74.02;24.71395881;0;1;0;0.844
70603;Colpa Belgica;Santa Cruz;20.65;-17.5374;-63.3044;18.5;39.7;7967;368;25.946;72.77;921.1138015;0;1;0;1.626
70701;Lagunillas;Santa Cruz;5.27;-19.6518;-63.6759;19.6;27.9;15422;919;23.216;68.15;0.189753321;0;0;0;0.744
70702;Charagua;Santa Cruz;0.55;-19.7917;-63.2005;19.4;45.9;3055;800;24.868;69.18;972.7272727;1;0;0;0.699
70703;Cabezas;Santa Cruz;6.16;-18.7862;-63.3131;19.1;43.2;7990;469;24.95;63.96;170.2922078;0;0;0;0.871
70704;Cuevo;Santa Cruz;5.68;-20.4546;-63.5187;20;35;1512;1021;23.674;71.1;16.02112676;0;0;0;0.693
70705;Gutierrez�(Kereimba Iyambae);Santa Cruz;5.28;-20.4546;-63.5187;20;35;3345;1021;23.674;71.1;0.189393939;0;0;0;0.529
70706;Camiri;Santa Cruz;31.52;-20.0391;-63.5204;19.8;35.5;2032;813;23.684;70.84;146.9543147;1;0;1;1.479
70707;Boyuibe;Santa Cruz;3.38;-20.4318;-63.2815;19.8;43.1;1645;811;24.488;62.65;11.24260355;1;0;0;0.896
70801;Vallegrande;Santa Cruz;5.39;-18.6691;-63.9783;19.7;29.6;2656;1822;20.743;80.74;513.5435993;1;0;0;0.641
70802;El Trigal;Santa Cruz;5.94;-18.306;-64.1493;19.7;29.3;3527;1622;19.869;81.99;0.168350168;0;0;0;0.501
70803;Moro Moro;Santa Cruz;4.17;-18.3664;-64.3236;19.9;23.9;5865;2360;19.451;75.64;5.51558753;0;0;0;0.297
70804;Postrervalle;Santa Cruz;1.55;-18.4909;-63.8352;19.6;36.7;2298;1842;20.633;81.52;0;0;0;0;0.408
70805;Pucara;Santa Cruz;2.94;-18.7149;-64.1844;19.9;23.6;3131;2453;19.861;78.35;0;0;0;0;0.207
70901;Samaipata;Santa Cruz;5.4;-18.1797;-63.8758;19.3;37;3974;1648;20.657;79.59;7.592592593;1;0;0;0.715
70902;Pampagrande;Santa Cruz;6.75;-18.1797;-63.8758;19.3;37;3184;1648;20.657;79.59;18.07407407;0;0;0;0.517
70903;Mairana;Santa Cruz;13.8;-18.1193;-63.9564;19.3;36;3366;1331;20.417;82.75;21.23188406;1;0;0;0.728
70904;Quirusillas;Santa Cruz;10.8;-18.3349;-63.9461;19.6;34.2;1791;1511;20.416;82.48;0;0;0;0;0.392
71001;Montero;Santa Cruz;404.9;-17.342;-63.2558;18.5;36.1;3171;301;26.354;74.26;304.4875278;1;1;0;1.656
71002;General Saavedra;Santa Cruz;30.3;-17.2251;-63.2144;18.5;33.6;6536;279;26.533;72.25;491.2871287;0;1;0;1.037
71003;Mineros;Santa Cruz;54.11;-17.1176;-63.2333;18.4;31.7;5145;259;26.671;70.72;59.87802624;0;1;0;1.377
71004;Fernandez Alonso;Santa Cruz;19.24;-17.0098;-63.2323;18.4;29.8;9004;242;26.817;73.08;97.86902287;0;1;0;0.997
71005;San Pedro;Santa Cruz;4.92;-16.6725;-62.2493;18.6;28.4;9168;610;26.415;71.62;174.3902439;1;1;0;0.159
71101;Concepcion;Santa Cruz;0.86;-16.1349;-62.0239;18.6;25.6;2800;503;26.054;79.64;569.7674419;0;0;0;0.877
71102;San Javier;Santa Cruz;4.41;-16.2739;-62.5044;18.5;27.3;2499;541;26.032;76.09;46.93877551;0;0;0;1.242
71103;San Julian;Santa Cruz;7.8;-16.3452;-63.0188;18.3;33;1750;221;26.816;76.4;681.9230769;0;0;0;1.283
71104;San Ramon;Santa Cruz;17.12;-16.6149;-62.5004;18.6;27.3;7415;271;26.351;71.06;8.878504673;0;0;0;0.634
71105;San Antonio de Lomerio;Santa Cruz;2.54;-16.7685;-61.8103;18.6;27.8;2642;396;26.579;75.5;0;0;0;0;0.906
71106;Cuatro Canadas;Santa Cruz;5.63;-17.2663;-62.5571;18.7;39.6;12600;263;26.718;71.06;434.2806394;1;0;0;1.144
71201;San Matias;Santa Cruz;0.57;-16.3598;-58.4002;18.6;22.4;2062;124;28.981;66.9;1.754385965;0;1;0;1.431
71301;Comarapa;Santa Cruz;5.91;-17.9136;-64.5296;19.4;30;2354;1826;18.866;80.58;160.9137056;1;0;0;0.565
71302;Saipina;Santa Cruz;12.37;-18.0798;-64.5858;19.8;28;1731;1379;18.176;76.14;6.305578011;1;0;0;0.518
71401;Puerto Suarez;Santa Cruz;1.34;-18.9632;-57.7975;18.3;27.4;3959;102;29.249;71.4;274.6268657;0;0;0;1.524
71402;Puerto Quijarro;Santa Cruz;12.29;-19.0044;-57.7157;18.2;27.9;1560;145;29.268;69.87;119.3653377;0;0;0;1.868
71403;El Carmen Rivero Torrez;Santa Cruz;0.79;-18.8299;-58.6235;18.4;32.2;1632;147;28.692;63.87;0;0;0;0;1.026
71501;Ascension de Guarayos;Santa Cruz;3.92;-15.8967;-63.1877;18.1;23.2;2744;257;26.939;78.07;298.4693878;0;0;0;1.026
71502;Urubicha;Santa Cruz;0.62;-15.6282;-63.0841;18.2;25.5;1546;218;27.01;76.5;1.612903226;0;0;0;0.792
71503;El Puente;Santa Cruz;1.41;-16.3298;-62.9106;18.4;31.2;5497;267;26.657;55.12;0;1;0;0;0.267
80101;Trinidad;Beni;48.98;-14.8349;-64.9045;17.4;21.6;1945;162;27.855;78.98;917.1498571;0;1;0;1.514
80102;San Javier;Beni;1.82;-14.6002;-64.881;17.4;22.4;3876;155;27.978;76.09;0.549450549;0;1;0;1.242
80201;Riberalta;Beni;11.02;-10.9973;-66.0752;17.8;16;1895;137;27.745;85.32;493.6479129;0;0;0;0.876
80202;Guayaramerin;Beni;6.27;-10.8189;-65.355;17.8;15.3;2081;129;27.334;82.74;0.956937799;0;0;0;1.163
80301;Reyes;Beni;0.89;-14.2952;-67.3359;17.4;19.7;1974;190;26.66;80.49;0;0;1;0;1.125
80302;San Borja;Beni;3.38;-14.8582;-66.7475;17.5;22.6;1827;198;26.815;80.98;119.8224852;0;1;0;0.805
80303;Santa Rosa;Beni;0.9;-13.4131;-66.0372;17.1;24.9;2249;156;28.274;75.82;0;0;1;0;0.844
80304;Rurrenabaque;Beni;8.31;-14.4437;-67.5312;17.4;19.8;2323;210;26.099;84.11;95.30685921;0;1;0;1.093
80401;Santa Ana del Yacuma;Beni;0.9;-13.7455;-65.4279;17.3;24.4;2352;149;28.431;81.02;518.8888889;0;1;0;1.012
80402;Exaltacion;Beni;0.32;-13.3196;-65.2508;17.4;22.2;2432;141;28.652;79.13;0;0;0;0;0
80501;San Ignacio de Moxos;Beni;1.08;-14.9962;-65.6411;17.4;23.5;2427;169;27.443;79.83;0.925925926;0;1;0;0.778
80601;Loreto;Beni;0.79;-15.193;-64.7591;17.4;25.6;3000;161;27.711;78.1;0;0;1;0;0.997
80602;San Andres;Beni;1.67;-13.374;-62.0152;17.6;14.3;3356;164;28.378;79.15;0.598802395;0;1;0;0.809
80701;San Joaquin;Beni;0.79;-15.1888;-66.9793;17.5;20.4;2188;256;25.635;84.3;1.265822785;0;0;0;1.286
80702;San Ramon;Beni;0.84;-13.2669;-64.6173;17.4;18.5;3921;142;28.753;71.06;1.19047619;0;0;0;1.459
80703;Puerto Siles;Beni;0.53;-12.8004;-65.0044;17.5;18.2;3193;140;28.577;80.66;0;0;0;0;0
80801;Magdalena;Beni;0.94;-13.2637;-64.0545;17.4;15.4;2067;147;28.751;77.31;0;0;0;0;0.962
80802;Baures;Beni;0.37;-13.6546;-63.6955;17.5;16.3;3113;153;28.653;79.13;0;0;0;0;0.669
80803;Huacaraje;Beni;1.04;-13.5924;-63.8785;17.4;16.4;2815;150;28.733;77.97;0;0;0;0;0.659
90101;Cobija;Pando;120.56;-11.0185;-68.7538;17.9;17.9;1909;206;27.189;83.05;55.66522893;0;0;0;1.537
90102;Porvenir;Pando;0.82;-11.2372;-68.6875;17.8;17.4;1988;223;27.04;83.68;0;0;0;0;0.996
90103;Bolpebra;Pando;0.92;-10.9481;-69.5638;18;18.4;5329;233;26.638;82.07;0;0;0;0;0
90104;Bella Flor;Pando;0.63;-11.1272;-67.794;17.8;16.8;3586;198;27.745;84.05;0;0;0;0;0.59
90201;Puerto Rico;Pando;1.36;-11.1049;-67.5568;17.8;16.6;2345;177;27.996;82.97;0;0;0;0;0.864
90202;San Pedro;Pando;5.75;-10.984;-68.0876;17.9;17.7;1472;204;27.565;71.62;0;0;0;0;0.159
90203;Filadelfia;Pando;0.67;-11.3466;-68.7571;17.8;17.5;3371;264;26.904;83.97;0;0;0;0;1.059
90301;Puerto Gonzalo Moreno;Pando;9.29;-11.0823;-66.1743;17.8;16.2;1339;135;27.793;81.64;0;0;0;0;0.593
90302;San Lorenzo;Pando;2.9;-11.8868;-66.9784;17.6;13.3;2020;153;27.392;75.48;0;1;0;0;0.662
90303;Sena;Pando;1.34;-11.9546;-67.4013;17.7;15.7;1243;180;26.873;81.82;0;0;0;0;0.937
90401;Santa Rosa del Abuna;Pando;0.73;-10.607;-67.4535;17.9;16.4;3044;142;28.206;83.5;0;0;0;0;0
90402;Ingavi;Pando;0.48;-10.954;-66.829;17.7;16.7;1498;154;27.913;83.59;0;0;0;0;0
90501;Nueva Esperanza;Pando;0.38;-10.0581;-65.3413;17.6;14.6;2523;111;27.289;83.82;0;0;0;0;0.4
90502;Villa Nueva;Pando;0.89;-11.3571;-66.3739;17.8;16.7;2708;159;27.753;84.37;0;0;0;0;0.786
90503;Santos Mercado;Pando;0.33;-9.9385;-66.6257;17.7;15.6;2407;120;27.886;83.01;0;0;0;0;0
100000;Raqaypampa;Cochabamba;14.4;-18.189;-65.3827;21.3;17.8;0;2731;15.731;70.76;0;0;1;0;0
100001;Jatun Ayllu Yura;Potosi;2.48;-18.189;-65.3827;21.3;17.8;0;2731;15.731;70.76;0;0;0;0;0
100002;Territorio Indigena Multietnico TIM;Beni;0.89;-15.3463;-66.0839;17.5;25.2;0;196;26.862;83.01;0;0;0;0;0
