Cluster,Comunidad,Municipio_std,HH,distance_km,nearest_line_type,annual_extension_EUR_HH,annual_standalone_EUR_HH,dispersed,breakeven_distance_km,dispersed_breakeven_independant,km_arete_parent_glouton
C1,EXALTACION,Exaltación,145.6524273967637,0.0466155111328188,SIN,17.81,1258.21,False,172.361,False,0.0466155111328188
C1,BOCORONDO,Exaltación,56.64363501477981,6.621175174356837,SIN,140.03,1258.21,False,67.031,False,6.621175174356837
C1,20 DE ENERO,Exaltación,12.95076223252802,9.23373335335436,SIN,765.02,1258.21,False,15.326,False,9.23373335335436
C1,TROMPILLO,Exaltación,28.31006929327392,25.196975927875904,SIN,950.65,1258.21,False,33.501,False,18.770373470401072
C1,PUERTO SANTIAGO,Exaltación,20.46341179550654,26.13837843789098,SIN,1356.72,1258.21,False,24.216,True,1.6625843413937527
C1,SAN CARLOS,Exaltación,71.78894525166731,38.88060115910172,SIN,585.32,1258.21,False,84.953,False,30.1105233595478
C1,RANCHO GINEBRA,Exaltación,83.23667177764553,47.53665032392087,SIN,616.26,1258.21,False,98.5,False,31.010513745299512
C1,NUEVO PARAISO,Exaltación,5.628613065175899,55.491363268560434,SIN,10354.18,1258.21,True,6.661,True,
C1,ANA MARIA,Exaltación,5.628613065175899,57.97884882569683,SIN,10817.54,1258.21,True,6.661,True,
C1,COOPERATIVA,Exaltación,58.33717111695604,59.63582981686783,SIN,1089.29,1258.21,False,69.035,False,49.684921230744905
C1,LAS MARAVILLAS,Exaltación,38.685282730189634,62.36583964672258,SIN,1707.76,1258.21,False,45.779,True,15.602218855666218
C1,SANTA ROSA,Exaltación,27.809057391090644,65.39327980163179,SIN,2482.97,1258.21,True,32.909,True,
C1,EXALTACION DE SANTA CRUZ,Exaltación,14.66779476293622,65.73754362739461,SIN,4716.49,1258.21,True,17.357,True,
C1,LAS PEÑAS DE NAZARETH,Exaltación,29.00158159108359,66.86261596164935,SIN,2434.71,1258.21,False,34.32,True,7.539549766639472
C1,PIRAQUINAL,Exaltación,27.809057391090644,68.1721909210026,SIN,2587.75,1258.21,False,32.909,True,4.20865869797959
C1,COQUINAL,Exaltación,306.5206543151108,71.91205849780054,SIN,263.45,1258.21,False,362.729,False,71.91205849780054
C1,BIENVENIDO,Exaltación,40.25880772143539,76.56691313909643,SIN,2011.54,1258.21,False,47.641,True,29.140815569698734
C1,SANTA FE,Exaltación,21.822939962893916,81.44804871313407,Sist. Ais.,3930.62,1258.21,True,25.825,True,
C1,LAS ABRAS,Exaltación,101.33853160139815,102.83551200173416,Sist. Ais.,1081.44,1258.21,False,119.921,False,60.849236094578195
C1,PALMERA,Exaltación,27.952564930253086,105.98506383034974,SIN,3992.88,1258.21,False,33.078,True,28.269992781335265
C1,SAN JUAN DEL RIO JORDAN,Exaltación,24.37499233027424,108.63006591687127,SIN,4690.13,1258.21,False,28.845,True,14.764042997289696
C1,LAS PETAS,Exaltación,57.288154456125525,120.12380051721308,Sist. Ais.,2215.95,1258.21,False,67.793,True,48.683969807027346
C1,ESTANCIAS DISPERSAS,Exaltación,161.70324675531924,128.11332687214735,SIN,848.15,1258.21,False,191.355,False,57.41143493556772
C1,CARMEN TAHUA,Ixiamas,73.43456211109353,0.0004381443347964,SIN,17.48,1212.8,False,83.72,False,0.0004381443347964
C1,IXIAMAS,Ixiamas,301.7403602159457,0.0404778045096563,SIN,17.62,1212.8,False,344.001,False,0.0404778045096563
C1,SANTA ANA,Ixiamas,15.857718802506707,0.0406040349345042,SIN,20.16,1212.8,False,18.079,False,0.0406040349345042
C1,TARENE,Ixiamas,11.269995632278505,0.0441934250365481,SIN,21.59,1212.8,False,12.848,False,0.0441934250365481
C1,EL CARMEN DE PECHA,Ixiamas,35.4777376134897,0.0481916777161336,SIN,18.9,1212.8,False,40.447,False,0.0481916777161336
C1,MACHAJ MARKA,Ixiamas,17.531104316877677,0.0525118787219095,SIN,20.62,1212.8,False,19.986,False,0.0525118787219095
C1,FLOR DE MAYO,Ixiamas,9.59942751676593,0.0615083501681539,SIN,24.19,1212.8,False,10.944,False,0.0615083501681539
C1,MACAHUA,Ixiamas,3.3383188321667596,0.0796388744760145,SIN,42.49,1212.8,False,3.806,False,0.0796388744760145
C1,30 DE AGOSTO,Ixiamas,2.504443473839668,0.1103038796185135,SIN,63.65,1212.8,False,2.855,False,0.1103038796185135
C1,NUEVA EDEN,Ixiamas,1.252221736919834,0.1119245748864452,SIN,111.19,1212.8,False,1.428,False,0.1119245748864452
C1,SANTA ROSA DE MARAVILLA,Ixiamas,30.875927448969534,0.1184126375546518,SIN,21.5,1212.8,False,35.2,False,0.1184126375546518
C1,SAN FELIPE,Ixiamas,28.371483975129866,0.1301892366289315,SIN,22.29,1212.8,False,32.345,False,0.1301892366289315
C1,RUSO,Ixiamas,5.424415927413685,0.2014349003677267,SIN,56.41,1212.8,False,6.184,False,0.2014349003677267
C1,ITURRALDE,Ixiamas,10.017773895358673,0.3241022690739487,SIN,51.4,1212.8,False,11.421,False,0.3241022690739487
C1,PALMA  REAL,Ixiamas,7.513330421519004,0.970402419584973,SIN,152.89,1212.8,False,8.566,False,0.970402419584973
C1,ALAMOS,Ixiamas,5.008886947679336,1.38101036220025,SIN,306.55,1212.8,False,5.71,False,1.3778535843739683
C1,3 DE JUNIO,Ixiamas,6.26110868459917,1.4307217062899211,SIN,257.06,1212.8,False,7.138,False,1.4307217062899211
C1,SANTA FE,Ixiamas,38.39771006706372,1.82896771982947,SIN,67.42,1212.8,False,43.776,False,1.82896771982947
C1,SAN PABLO,Ixiamas,1.252221736919834,1.877658646441145,SIN,1589.62,1212.8,True,1.428,True,
C1,CORAZON DE LEON,Ixiamas,13.774439106118175,4.68522658108807,SIN,374.1,1212.8,False,15.704,False,0.6425028410703701
C1,BUENA VISTA,Ixiamas,28.377118772846654,5.18041963631259,SIN,208.88,1212.8,False,32.352,False,3.4377885013115383
C1,PUERTO PEREZ,Ixiamas,52.9975723349338,6.147346071861433,Sist. Ais.,139.09,1212.8,False,60.42,False,6.147346071861433
C1,COROCORO,Ixiamas,30.46885066581037,7.467829026019695,SIN,274.45,1212.8,False,34.736,False,6.32975245411366
C1,COMANDO,Ixiamas,18.783326053797513,7.968352252652989,SIN,462.26,1212.8,False,21.414,False,2.150266576595662
C1,SAN PEDRO,Ixiamas,23.79221300147685,8.686355655204979,SIN,400.26,1212.8,False,27.124,False,8.686355655204979
C1,LAS MERCEDES,Ixiamas,50.91429263854528,10.416047097012902,Sist. Ais.,231.97,1212.8,False,58.045,False,5.510272175237024
C1,ALTO ZATARIAPU,Ixiamas,36.72432455269275,10.743158739502794,SIN,324.19,1212.8,False,41.868,False,3.8395750337869408
C1,CARINDE,Ixiamas,20.035547790717345,12.05349735432156,SIN,648.24,1212.8,False,22.842,False,2.232711120269079
C1,SAN MARCOS,Ixiamas,109.73772288633515,12.656591167257314,SIN,138.4,1212.8,False,125.107,False,12.656591167257314
C1,5 DE JUNIO,Ixiamas,17.531104316877677,14.224354926757984,SIN,868.18,1212.8,False,19.986,False,2.378151379560585
C1,SEGUNDO FLOR DE MAYO,Ixiamas,10.017773895358673,14.785646023967058,SIN,1564.96,1212.8,False,11.421,True,9.636309125579167
C1,PUERTO RUSO,Ixiamas,31.305543422995854,15.496088138281966,SIN,536.46,1212.8,False,35.69,False,11.416964371291288
C1,TACASO,Ixiamas,7.094984042926262,17.27113794566464,SIN,2569.75,1212.8,False,8.089,True,2.8428031005325995
C1,MANANTIAL,Ixiamas,22.53999126455701,19.654082447993964,SIN,931.71,1212.8,False,25.697,False,5.627020899689599
C1,NUEVA BELEN,Ixiamas,7.094984042926262,20.10085076249884,SIN,2987.92,1212.8,False,8.089,True,2.2428976686869753
C1,NUEVO AMANECER,Ixiamas,8.765552158438839,20.46445265722924,SIN,2465.29,1212.8,False,9.993,True,5.438715459208244
C1,LOS ALMENDRILLO,Ixiamas,11.269995632278505,21.453721651767196,SIN,2013.37,1212.8,False,12.848,True,10.299280835015303
C1,PIEDRAS BLANCAS,Ixiamas,10.851649253685764,22.932159862699248,SIN,2233.16,1212.8,False,12.371,True,2.8322204891635376
C1,SANTA ROSA DE LIMA,Ixiamas,7.513330421519004,23.292563386046066,SIN,3267.92,1212.8,False,8.566,True,2.8795671342355846
C1,UNDUMO,Ixiamas,13.35609272752543,34.798220478556544,SIN,2749.19,1212.8,True,15.227,True,
C1,EL ZAPATO,Ixiamas,13.768804308401387,39.00306340262702,Sist. Ais.,2987.5,1212.8,False,15.697,True,11.706860307732748
C1,LAS PARRABAS,Ixiamas,17.107123140568145,39.02252057171465,Sist. Ais.,2409.12,1212.8,False,19.503,True,16.3405343519937
C1,TOROMONAS,Ixiamas,80.11683457314383,39.21224298491429,Sist. Ais.,530.64,1212.8,False,91.338,False,31.865491633918744
C1,LA MANSION,Ixiamas,6.676637664333519,42.02909734840664,Sist. Ais.,6617.57,1212.8,True,7.612,True,
C1,EL TIGRE ALTO MADIDI,Ixiamas,93.07148531522688,43.49456563614475,SIN,507.45,1212.8,False,106.107,False,27.53047459723338
C1,AGUAS DE LA VIDA,Ixiamas,6.26110868459917,60.53321706939278,SIN,10154.27,1212.8,True,7.138,True,
C1,EL TIGRE,Ixiamas,71.35691721242179,62.7795633113302,Sist. Ais.,939.92,1212.8,False,81.351,False,33.03411750456141
C1,EL CARMEN,Ixiamas,20.451076770451696,64.64110081017941,Sist. Ais.,3331.46,1212.8,False,23.315,True,1.7062646098278622
C1,LA PALCA,Ixiamas,33.80435209911873,64.74225260556479,Sist. Ais.,2025.52,1212.8,False,38.539,True,26.44649453356235
C1,SAN JUAN,Ixiamas,32.13096658474776,66.16714173589168,Sist. Ais.,2176.59,1212.8,False,36.631,True,6.4178029183904535
C1,PUERTO ARAONA,Ixiamas,41.733211500372086,75.25323928751718,Sist. Ais.,1908.08,1212.8,False,47.578,True,26.634349941751235
C1,SANTA ROSA,Ixiamas,104.33302875093023,76.7164400110649,Sist. Ais.,788.42,1212.8,False,118.946,False,67.54695858099817
C1,CARMEN DEL EMERO,Ixiamas,52.58486075405786,78.03452334493518,SIN,1573.38,1212.8,False,59.95,True,26.516120576667337
C1,ANTOFAGASTA,Ixiamas,12.101053591747204,80.17847130936791,Sist. Ais.,6964.4,1212.8,False,13.796,True,9.555116971970833
C1,CAMPO CENTRAL,Ixiamas,43.40377961588467,83.15342421541438,Sist. Ais.,2026.15,1212.8,False,49.483,True,19.470713852077935
C1,MONTECRISTO,Ixiamas,9.59942751676593,87.51078904397038,Sist. Ais.,9575.64,1212.8,False,10.944,True,8.935117089198469
C1,PAQUIOSAL,Ixiamas,29.62934050976649,90.13738214773204,Sist. Ais.,3207.11,1212.8,False,33.779,True,16.072219780094255
C1,NUEVA JERUSALEN,Ixiamas,18.78050865493912,90.86820383966509,Sist. Ais.,5090.45,1212.8,False,21.411,True,3.4515578015287347
C1,CAMPO BRAVO,Ixiamas,7.928859401253353,91.00951482321057,Sist. Ais.,12052.14,1212.8,True,9.039,True,
C1,CAYUBABA,Ixiamas,18.78050865493912,93.64071320114252,Sist. Ais.,5245.23,1212.8,False,21.411,True,9.711360470539029
C1,BARRACON,Ixiamas,37.55538251216145,99.6440252533788,Sist. Ais.,2799.35,1212.8,False,42.815,True,7.900977247315841
C1,NUEVA ESPERANZA,Ixiamas,5.842762306006428,100.12083003440245,SIN,17984.01,1212.8,True,6.661,True,
C1,SANTA ANITA,Ixiamas,17.946633296612028,100.2867774056765,SIN,5876.41,1212.8,False,20.46,True,5.211569203633642
C1,ESPERANZA DEL MADIDI,Ixiamas,4.590540569086594,101.77700708372956,Sist. Ais.,23263.24,1212.8,False,5.233,True,4.256776210056566
C1,CAMPESINA LAS PALMAS,Ixiamas,28.795465151439398,104.24694238381464,Sist. Ais.,3813.22,1212.8,False,32.828,True,7.778333966598178
C1,LA PAZ DEL BENI,Ixiamas,18.36497967520477,104.99494133074916,SIN,6011.74,1212.8,False,20.937,True,8.21836223418308
C1,OJAKI,Ixiamas,43.40096221702627,105.18071274172144,Sist. Ais.,2558.42,1212.8,False,49.48,True,13.035804340196185
C1,EMBAJADORES DEL MADIDI,Ixiamas,91.8079939828735,105.96592030075035,Sist. Ais.,1227.64,1212.8,False,104.666,True,45.98776222845484
C1,SANTA MARIA,Ixiamas,12.93774634893269,108.1580486574359,Sist. Ais.,8782.6,1212.8,False,14.75,True,3.8335545501969737
C1,GUAGUA UNO,Reyes,37.03429257618483,0.0025939245506652,SIN,17.55,1241.38,False,43.231,False,0.0025939245506652
C1,SAN JOSE,Reyes,8.56495656658941,0.0209795624641954,SIN,20.04,1241.38,False,9.998,False,0.0209795624641954
C1,RATIJE,Reyes,77.20769127437244,0.0215920567164558,SIN,17.77,1241.38,False,90.126,False,0.0215920567164558
C1,EL COZAR,Reyes,36.7524082806194,0.0419012942329257,SIN,18.67,1241.38,False,42.902,False,0.0419012942329257
C1,SAN JUAN,Reyes,25.12393986571918,0.0648849743148317,SIN,20.18,1241.38,False,29.328,False,0.0648849743148317
C1,VILLA COPACABANA,Reyes,38.82623993776818,0.0672089916727575,SIN,19.29,1241.38,False,45.323,False,0.0672089916727575
C1,GUALAGUAGUA,Reyes,61.801292472003176,0.0942446080709362,SIN,19.07,1241.38,False,72.142,False,0.0942446080709362
C1,SAN FELIPE,Reyes,21.40549947323362,0.1233692460686131,SIN,23.52,1241.38,False,24.987,False,0.1233692460686131
C1,NUEVO AMANECER,Reyes,26.871962911670984,0.1365389987189208,SIN,22.8,1241.38,False,31.368,False,0.1365389987189208
C1,REYES,Reyes,90.39291979334635,0.1812810309638463,SIN,19.58,1241.38,False,105.518,False,0.1812810309638463
C1,BAYCHUJE,Reyes,9.391732452152958,0.2037961077841205,SIN,40.23,1241.38,False,10.963,False,0.2037961077841205
C1,ESTANCIAS DISPERSAS,Reyes,60.05326942605138,0.4249599121681608,SIN,24.89,1241.38,False,70.102,False,0.4249599121681608
C1,MONTE CARLOS,Reyes,19.597986432298345,0.9656530128316746,SIN,69.14,1241.38,False,22.877,False,0.9656530128316746
C1,LOS TAJIBOS,Reyes,12.339575632277633,1.1309522865193329,SIN,113.57,1241.38,False,14.404,False,1.1309522865193329
C1,LA UNION,Reyes,28.012293050860386,2.9150592420625165,SIN,126.58,1241.38,False,32.699,False,2.9150592420625165
C1,NUEVA ESPERANZA,Reyes,18.294751987510455,5.133321514671898,SIN,311.67,1241.38,False,21.356,False,5.133321514671898
C1,REMANSO,Reyes,3.821854703100577,8.684786232351064,SIN,2400.03,1241.38,False,4.461,True,2.3916183720134523
C1,RIO VIEJO,Reyes,26.709058606072492,10.847847987480083,SIN,443.31,1241.38,False,31.178,False,10.847847987480083
C1,PEÑA AMARILLA,Reyes,34.33720233292173,11.803879745190146,Sist. Ais.,377.9,1241.38,False,40.083,False,11.803879745190146
C1,LOS TUBOS,Reyes,18.457656293108943,16.271192023738493,Sist. Ais.,941.75,1241.38,False,21.546,False,16.271192023738493
C1,SAL SI PUEDES,Reyes,5.569877749052379,21.51912269889449,SIN,4068.24,1241.38,True,6.502,True,
C1,CALIFORNIA,Reyes,45.87782211655886,25.655705446772725,Sist. Ais.,603.8,1241.38,False,53.554,False,25.655705446772725
C1,SAN MIGUEL DE SORAIDA,Reyes,5.569877749052379,27.77491582258962,SIN,5245.83,1241.38,True,6.502,True,
C1,CARNAVAL,Reyes,12.176671326679147,29.64469083329769,Sist. Ais.,2570.04,1241.38,False,14.214,True,3.993816074493372
C1,CARMEN ALTO,Reyes,76.57163973133042,39.06838414010726,Sist. Ais.,552.43,1241.38,False,89.384,False,38.45466199302593
C1,LA ESPERANZA,Reyes,4.858770531674964,44.99540825013622,Sist. Ais.,9727.04,1241.38,True,5.672,True,
C1,SANTA LOURDES,Reyes,14.147088673212906,45.54625875117102,Sist. Ais.,3393.02,1241.38,True,16.514,True,
C1,LAS OLLITAS,Reyes,1.9109273515502885,53.59831174495377,Sist. Ais.,29425.44,1241.38,True,2.231,True,
C1,SAN PEDRO,Reyes,31.73073344334595,61.13883268660233,SIN,2037.68,1241.38,False,37.04,True,25.951418650585467
C1,SAN JOSE,Reyes,62.718689711254044,62.5963814743042,Sist. Ais.,1063.9,1241.38,False,73.213,False,36.76145999304215
C1,PUERTO SALINAS,Reyes,22.724299597373435,65.91102082517787,SIN,3058.54,1241.38,False,26.527,True,18.884648853151184
C1,LAGO BUENA VISTA,Reyes,20.4280736396427,69.02785392269139,Sist. Ais.,3560.34,1241.38,False,23.846,True,6.45999344766779
C1,NATIVIDAD,Reyes,9.228828146554472,71.4536212463901,Sist. Ais.,8135.23,1241.38,True,10.773,True,
C1,LAS MERCEDES,Reyes,12.399065627261106,76.31524770574404,Sist. Ais.,6470.75,1241.38,False,14.474,True,8.701019680153056
C1,PUERTO CAVINA,Reyes,23.316426824783907,86.09236999427894,Sist. Ais.,3888.81,1241.38,False,27.218,True,6.800622608052226
C1,MISION CAVINAS,Reyes,32.33842635010836,92.5992063100274,Sist. Ais.,3019.72,1241.38,False,37.749,True,14.960208595462095
C1,SANTA CATALINA,Reyes,22.82771390798845,95.92508664614128,SIN,4423.31,1241.38,False,26.647,True,11.27554447144121
C1,LAS PEÑITAS,Reyes,19.597986432298345,97.99526511085028,SIN,5260.14,1241.38,False,22.877,True,10.88995268097298
C1,BAQUETI,Reyes,17.035441858354112,103.43602066252632,SIN,6383.62,1241.38,False,19.886,True,10.790596589648864
C1,SAN MIGUEL,Reyes,16.769123242140612,105.23281783591366,SIN,6597.07,1241.38,False,19.575,True,10.50484146236869
C1,NUEVA ALIANZA,Reyes,9.169338151570999,107.50004930470978,Sist. Ais.,12309.65,1241.38,False,10.704,True,4.202402220422767
C1,CAMPO BOLIVAR,Reyes,27.90887874024537,107.8426912427021,Sist. Ais.,4068.89,1241.38,False,32.579,True,4.226652334727265
C1,NUEVO REYES,Reyes,8.517720929177056,108.53775606893764,Sist. Ais.,13377.75,1241.38,False,9.943,True,7.614316306662171
C1,PEÑA GUARAYO,Reyes,19.49457212168333,110.1345880483854,Sist. Ais.,5940.83,1241.38,False,22.756,True,14.649110896026965
C1,CANDELARIA,Reyes,39.15204854896514,114.22629189642043,SIN,3076.41,1241.38,False,45.703,True,21.40202641111615
C1,EL TRIUNFO,Santa_Rosa_Beni,33.95246848055259,0.0093065830437991,SIN,17.76,1260.89,False,40.265,False,0.0093065830437991
C1,EL ROSARIO,Santa_Rosa_Beni,17.32506283346764,0.0158405554524117,SIN,18.43,1260.89,False,20.546,False,0.0158405554524117
C1,SANTA ROSA DE YACUMA,Santa_Rosa_Beni,58.45584192776764,0.03157501223138,SIN,18.04,1260.89,False,69.325,False,0.03157501223138
C1,PICAFLORES,Santa_Rosa_Beni,45.234612910067874,0.0870619334182219,SIN,19.49,1260.89,False,53.645,False,0.0870619334182219
C1,SAN BARTOLOME,Santa_Rosa_Beni,46.64189022757248,0.1292412750419755,SIN,20.38,1260.89,False,55.314,False,0.1292412750419755
C1,VILLA FATIMA,Santa_Rosa_Beni,51.99911438988136,2.00921547412078,SIN,57.99,1260.89,False,61.667,False,2.00921547412078
C1,SAN CRISTOBAL,Santa_Rosa_Beni,106.37504839135958,5.4416126300163485,SIN,71.11,1260.89,False,126.154,False,5.4416126300163485
C1,EL MOJON,Santa_Rosa_Beni,25.083032496851803,6.038981999378066,SIN,269.91,1260.89,False,29.747,False,6.038981999378066
C1,AWAISAL,Santa_Rosa_Beni,43.82733559256327,6.83539232931307,SIN,181.0,1260.89,False,51.976,False,6.405497733131429
C1,LA INDIA,Santa_Rosa_Beni,6.622577453589102,24.07288134823556,SIN,3828.65,1260.89,True,7.854,True,
C1,VILLAZON,Santa_Rosa_Beni,4.931452083635731,25.29454351111948,SIN,5395.34,1260.89,True,5.848,True,
C1,PALMIRA,Santa_Rosa_Beni,20.009656386991693,37.7265293591546,SIN,1994.29,1260.89,False,23.73,True,4.669768614963434
C1,PUERTO YATA,Santa_Rosa_Beni,16.62740564708495,42.3067833122065,SIN,2685.22,1260.89,False,19.719,True,3.6799315774264905
C1,EL CANDADO,Santa_Rosa_Beni,42.550019356543835,42.31332195181801,SIN,1060.12,1260.89,False,50.461,False,20.93671921923278
C1,PUERTO TERESA,Santa_Rosa_Beni,40.85889398659046,43.55094797622824,SIN,1135.03,1260.89,False,48.456,False,25.271645600125137
C1,TACUARAL,Santa_Rosa_Beni,53.52438984413191,55.78810506288406,SIN,1110.29,1260.89,False,63.476,False,8.978218149687432
C1,EL ENCERRADO,Santa_Rosa_Beni,69.05229211563946,63.50141017293479,SIN,981.67,1260.89,False,81.891,False,18.60037336999959
C1,TRINIDAD,Santa_Rosa_Beni,21.972666864654613,66.47691229970191,Sist. Ais.,3189.57,1260.89,False,26.058,True,22.34846657335033
C1,EL TORO,Santa_Rosa_Beni,10.004828193495847,70.24694491574769,SIN,7379.14,1260.89,False,11.865,True,7.195165551688971
C1,TABLERO,Santa_Rosa_Beni,45.49453507303821,70.96366972608472,Sist. Ais.,1652.92,1260.89,False,53.953,True,32.39164671874003
C1,EL CERRITO,Santa_Rosa_Beni,67.9168999058444,81.11979809212923,SIN,1269.77,1260.89,False,80.545,True,16.925315703024918
C1,PONTON SANTA TERESA DEL YATA,Santa_Rosa_Beni,1.5492013437289889,89.33744156514074,Sist. Ais.,60479.65,1260.89,True,1.837,True,
C1,PALMA FLOR,Santa_Rosa_Beni,83.68079845084382,96.49146513351825,SIN,1226.46,1260.89,False,99.24,False,22.352028016594186
C1,PORVENIR,Santa_Rosa_Beni,42.1362102226099,104.77183596551316,SIN,2624.51,1260.89,False,49.971,True,8.745507324246864
C1,CAVADOR,Santa_Rosa_Beni,49.17259681013293,107.22197711212743,Sist. Ais.,2303.7,1260.89,False,58.315,True,19.144237960563313
C1,MACEDONIA,Santa_Rosa_Beni,36.05740298443989,108.31678246005876,Sist. Ais.,3167.1,1260.89,False,42.762,True,5.378574716642025
C1,AUSTRALIA,Santa_Rosa_Beni,118.88665727793742,116.6439811708952,SIN,1046.17,1260.89,False,140.991,False,22.82115550671325
C2,NAREUDA,Bolpebra,71.7933287545754,0.0109342292886367,Sist. Ais.,17.63,1257.14,False,84.885,False,0.0109342292886367
C2,MUKDEN,Bolpebra,186.8034087019781,0.177625214874509,Sist. Ais.,18.47,1257.14,False,220.868,False,0.177625214874509
C2,VERA CRUZ,Bolpebra,83.82384484818175,8.064715369609612,Sist. Ais.,118.35,1257.14,False,99.109,False,8.064715369609612
C2,PUERTO ORO,Bolpebra,26.280921917622905,12.610236417352093,Sist. Ais.,520.56,1257.14,False,31.073,False,12.610236417352093
C2,MOLIENDA,Bolpebra,23.508794314232137,17.982907348702575,Sist. Ais.,819.5,1257.14,False,27.796,False,11.807798850708972
C2,AGROPECUARIA EL CEIBO,Bolpebra,33.947424464123806,18.360884970362957,Sist. Ais.,584.56,1257.14,False,40.138,False,2.28997009219334
C2,CANAAN,Bolpebra,28.65234347546302,20.596783597606628,Sist. Ais.,771.17,1257.14,False,33.877,False,3.3386199416980387
C2,NUEVA CANAAN,Bolpebra,62.91376983293458,21.648197546237704,Sist. Ais.,378.25,1257.14,False,74.386,False,21.48102417235345
C2,TRES ARROYOS,Bolpebra,68.70719925783688,23.48607962742746,Sist. Ais.,375.87,1257.14,False,81.236,False,16.2113315856928
C2,EXTREMA,Bolpebra,17.650537214102844,23.74189529787581,Sist. Ais.,1427.79,1257.14,False,20.869,True,10.493573815544927
C2,BIOCEANICA,Bolpebra,36.88202213343243,36.6360276698783,Sist. Ais.,1058.96,1257.14,False,43.608,False,16.237856904305175
C2,SAN JORGE,Bolpebra,27.699399556931798,42.188919712937626,Sist. Ais.,1614.41,1257.14,False,32.75,True,5.842383925669879
C2,NOHAYA,Bolpebra,22.55585039570092,48.45989467057796,Sist. Ais.,2270.06,1257.14,False,26.669,True,6.497582383030208
C2,SAN MIGUEL DE MACHINERI,Bolpebra,12.030516093606352,54.5501592850436,Sist. Ais.,4771.59,1257.14,False,14.224,True,0.35602847669201293
C2,YAMINAHUA,Bolpebra,31.57600290628369,54.90199546439373,Sist. Ais.,1840.48,1257.14,False,37.334,True,7.871067756420112
C2,SAN PEDRO DE BOLPEBRA,Bolpebra,68.93449699898173,62.44392299099927,Sist. Ais.,967.23,1257.14,False,81.505,False,16.55870001801895
C3,SANTA ROSA,Guayaramerín,37.16439626789312,0.0015664926191252,Sist. Ais.,17.52,1257.87,False,43.967,False,0.0015664926191252
C3,26 DE MARZO,Guayaramerín,44.65021603638779,0.0027284078834997,Sist. Ais.,17.54,1257.87,False,52.823,False,0.0027284078834997
C3,SAN JUAN,Guayaramerín,28.99112378962602,0.0053629048000885,Sist. Ais.,17.67,1257.87,False,34.298,False,0.0053629048000885
C3,SAN AGUSTIN,Guayaramerín,83.9083941895279,0.0305693525726044,Sist. Ais.,17.86,1257.87,False,99.268,False,0.0305693525726044
C3,1RO DE MAYO,Guayaramerín,15.810483543802404,0.0330630018451636,Sist. Ais.,19.67,1257.87,False,18.705,False,0.0330630018451636
C3,VILLA PURISIMA,Guayaramerín,15.274422131070603,0.042019404413938,Sist. Ais.,20.36,1257.87,False,18.07,False,0.042019404413938
C3,CACHUELA ESPERANZA,Guayaramerín,55.93892945968526,0.0420670632737001,Sist. Ais.,18.26,1257.87,False,66.179,False,0.0420670632737001
C3,SAN MIGUEL,Guayaramerín,45.33766874616022,0.0704400944988156,Sist. Ais.,19.1,1257.87,False,53.637,False,0.0704400944988156
C3,ROSARIO DEL YATA,Guayaramerín,49.51041103922032,0.0751746000907297,Sist. Ais.,19.07,1257.87,False,58.573,False,0.0751746000907297
C3,GUAYARAMERIN,Guayaramerín,310.3129953359982,0.08578055348348,Sist. Ais.,17.76,1257.87,False,367.116,False,0.08578055348348
C3,27 DE NOVIEMBRE,Guayaramerín,45.67187509617118,0.1087731365772857,Sist. Ais.,19.97,1257.87,False,54.032,False,0.1087731365772857
C3,LA UNION,Guayaramerín,30.498380496460996,0.1460826426691154,Sist. Ais.,22.5,1257.87,False,36.081,False,0.1460826426691154
C3,8 DE FEBRERO,Guayaramerín,35.07061438264613,0.162632702085984,Sist. Ais.,22.34,1257.87,False,41.49,False,0.162632702085984
C3,SAN JOSE,Guayaramerín,25.92614661027586,0.1766261060875343,Sist. Ais.,24.62,1257.87,False,30.672,False,0.1766261060875343
C3,ESTANCIAS DISPERSAS,Guayaramerín,4.572233886185139,0.2712324362636584,Sist. Ais.,79.67,1257.87,False,5.409,False,0.2712324362636584
C3,SANTA EMILIA,Guayaramerín,2.0964482605961923,0.3051661081622357,Sist. Ais.,170.09,1257.87,False,2.48,False,0.3051661081622357
C3,SAN PEDRO,Guayaramerín,2.414705880378249,0.739664055451882,Sist. Ais.,338.64,1257.87,False,2.857,False,0.739664055451882
C3,SANTA EMILIA,Guayaramerín,6.562421864722497,0.7624578041117839,Sist. Ais.,139.29,1257.87,False,7.764,False,0.7624578041117839
C3,CACHUELA MAMORE,Guayaramerín,56.91012475378845,1.5299242601810832,Sist. Ais.,45.66,1257.87,False,67.328,False,1.5299242601810832
C3,PUERTO CARRERO,Guayaramerín,14.430855730908227,1.644059457153869,Sist. Ais.,136.92,1257.87,False,17.072,False,1.644059457153869
C3,EL PORVENIR,Guayaramerín,22.810705665245486,1.911770126979268,Sist. Ais.,105.35,1257.87,False,26.986,False,1.911770126979268
C3,SAN FRANCISCO,Guayaramerín,24.90448755049247,1.925510907587795,Sist. Ais.,98.54,1257.87,False,29.463,False,1.925510907587795
C3,SANTA LUCIA,Guayaramerín,75.38187535149933,2.863110516569265,Sist. Ais.,57.3,1257.87,False,89.181,False,2.863110516569265
C3,SANTA FE,Guayaramerín,50.29457274803653,4.843480361908091,Sist. Ais.,118.45,1257.87,False,59.501,False,4.769149348028153
C3,VILLA UNION,Guayaramerín,22.911633196605905,6.248217718386594,Sist. Ais.,303.4,1257.87,False,27.106,False,3.3959788051621147
C3,SAN PEDRO,Guayaramerín,42.72110780306114,6.274083122076944,Sist. Ais.,171.46,1257.87,False,50.541,False,5.145494049772355
C3,VILLA BELLA,Guayaramerín,56.91012475378845,8.115286435414435,Sist. Ais.,166.99,1257.87,False,67.328,False,8.115286435414435
C3,2 DE OCTUBRE,Guayaramerín,55.60472310967431,8.669628604964418,Sist. Ais.,180.95,1257.87,False,65.783,False,6.167159337711672
C3,SANTA TERESA DEL YATA,Guayaramerín,27.58638058308903,8.876812568259037,Sist. Ais.,354.86,1257.87,False,32.636,False,4.6989313634583
C3,SAN FRANSISCO DEL YATA,Guayaramerín,19.897119782935945,12.59032490636806,Sist. Ais.,680.92,1257.87,False,23.539,False,6.182356531019041
C3,14 DE SEPTIEMBRE,Guayaramerín,27.048733201419665,13.910391977976571,Sist. Ais.,556.68,1257.87,False,32.0,False,5.477652167980157
C3,SANTA TERESA DEL YATA,Guayaramerín,55.401282078015896,14.033204806109612,Sist. Ais.,283.05,1257.87,False,65.543,False,11.870486592597084
C3,18 DE JUNIO,Guayaramerín,52.00368451759234,14.039664418309304,Sist. Ais.,300.54,1257.87,False,61.523,False,10.669022069143947
C3,PUERTO CARRERO,Guayaramerín,14.509804293037583,20.54662526974061,Sist. Ais.,1502.17,1257.87,False,17.166,True,1.4335776415554642
C3,SAN ROQUE,Guayaramerín,33.56335767581116,20.553844102869927,Sist. Ais.,659.55,1257.87,False,39.707,False,10.40283124823833
C3,PALMA SOLA,Guayaramerín,41.58523885703762,31.92040149395029,Sist. Ais.,822.27,1257.87,False,49.197,False,14.471385007952087
C3,RANCHO GRANDE,Guayaramerín,24.317962372080462,36.30193075203629,Sist. Ais.,1582.64,1257.87,False,28.769,True,3.0027084961342165
C3,BARRANCO COLORADO,Guayaramerín,50.88109792644853,39.30122744948912,Sist. Ais.,827.33,1257.87,False,60.195,False,7.429955040978936
C3,SAN JUAN DEL MAMORE,Guayaramerín,27.433403317110834,48.62838206877869,Sist. Ais.,1876.0,1257.87,False,32.455,True,9.64250350376607
C3,PUERTO COIMBRA,Guayaramerín,16.78167883790558,58.11617418825754,Sist. Ais.,3648.42,1257.87,False,19.854,True,2.1177150426814326
C3,SANTA FE DE LA CRUZ,Guayaramerín,19.796192251575533,60.21815795507517,Sist. Ais.,3206.84,1257.87,False,23.42,True,8.065874190036128
C3,ROSARIO DEL YATA,Guayaramerín,7.601568777288957,73.8938273742279,Sist. Ais.,10209.56,1257.87,True,8.993,True,
C3,LA ESPERANZA,Guayaramerín,1.0216590597833877,80.69853767352332,Sist. Ais.,82834.14,1257.87,True,1.209,True,
C3,PUERTO BOLIVAR,Guayaramerín,15.760019778122192,88.73483504718295,Sist. Ais.,5920.78,1257.87,True,18.645,True,
C3,FIRMEZA,Guayaramerín,11.673383538988642,90.21962458286488,Sist. Ais.,8120.78,1257.87,False,13.81,True,8.320497034355467
C3,SAN LORENZO,Guayaramerín,15.274422131070603,91.32893307554636,Sist. Ais.,6286.52,1257.87,True,18.07,True,
C3,VILLA NUEVA,Guayaramerín,11.187785891937052,91.49600023867296,Sist. Ais.,8592.12,1257.87,True,13.236,True,
C3,SINAI,Guayaramerín,7.101149652803502,94.29680460783636,Sist. Ais.,13940.27,1257.87,True,8.401,True,
C3,LAS PIEDRAS,Puerto_Gonzalo_Moreno,69.32300888365313,0.0010074354680366,Sist. Ais.,17.49,1255.82,False,81.877,False,0.0010074354680366
C3,GONZALO MORENO,Puerto_Gonzalo_Moreno,67.755965625788,0.0121208085802924,Sist. Ais.,17.66,1255.82,False,80.026,False,0.0121208085802924
C3,BUEN FUTURO,Puerto_Gonzalo_Moreno,38.40499666894885,0.0361522499229542,Sist. Ais.,18.46,1255.82,False,45.36,False,0.0361522499229542
C3,LIBERTAD,Puerto_Gonzalo_Moreno,11.914503500276227,0.0381126026619756,Sist. Ais.,20.83,1255.82,False,14.072,False,0.0381126026619756
C3,LAGO VICTORIA,Puerto_Gonzalo_Moreno,23.75438589303507,0.0747955390471253,Sist. Ais.,20.78,1255.82,False,28.056,False,0.0747955390471253
C3,PORTACHUELO MEDIO,Puerto_Gonzalo_Moreno,40.86749321702264,0.1017127007660635,Sist. Ais.,20.08,1255.82,False,48.268,False,0.1017127007660635
C3,SAN PABLO,Puerto_Gonzalo_Moreno,41.290346159621166,0.1050556380191655,Sist. Ais.,20.14,1255.82,False,48.768,False,0.1050556380191655
C3,CANDELARIA,Puerto_Gonzalo_Moreno,13.35717824561239,0.1293022962986766,Sist. Ais.,27.62,1255.82,False,15.776,False,0.1293022962986766
C3,MIRAFLORES,Puerto_Gonzalo_Moreno,41.98680982978345,0.1329820296268107,Sist. Ais.,20.8,1255.82,False,49.59,False,0.1329820296268107
C3,PORTACHUELO BAJO,Puerto_Gonzalo_Moreno,74.86984454244562,0.1790470402402901,Sist. Ais.,19.98,1255.82,False,88.428,False,0.1790470402402901
C3,FRONTERA,Puerto_Gonzalo_Moreno,19.749719789601937,0.2453856190041139,Sist. Ais.,30.5,1255.82,False,23.326,False,0.2453856190041139
C3,PORTACHUELO ALTO,Puerto_Gonzalo_Moreno,34.40033056551571,0.2877181506576902,Sist. Ais.,26.24,1255.82,False,40.63,False,0.2877181506576902
C3,AGUA DULCE,Puerto_Gonzalo_Moreno,66.21379607042864,0.6809406946166343,Sist. Ais.,28.26,1255.82,False,78.205,False,0.6809406946166343
C3,SAN CARLOS,Puerto_Gonzalo_Moreno,24.475723265703152,5.617822496357661,Sist. Ais.,258.13,1255.82,False,28.908,False,5.617822496357661
C3,6 DE AGOSTO,Puerto_Gonzalo_Moreno,22.63506928027426,5.690417652237091,Sist. Ais.,281.06,1255.82,False,26.734,False,5.642456169361645
C3,21 DE SEPTIEMBRE,Puerto_Gonzalo_Moreno,7.437237049232969,6.7173887332877165,Sist. Ais.,964.47,1255.82,False,8.784,False,6.376562755230478
C3,AMERICA,Puerto_Gonzalo_Moreno,27.435693863892862,10.43176090995268,Sist. Ais.,416.13,1255.82,False,32.404,False,6.108347934433979
C3,VILLA NUEVA,Puerto_Gonzalo_Moreno,15.993790711226755,11.792548368339856,Sist. Ais.,790.54,1255.82,False,18.89,False,3.3713163519374874
C3,SANTA ROSITA,Puerto_Gonzalo_Moreno,12.312482740368962,12.412262873463304,Sist. Ais.,1074.45,1255.82,False,14.542,False,1.6243051828887207
C3,CONTRAVARICIA,Puerto_Gonzalo_Moreno,34.22621464797514,12.914298606871924,Sist. Ais.,413.09,1255.82,False,40.424,False,5.315485868569615
C3,PALMIRA,Riberalta,24.45652112089946,4.6627595768806114e-05,Sist. Ais.,17.48,1257.49,False,28.924,False,4.6627595768806114e-05
C3,RIBERALTA,Riberalta,1539.7039387244506,0.0017451790051837,Sist. Ais.,17.48,1257.49,False,1820.978,False,0.0017451790051837
C3,SANTA MARIA,Riberalta,149.30111629369262,0.0024104872218863,Sist. Ais.,17.49,1257.49,False,176.576,False,0.0024104872218863
C3,LA ESPERANZA,Riberalta,5.4347824713109905,0.00457756212331,Sist. Ais.,18.36,1257.49,False,6.428,False,0.00457756212331
C3,VILLA COTOCA,Riberalta,50.62834201072801,0.0068734131478468,Sist. Ais.,17.62,1257.49,False,59.877,False,0.0068734131478468
C3,SIGLO XX,Riberalta,9.510869324794232,0.0127401374784626,Sist. Ais.,18.88,1257.49,False,11.248,False,0.0127401374784626
C3,SAN CRISTOBAL,Riberalta,41.49599700723061,0.0329249077333875,Sist. Ais.,18.31,1257.49,False,49.077,False,0.0329249077333875
C3,TUMICHUCUA,Riberalta,43.600781182554286,0.0367063719529776,Sist. Ais.,18.36,1257.49,False,51.566,False,0.0367063719529776
C3,12 DE OCTUBRE,Riberalta,21.98417270937669,0.0381239435497775,Sist. Ais.,19.29,1257.49,False,26.0,False,0.0381239435497775
C3,LAGO SAN JOSE,Riberalta,16.426868825999332,0.0823657918139144,Sist. Ais.,22.73,1257.49,False,19.428,False,0.0823657918139144
C3,AGUA CLARA,Riberalta,56.67573154237082,0.0854504785491578,Sist. Ais.,19.06,1257.49,False,67.029,False,0.0854504785491578
C3,WARNES,Riberalta,88.67181930990493,0.0971151178174334,Sist. Ais.,18.62,1257.49,False,104.87,False,0.0971151178174334
C3,AVAROA,Riberalta,39.1461700077742,0.1358970845966442,Sist. Ais.,21.11,1257.49,False,46.297,False,0.1358970845966442
C3,POPECHI,Riberalta,87.06808086794446,0.1613392680526464,Sist. Ais.,19.42,1257.49,False,102.974,False,0.1613392680526464
C3,BOLIVAR,Riberalta,60.64025706888545,0.244915270872427,Sist. Ais.,21.71,1257.49,False,71.718,False,0.244915270872427
C3,LA UNION,Riberalta,53.23417191941488,0.2611881217853398,Sist. Ais.,22.62,1257.49,False,62.959,False,0.2611881217853398
C3,SAN ANTONIO,Riberalta,26.61160591715857,0.3273854698325498,Sist. Ais.,30.37,1257.49,False,31.473,False,0.3273854698325498
C3,PALESTINA,Riberalta,7.340354264657794,0.3537383558004681,Sist. Ais.,68.0,1257.49,False,8.681,False,0.3537383558004681
C3,SAN JOSE,Riberalta,24.70156394503218,0.3701012127160359,Sist. Ais.,33.18,1257.49,False,29.214,False,0.289414299651384
C3,CAMPO CENTRAL,Riberalta,80.39712419087208,0.3789451481248055,Sist. Ais.,22.42,1257.49,False,95.084,False,0.3789451481248055
C3,LAS PALMERAS,Riberalta,49.40312789006436,0.507260745980315,Sist. Ais.,28.24,1257.49,False,58.428,False,0.507260745980315
C3,NUEVA UNION,Riberalta,16.30434741393297,1.8561719481722767,Sist. Ais.,136.84,1257.49,False,19.283,False,1.8561719481722767
C3,SAN JUAN DEL URUCU,Riberalta,34.457476093959144,1.8959393108575464,Sist. Ais.,75.16,1257.49,False,40.752,False,1.8959393108575464
C3,ANTOFAGASTA,Riberalta,58.045387245296304,2.2961558009344154,Sist. Ais.,58.95,1257.49,False,68.649,False,2.2961558009344154
C3,LAS MERCEDES,Riberalta,28.900172210581786,2.4649293572712776,Sist. Ais.,106.9,1257.49,False,34.18,False,2.4649293572712776
C3,ALADITA,Riberalta,12.35078197251609,2.647285187822573,Sist. Ais.,242.21,1257.49,False,14.607,False,2.647285187822573
C3,ESTANCIAS DISPERSAS,Riberalta,2.7173912356554952,2.866702815955385,Sist. Ais.,1123.56,1257.49,True,3.214,False,
C3,BUENA VISTA,Riberalta,26.21585631934788,3.332415749042682,Sist. Ais.,150.75,1257.49,False,31.005,False,3.322869681559215
C3,SAN LORENZO DE PAMPA,Riberalta,30.013825004276804,3.426822292993978,Sist. Ais.,137.18,1257.49,False,35.497,False,3.426822292993978
C3,7 DE JULIO,Riberalta,54.96043177344173,3.719254563964971,Sist. Ais.,88.43,1257.49,False,65.001,False,3.719254563964971
C3,SAN JUAN,Riberalta,82.62442977826214,5.053773221999233,Sist. Ais.,81.61,1257.49,False,97.718,False,5.053773221999233
C3,SAN ANTONIO,Riberalta,48.97430294783209,5.41946278533492,Sist. Ais.,133.5,1257.49,False,57.921,False,5.41946278533492
C3,SANTA AMALIA,Riberalta,56.31912739126946,6.613882773577458,Sist. Ais.,140.6,1257.49,False,66.608,False,6.613882773577458
C3,EL HONDO,Riberalta,37.17486732961464,7.799533625137456,Sist. Ais.,237.45,1257.49,False,43.966,False,4.151630340736674
C3,26 DE OCTUBRE,Riberalta,53.60173615561398,8.232357529250057,Sist. Ais.,178.5,1257.49,False,63.394,False,7.508358936566
C3,SANTA ROSA DEL IVON,Riberalta,31.495042034170925,8.346941651223807,Sist. Ais.,295.35,1257.49,False,37.249,False,5.479823571754296
C3,BERLIN,Riberalta,59.28156145105769,8.372235237139709,Sist. Ais.,165.55,1257.49,False,70.111,False,8.372235237139709
C3,LOS ANGELES,Riberalta,32.597734742768196,8.463332279801506,Sist. Ais.,289.69,1257.49,False,38.553,False,6.715371487738107
C3,PUERTO ROMAN,Riberalta,62.48903833497863,8.849704125119949,Sist. Ais.,165.96,1257.49,False,73.905,False,8.849704125119949
C3,SANTA FE,Riberalta,37.297388741681004,8.862894754079939,Sist. Ais.,266.62,1257.49,False,44.111,False,8.838144323002073
C3,CANDELARIA,Riberalta,64.86128523380475,8.998596347061524,Sist. Ais.,162.94,1257.49,False,76.71,False,8.97948136459826
C3,SAN JUAN KM 42,Riberalta,30.013825004276804,11.046602787309594,Sist. Ais.,403.37,1257.49,False,35.497,False,2.9605679157541434
C3,BELLA FLOR,Riberalta,66.56512518846188,11.252025922825574,Sist. Ais.,194.71,1257.49,False,78.725,False,8.084949263212604
C3,HAMBURGO,Riberalta,4.076086853483243,11.31406562152047,Sist. Ais.,2927.75,1257.49,False,4.821,True,2.0102348299511834
C3,DESVELO,Riberalta,39.52469432907104,11.578479769958694,Sist. Ais.,324.62,1257.49,False,46.745,False,8.48453093758491
C3,SAN ARIEL,Riberalta,78.94285483563381,11.683086319781472,Sist. Ais.,172.64,1257.49,False,93.364,False,11.535327914920014
C3,MEDIO MONTE,Riberalta,28.900172210581786,11.904214056365795,Sist. Ais.,449.35,1257.49,False,34.18,False,3.6949921993629466
C3,PARAISO,Riberalta,12.59582479664882,12.229171686553858,Sist. Ais.,1035.43,1257.49,False,14.897,False,0.37682943324700013
C3,27 DE MAYO,Riberalta,14.945651796105224,13.086721595776924,Sist. Ais.,935.54,1257.49,False,17.676,False,3.563994518123237
C3,BUENA VISTA,Riberalta,25.03605283680969,13.59615985265695,Sist. Ais.,586.86,1257.49,False,29.61,False,8.55243817036498
C3,VILLA NAZARETH,Riberalta,17.908085855893447,13.886916361483353,Sist. Ais.,830.52,1257.49,False,21.18,False,3.6247764598840675
C3,SAN ARIEL,Riberalta,16.52244256340986,14.312512784258962,Sist. Ais.,925.71,1257.49,False,19.541,False,4.842934014579733
C3,PALMIRA DEL IVON,Riberalta,36.68478168134918,14.61899696302298,Sist. Ais.,435.3,1257.49,False,43.386,False,4.639540412236285
C3,LAGO EL CARMEN,Riberalta,18.398171504158903,14.837150607904546,Sist. Ais.,863.01,1257.49,False,21.759,False,2.010293811029386
C3,CENTRITO,Riberalta,12.473303384582454,15.024164209069474,Sist. Ais.,1280.37,1257.49,False,14.752,True,8.010682585685126
C3,IVARENDA,Riberalta,2.7173912356554952,15.616149029498589,Sist. Ais.,6042.79,1257.49,False,3.214,True,2.2139585749574158
C3,SANTUARIO,Riberalta,67.66781789705917,15.929342544405934,Sist. Ais.,264.29,1257.49,False,80.029,False,15.929342544405934
C3,SANTA ELENA DEL LAGO,Riberalta,32.35269191863547,16.319021113647736,Sist. Ais.,546.34,1257.49,False,38.263,False,16.319021113647736
C3,FLOR DE OCTUBRE,Riberalta,30.136346416343176,16.49850185213819,Sist. Ais.,591.47,1257.49,False,35.642,False,6.176491856234984
C3,BUEN RETIRO,Riberalta,26.30530238699266,18.103415534728445,Sist. Ais.,739.04,1257.49,False,31.111,False,11.312203518801017
C3,CONSUELO DEL ROSARIO,Riberalta,97.31407866513689,18.88528238503865,Sist. Ais.,220.95,1257.49,False,115.091,False,10.927936120358728
C3,SANTA RITA,Riberalta,14.945651796105224,19.158092547181067,Sist. Ais.,1361.46,1257.49,False,17.676,True,5.004599831694588
C3,PALESTINA,Riberalta,14.18682100715446,22.35718941626072,Sist. Ais.,1669.78,1257.49,False,16.778,True,3.217747442819556
C3,MONTE CRISTO,Riberalta,16.91695447426479,24.96072751107668,Sist. Ais.,1564.48,1257.49,False,20.007,True,8.612617621796396
C3,BRILLANTE,Riberalta,43.222256861257456,26.20380755070581,Sist. Ais.,653.12,1257.49,False,51.118,False,10.536356236849588
C3,SANTA ROSA DEL BIATA,Riberalta,20.625477091548944,26.23030838585562,Sist. Ais.,1350.87,1257.49,False,24.393,True,11.43061124900633
C3,PALESTINA,Riberalta,22.563691559007488,27.77880082925932,Sist. Ais.,1308.28,1257.49,False,26.686,True,3.7173293370389633
C3,LA SABANA,Riberalta,18.03060726795981,27.981624264887696,Sist. Ais.,1644.6,1257.49,False,21.324,True,16.79342301697654
C3,ALTA GRACIA,Riberalta,27.663998004820407,30.37586847234673,Sist. Ais.,1168.73,1257.49,False,32.718,False,5.065290237780617
C3,EL TRIANGULO,Riberalta,26.917909447324483,31.124784070859388,Sist. Ais.,1229.81,1257.49,False,31.835,False,5.033096591831665
C3,PUERTO CHACOBO,Riberalta,211.77777958501585,31.903214115037773,Sist. Ais.,175.42,1257.49,False,250.466,False,21.07728802246133
C3,SANTA ROSA DEL FLORIDA,Riberalta,32.97625906406503,36.65187965922666,Sist. Ais.,1182.82,1257.49,False,39.0,False,18.57690473098509
C3,COSTA RICA,Riberalta,59.025558541827216,37.63039327564434,Sist. Ais.,685.91,1257.49,False,69.808,False,9.63844235120602
C3,5 DE AGOSTO,Riberalta,39.02364859570785,39.30039294276949,Sist. Ais.,1073.39,1257.49,False,46.153,False,1.8217167632504345
C3,POZA NEGRA,Riberalta,19.144260061654826,39.48337864250204,Sist. Ais.,2179.86,1257.49,False,22.642,True,8.532897540819958
C3,CANDELARIA,Riberalta,47.643488051570074,40.08108379417812,Sist. Ais.,899.53,1257.49,False,56.347,False,1.8003373916700003
C3,VICTORIA,Riberalta,40.25982280146923,42.60355616542255,Sist. Ais.,1126.99,1257.49,False,47.615,False,14.88547845030951
C3,TOKIO,Riberalta,14.945651796105224,46.12141994356299,Sist. Ais.,3253.01,1257.49,False,17.676,True,6.267341349782729
C3,LAS LIMAS,Riberalta,13.586956178277473,57.59636294400491,Sist. Ais.,4462.06,1257.49,False,16.069,True,13.666116411586412
C3,LOS CAYUCES,Riberalta,1.48040615987297,58.77569516229987,Sist. Ais.,41644.46,1257.49,True,1.751,True,
C3,FORTALEZA,Riberalta,18.03060726795981,59.28878030227891,Sist. Ais.,3465.1,1257.49,False,21.324,True,15.141866263520349
C3,LA UNION II,Riberalta,14.066941414512154,62.53959000388844,Sist. Ais.,4678.84,1257.49,False,16.637,True,6.807534907994102
C3,SAN FRANCISCO,Riberalta,37.41991015374737,64.12037897046511,Sist. Ais.,1814.07,1257.49,False,44.256,True,16.86905234589367
C3,EL RECREO,Riberalta,58.045387245296304,69.14633266932267,Sist. Ais.,1266.47,1257.49,False,68.649,True,7.971877998848169
C3,ALTO IVON,Riberalta,159.20147002488144,73.05380332228823,Sist. Ais.,498.6,1257.49,False,188.285,False,34.653754065623886
C3,BUEN DESTINO,Riberalta,73.48112468966698,74.31590787115638,Sist. Ais.,1077.86,1257.49,False,86.905,False,41.472728618057246
C3,PUERTO CHACOBO,Riberalta,29.291071575534076,77.89783652812108,Sist. Ais.,2805.83,1257.49,False,34.642,True,7.258566058802362
C3,3 BOCAS,Riberalta,8.397216531099213,82.16138968655842,Sist. Ais.,10276.13,1257.49,True,9.931,True,
C3,LA UNION II,Riberalta,6.558535677036786,85.88734074323702,Sist. Ais.,13747.79,1257.49,False,7.757,True,0.17708452183346812
C3,CACHUELITA,Riberalta,15.068173208171588,85.99690802726325,Sist. Ais.,6001.32,1257.49,False,17.821,True,12.758650199182117
C3,LOS CAYUCES,Riberalta,43.72411346464179,87.68050269391726,Sist. Ais.,2119.99,1257.49,False,51.712,True,24.99464285698907
C3,SANTA DELMIRA,Riberalta,25.069128181231278,114.84247463849955,Sist. Ais.,4820.57,1257.49,True,29.649,True,
C4,EL CARMEN,Bella_Flor,34.93561264023198,0.0018922181770077,Sist. Ais.,17.53,1275.52,False,41.918,False,0.0018922181770077
C4,KARAMANU,Bella_Flor,23.66093191672759,0.0060987584443616,Sist. Ais.,17.74,1275.52,False,28.39,False,0.0060987584443616
C4,NUEVO BELEN,Bella_Flor,11.86106253485719,0.0211379481228958,Sist. Ais.,19.34,1275.52,False,14.232,False,0.0211379481228958
C4,SAN PEDRO,Bella_Flor,13.18356713473122,0.02957241657343,Sist. Ais.,19.83,1275.52,False,15.819,False,0.02957241657343
C4,CINCO ESTRELLAS,Bella_Flor,6.659329102356328,0.0365621942140137,Sist. Ais.,23.23,1275.52,False,7.99,False,0.0365621942140137
C4,VILLA AMAZONICA,Bella_Flor,37.2622141682246,0.037223461617487,Sist. Ais.,18.52,1275.52,False,44.71,False,0.037223461617487
C4,SANTA ELENA,Bella_Flor,38.05330915632187,0.0529104633247063,Sist. Ais.,18.93,1275.52,False,45.659,False,0.0529104633247063
C4,SANTA LUCIA,Bella_Flor,33.27551179399754,0.0712638484667445,Sist. Ais.,19.72,1275.52,False,39.927,False,0.0712638484667445
C4,SANTA MARIA,Bella_Flor,14.067485757241736,0.0757028549956613,Sist. Ais.,23.12,1275.52,False,16.879,False,0.0757028549956613
C4,SANTA LOURDES,Bella_Flor,48.678206915121166,0.077332403373604,Sist. Ais.,19.14,1275.52,False,58.408,False,0.077332403373604
C4,SAN ANTONIO,Bella_Flor,54.791213641327374,0.0833878958764506,Sist. Ais.,19.07,1275.52,False,65.743,False,0.0833878958764506
C4,NUEVO HORIZONTE,Bella_Flor,13.217405616523171,0.0969876052851138,Sist. Ais.,25.17,1275.52,False,15.859,False,0.0969876052851138
C4,SANTA RITA,Bella_Flor,46.29041223414174,0.1045814266412118,Sist. Ais.,19.84,1275.52,False,55.543,False,0.1045814266412118
C4,SAN PEDRO,Bella_Flor,21.65079291731127,0.1186129868615955,Sist. Ais.,23.22,1275.52,False,25.978,False,0.1186129868615955
C4,CAMPOANA CASTAÑERA,Bella_Flor,37.18209529781922,0.1288799502034814,Sist. Ais.,21.11,1275.52,False,44.614,False,0.1288799502034814
C4,NUEVA VIDA,Bella_Flor,25.017274998393578,0.1831708955133784,Sist. Ais.,25.15,1275.52,False,30.018,False,0.1831708955133784
C4,PERLA DEL ORIENTE,Bella_Flor,5.302986020690347,0.2146572319649502,Sist. Ais.,59.92,1275.52,False,6.363,False,0.2146572319649502
C4,FLORIDA,Bella_Flor,8.258236795603972,1.1518870769242016,Sist. Ais.,163.72,1275.52,False,9.909,False,1.1518870769242016
C4,PALACIOS,Bella_Flor,10.262154841609547,3.7697027235455542,Sist. Ais.,402.62,1275.52,False,12.313,False,3.2012859950385373
C4,16 DE MAYO,Bella_Flor,31.71666353595259,4.125912029875726,Sist. Ais.,153.87,1275.52,False,38.056,False,4.125912029875726
C4,VERONICA,Bella_Flor,11.962315123046674,4.565597701020118,Sist. Ais.,417.64,1275.52,False,14.353,False,4.565597701020118
C4,ALEGRIA,Bella_Flor,7.5094092430748915,5.003179086257375,Sist. Ais.,716.03,1275.52,False,9.01,False,5.003179086257375
C4,INTEGRAL CIVICA,Bella_Flor,4.655411056350751,11.068926320678337,Sist. Ais.,2510.38,1275.52,True,5.586,True,
C4,VILLA MAVARI,Bella_Flor,6.355571337787877,16.23889079288221,Sist. Ais.,2696.4,1275.52,True,7.626,True,
C4,NUEVA ESPERANZA,Bella_Flor,11.759809946667708,18.07428329880881,Sist. Ais.,1628.93,1275.52,True,14.11,True,
C4,PUERTO VARGAS ARROYO GRANDE,Bella_Flor,20.32180450684013,19.98608147100141,Sist. Ais.,1048.63,1275.52,False,24.384,False,14.429551660133583
C4,FORTIN,Bella_Flor,44.10512272954131,21.20908695057307,Sist. Ais.,521.66,1275.52,False,52.921,False,21.19492292458677
C4,MAPAJO,Bella_Flor,46.69542258689968,22.710274447771184,Sist. Ais.,527.4,1275.52,False,56.029,False,22.710274447771184
C4,MONTE VIDEO,Bella_Flor,18.419139049024036,34.50749088734348,Sist. Ais.,1981.75,1275.52,False,22.101,True,2.7074552637455147
C4,MONTEVIDEO PUERTO EVO,Bella_Flor,145.9923533097953,35.6088348178308,Sist. Ais.,273.21,1275.52,False,175.173,False,35.6088348178308
C4,LONDRES,Filadelfia,42.21458243973146,0.0040722913206309,Sist. Ais.,17.58,1269.91,False,50.427,False,0.0040722913206309
C4,FILADELFIA,Filadelfia,35.25790011681302,0.0078139358790586,Sist. Ais.,17.71,1269.91,False,42.117,False,0.0078139358790586
C4,LAGO,Filadelfia,40.554936557524286,0.0085497775013129,Sist. Ais.,17.7,1269.91,False,48.444,False,0.0085497775013129
C4,CURICHON,Filadelfia,35.42492858059925,0.0092905054118727,Sist. Ais.,17.75,1269.91,False,42.316,False,0.0092905054118727
C4,CHIVE,Filadelfia,46.019001462021784,0.0097928563094671,Sist. Ais.,17.7,1269.91,False,54.971,False,0.0097928563094671
C4,SOBERANIA BELLA VISTA,Filadelfia,128.4704216651878,0.0154002887526083,Sist. Ais.,17.6,1269.91,False,153.462,False,0.0154002887526083
C4,PURISIMA,Filadelfia,19.199762330892987,0.0186588797806377,Sist. Ais.,18.49,1269.91,False,22.935,False,0.0186588797806377
C4,AMAZONICA,Filadelfia,62.578224639300515,0.0216098640998723,Sist. Ais.,17.84,1269.91,False,74.751,False,0.0216098640998723
C4,NUEVA UNION,Filadelfia,42.71566783109017,0.0227461013277667,Sist. Ais.,18.03,1269.91,False,51.025,False,0.0227461013277667
C4,BUYUYO 2,Filadelfia,12.744165399333248,0.0273608719672354,Sist. Ais.,19.73,1269.91,False,15.223,False,0.0273608719672354
C4,PETRONILA,Filadelfia,3.4756814725454306,0.0284135579633864,Sist. Ais.,26.05,1269.91,False,4.152,False,0.0284135579633864
C4,REINO DE LOS LOBOS,Filadelfia,5.95983091802862,0.0347632056675433,Sist. Ais.,23.59,1269.91,False,7.119,False,0.0347632056675433
C4,BUYUYO,Filadelfia,18.208230303830746,0.0375578175833762,Sist. Ais.,19.64,1269.91,False,21.75,False,0.0375578175833762
C4,NUEVA ALIANZA,Filadelfia,49.16594538482232,0.0385076509919729,Sist. Ais.,18.3,1269.91,False,58.73,False,0.0385076509919729
C4,LUZ DE AMERICA,Filadelfia,10.42704441763629,0.0420550000017007,Sist. Ais.,21.7,1269.91,False,12.455,False,0.0420550000017007
C4,ESPIRITU,Filadelfia,17.378407362727152,0.0455896037746772,Sist. Ais.,20.23,1269.91,False,20.759,False,0.0455896037746772
C4,FLORIDA,Filadelfia,14.732548831285316,0.0597161202153398,Sist. Ais.,21.72,1269.91,False,17.598,False,0.0597161202153398
C4,SAN ANTONIO,Filadelfia,8.918811262466312,0.0628025485219004,Sist. Ais.,24.86,1269.91,False,10.654,False,0.0628025485219004
C4,EMPRESIÑA,Filadelfia,29.303388576611983,0.0663372445380953,Sist. Ais.,19.85,1269.91,False,35.004,False,0.0663372445380953
C4,EL CHORRO,Filadelfia,36.92286537684779,0.0800293263235113,Sist. Ais.,19.75,1269.91,False,44.105,False,0.0800293263235113
C4,HOLANDA,Filadelfia,18.041201840044515,0.082700327333396,Sist. Ais.,22.28,1269.91,False,21.551,False,0.082700327333396
C4,PLANCHON,Filadelfia,21.35517422663129,0.0997839610593352,Sist. Ais.,22.37,1269.91,False,25.509,False,0.0997839610593352
C4,HONDURAS,Filadelfia,1.158560490848477,0.1028471443821451,Sist. Ais.,110.55,1269.91,False,1.384,False,0.1028471443821451
C4,10 DE NOVIEMBRE,Filadelfia,15.891109322133792,0.1054323368683312,Sist. Ais.,24.43,1269.91,False,18.982,False,0.1054323368683312
C4,VILLA BELLA,Filadelfia,34.433396553537015,0.1198203125788032,Sist. Ais.,21.12,1269.91,False,41.132,False,0.1198203125788032
C4,SAN ANTONIO,Filadelfia,16.079072900496648,0.1491548977333585,Sist. Ais.,27.2,1269.91,False,19.207,False,0.1491548977333585
C4,19 DE AGOSTO,Filadelfia,39.89746145803451,0.1584253791290835,Sist. Ais.,21.64,1269.91,False,47.659,False,0.1584253791290835
C4,LONDRES II,Filadelfia,22.017968703948647,0.4062132886537431,Sist. Ais.,36.82,1269.91,False,26.301,False,0.4062132886537431
C4,COMPENSACION ESPIRITU I,Filadelfia,4.801270427180143,2.060707564628424,Sist. Ais.,467.48,1269.91,False,5.735,False,1.959524011975217
C4,CAPERNAUN,Filadelfia,7.781185886194454,3.397252510693868,Sist. Ais.,475.24,1269.91,False,9.295,False,3.397252510693868
C4,LAGO 2,Filadelfia,25.159593248921606,3.501906568295005,Sist. Ais.,163.41,1269.91,False,30.054,False,3.501906568295005
C4,RIMBER ECUARI,Filadelfia,16.058137785920028,5.053486496511826,Sist. Ais.,347.43,1269.91,False,19.182,False,5.053486496511826
C4,SAN FRANCISCO DE ASIS,Filadelfia,8.10992343593934,6.5289632673264,Sist. Ais.,861.56,1269.91,False,9.688,False,6.5289632673264
C4,GRAN TULAPA,Filadelfia,10.761101345208763,6.786397882625297,Sist. Ais.,678.69,1269.91,False,12.854,False,3.3895364606593668
C4,GRAN PROGRESO,Filadelfia,17.712464290299625,6.996711760446482,Sist. Ais.,431.64,1269.91,False,21.158,False,6.996711760446482
C4,MONTECARLO,Filadelfia,30.30023998150181,7.403518096015623,Sist. Ais.,273.66,1269.91,False,36.194,False,7.403518096015623
C4,UCIA,Filadelfia,71.67436072447451,7.773976099325546,Sist. Ais.,131.19,1269.91,False,85.617,False,7.773976099325546
C4,FELIX ROCA,Filadelfia,63.08462940848681,7.94503197819945,Sist. Ais.,149.52,1269.91,False,75.356,False,7.542036324516319
C4,VILLA SACRIFICIO,Filadelfia,27.97779962197727,9.024192492832618,Sist. Ais.,355.66,1269.91,False,33.42,False,8.988431059988207
C4,PUERTO SUCRE,Filadelfia,20.02958527199658,9.120869176258257,Sist. Ais.,494.92,1269.91,False,23.926,False,8.986816938756691
C4,NUEVA HOLANDA,Filadelfia,21.02111729905882,11.428750394463094,Sist. Ais.,587.51,1269.91,False,25.11,False,11.428750394463094
C4,ESPIRITU II,Filadelfia,26.652210667342555,13.303902293062398,Sist. Ais.,540.84,1269.91,False,31.837,False,7.51797823326221
C4,LIMON,Filadelfia,30.29492060367422,13.830327438977116,Sist. Ais.,496.13,1269.91,False,36.188,False,13.830327438977116
C4,VISTA HERMOSA,Filadelfia,17.378407362727152,14.355817278619124,Sist. Ais.,883.59,1269.91,False,20.759,False,10.986603555749248
C4,SAN FRANCISCO,Filadelfia,22.513734717479768,15.011208539056788,Sist. Ais.,716.55,1269.91,False,26.893,False,9.583715834733454
C4,NUEVA ALEGRIA,Filadelfia,28.64059409929462,15.322962601043804,Sist. Ais.,578.42,1269.91,False,34.212,False,11.36599652479372
C4,11 DE SEPTIEMBRE,Filadelfia,27.972480244149686,18.39390699322892,Sist. Ais.,706.92,1269.91,False,33.414,False,9.387252906293558
C4,NUEVA FRONTERA,Filadelfia,21.51688331258994,18.40233047214894,Sist. Ais.,914.18,1269.91,False,25.703,False,3.5182305213043854
C4,NUEVA JERUSALEN,Filadelfia,23.83932367211448,20.53853066797948,Sist. Ais.,920.78,1269.91,False,28.477,False,6.072513858222251
C4,ALTO MONTE EL PINPOLLO SAMARIA,Filadelfia,33.59825423460583,23.879811375745646,Sist. Ais.,762.67,1269.91,False,40.134,False,8.558224179477714
C4,VILLA PRIMERO DE MAYO,Filadelfia,40.23151838560698,24.214502089672028,Sist. Ais.,648.53,1269.91,False,48.058,False,16.890379843963892
C4,18 DE NOVIEMBRE,Filadelfia,30.127892139887987,24.788186708900398,Sist. Ais.,880.12,1269.91,False,35.989,False,1.5003652057032548
C4,ALTA GRACIA,Filadelfia,32.12159494966764,27.70699821258617,Sist. Ais.,921.85,1269.91,False,38.37,False,16.59754840359217
C4,CATOLICA LA CRUZ,Filadelfia,17.216698276768508,48.34804005307951,Sist. Ais.,2961.81,1269.91,True,20.566,True,
C4,HUMAITA,Ingavi,130.70785061694062,30.574084918483518,Sist. Ais.,262.73,1278.23,False,157.172,False,20.107153464810658
C4,LAS AMALIAS,Ingavi,18.232302249883965,33.11107458799566,Sist. Ais.,1921.58,1278.23,False,21.924,True,2.034284973122851
C4,SAN JUAN DE NUEVO MUNDO,Ingavi,39.87596993864269,34.81515532963927,Sist. Ais.,932.88,1278.23,False,47.95,False,7.608792510549498
C4,INGAVI,Ingavi,114.38180817929933,35.29050929751297,Sist. Ais.,340.96,1278.23,False,137.54,False,29.340902074705834
C4,SAN LUIS,Ingavi,31.720204738683226,35.675659028318584,Sist. Ais.,1196.69,1278.23,False,38.143,False,10.321310222324362
C4,DERREPENTE,Ingavi,54.696906749651895,40.03552137302023,Sist. Ais.,784.91,1278.23,False,65.771,False,12.297038362208175
C4,GENESIS UNIDO,Ingavi,15.150567382131108,45.83894673035316,Sist. Ais.,3189.7,1278.23,False,18.218,True,11.55009567921468
C4,CONFLICTO,Ingavi,46.87077212081433,45.91443893685295,Sist. Ais.,1044.56,1278.23,False,56.361,False,12.932114296223348
C4,PUERTO SUCRE,Ingavi,53.77953865077491,50.67912227590329,Sist. Ais.,1005.5,1278.23,False,64.668,False,17.784199594551954
C4,SANTA CLAUDIA,Ingavi,14.734901158798145,53.19094624377257,Sist. Ais.,3802.32,1278.23,True,17.718,True,
C4,11 DE OCTUBRE,Ingavi,6.493100306627617,60.01542798846869,Sist. Ais.,9708.48,1278.23,True,7.808,True,
C4,JERUSALEN,Ingavi,32.46550153313809,64.47060732879345,Sist. Ais.,2099.56,1278.23,False,39.039,True,25.546316542594653
C4,TAJIBO,Ingavi,25.972401226510474,79.0251395586302,Sist. Ais.,3207.63,1278.23,False,31.231,True,30.67190738670643
C4,PUERTO CONSUELO II,Nueva_Esperanza,25.121249618779682,1.0694581196950332,Sist. Ais.,62.11,1273.74,False,30.1,False,1.0694581196950332
C4,PUERTO CONSUELO I,Nueva_Esperanza,64.15939703336548,6.895524624497626,Sist. Ais.,130.16,1273.74,False,76.874,False,6.895524624497626
C4,ASERRADERO LOS INDIOS,Nueva_Esperanza,30.655316312642753,11.220701437124731,Sist. Ais.,401.25,1273.74,False,36.731,False,6.935678229979755
C4,LA GRAN CRUZ,Nueva_Esperanza,85.8018505630529,27.552375529300367,Sist. Ais.,354.16,1273.74,False,102.806,False,18.98703452830194
C4,NUEVA UNION,Nueva_Esperanza,78.45941988730146,37.26559495908736,Sist. Ais.,515.47,1273.74,False,94.008,False,21.359387214486468
C4,16 DE MAYO,Nueva_Esperanza,20.76551522579271,37.47540853135139,Sist. Ais.,1909.65,1273.74,False,24.881,True,0.37988030855450616
C4,EL TIGRE,Nueva_Esperanza,45.25673316356012,37.76473699365205,Sist. Ais.,892.38,1273.74,False,54.226,False,6.527437217374304
C4,ARCA DE ISRAEL,Nueva_Esperanza,134.45564875455682,42.28726714761592,Sist. Ais.,347.23,1273.74,False,161.102,False,14.828068447057722
C4,LA LOMA,Nueva_Esperanza,10.218438770880915,45.825687364088736,Sist. Ais.,4719.47,1273.74,False,12.244,True,8.583642258316504
C4,NUEVA ESPERANZA,Nueva_Esperanza,28.51831464672349,59.26064102624858,Sist. Ais.,2196.19,1273.74,False,34.17,True,21.7614235852797
C4,PORVENIR,Porvenir,84.22802722322116,0.0046819770650741,Sist. Ais.,17.53,1270.59,False,100.668,False,0.0046819770650741
C4,COLORADO,Porvenir,32.70084228843025,0.004831432095126,Sist. Ais.,17.63,1270.59,False,39.083,False,0.004831432095126
C4,5 DE AGOSTO,Porvenir,44.26169467823946,0.0077109414282825,Sist. Ais.,17.66,1270.59,False,52.901,False,0.0077109414282825
C4,NUEVA ESPERANZA,Porvenir,12.767226579497134,0.0082296909311171,Sist. Ais.,18.15,1270.59,False,15.259,False,0.0082296909311171
C4,COCAMITA,Porvenir,21.514037685063798,0.0085908420853552,Sist. Ais.,17.89,1270.59,False,25.713,False,0.0085908420853552
C4,CACHUELITA BAJO,Porvenir,7.139144011012028,0.0463689895224187,Sist. Ais.,24.28,1270.59,False,8.533,False,0.0463689895224187
C4,VILLA ROJAS,Porvenir,37.137420963983296,0.0589106228955742,Sist. Ais.,19.14,1270.59,False,44.386,False,0.0589106228955742
C4,SANTA FE,Porvenir,25.603813692598035,0.0824284034065172,Sist. Ais.,20.85,1270.59,False,30.601,False,0.0824284034065172
C4,TRINCHERA,Porvenir,36.817863414388434,0.1183673599489279,Sist. Ais.,20.85,1270.59,False,44.004,False,0.1183673599489279
C4,AGUA RICA,Porvenir,34.41998533176846,0.1392873902271401,Sist. Ais.,21.72,1270.59,False,41.138,False,0.1392873902271401
C4,SAN JORGE,Porvenir,11.977015591431794,0.2313058860608959,Sist. Ais.,37.72,1270.59,False,14.315,False,0.2313058860608959
C4,SAN LUIS,Porvenir,17.77953642649702,0.2755196574563058,Sist. Ais.,33.72,1270.59,False,21.25,False,0.2755196574563058
C4,GRAN CHACO,Porvenir,8.580844919935185,0.5136614929567195,Sist. Ais.,80.24,1270.59,False,10.256,False,0.5136614929567195
C4,CACHUELITA ALTA,Porvenir,23.676589048448534,0.5552530182764865,Sist. Ais.,42.06,1270.59,False,28.298,False,0.5552530182764865
C4,TRES BARRACAS,Porvenir,9.024253239981714,1.3908996864534304,Sist. Ais.,179.08,1270.59,False,10.786,False,1.3908996864534304
C4,EL CEDRO,Porvenir,6.93106241020074,2.8263488046884984,Sist. Ais.,445.02,1270.59,False,8.284,False,2.8263488046884984
C4,VILLA MARIETA,Porvenir,9.883824761650818,5.120034132195242,Sist. Ais.,560.61,1270.59,False,11.813,False,5.120034132195242
C4,SAN JOSE,Porvenir,7.929354999077369,6.7228078990545015,Sist. Ais.,906.41,1270.59,False,9.477,False,2.7706721890532955
C4,NUEVA VIDA,Porvenir,7.20850454461579,6.859128780982459,Sist. Ais.,1015.13,1270.59,False,8.615,False,6.01023932722155
C4,SAN LUIS,Porvenir,16.77916997247896,8.258669929802721,Sist. Ais.,533.53,1270.59,False,20.054,False,8.258669929802721
C4,BUENA VISTA,Porvenir,20.349778910555692,10.001721712746782,Sist. Ais.,532.79,1270.59,False,24.322,False,4.758556981770981
C4,CAMPO ANA,Porvenir,28.583821162472063,10.53261617311902,Sist. Ais.,403.82,1270.59,False,34.163,False,10.53261617311902
C4,CASTAÑERA,Porvenir,26.2825487318798,10.949226412871568,Sist. Ais.,454.27,1270.59,False,31.412,False,4.787274911341492
C4,AVAROA,Puerto_Rico,11.60146271184229,0.0044324401661622,Sist. Ais.,17.88,1277.09,False,13.938,False,0.0044324401661622
C4,LOS ANGELES,Puerto_Rico,12.750119950462043,0.0093418816422981,Sist. Ais.,18.24,1277.09,False,15.318,False,0.0093418816422981
C4,CAMPEONES,Puerto_Rico,32.840181797308816,0.0314298893532684,Sist. Ais.,18.48,1277.09,False,39.454,False,0.0314298893532684
C4,MOTACUZAL,Puerto_Rico,12.89945277201745,0.0379617714620112,Sist. Ais.,20.56,1277.09,False,15.497,False,0.0379617714620112
C4,JERICO,Puerto_Rico,15.346100070812358,0.0949263601518412,Sist. Ais.,23.96,1277.09,False,18.437,False,0.0949263601518412
C4,ARROYO SECO,Puerto_Rico,10.63658079068858,0.1129215932644143,Sist. Ais.,28.61,1277.09,False,12.779,False,0.1129215932644143
C4,BATRAJA,Puerto_Rico,53.596459922198484,0.1716240168182745,Sist. Ais.,20.83,1277.09,False,64.39,False,0.1716240168182745
C4,SAN ANTONIO EL MATI,Puerto_Rico,28.46377065620649,0.1860837627246362,Sist. Ais.,24.33,1277.09,False,34.196,False,0.1860837627246362
C4,NUEVA JERUSALEN,Puerto_Rico,16.810644200498245,0.190839829833467,Sist. Ais.,29.38,1277.09,False,20.196,False,0.190839829833467
C4,CONQUISTA,Puerto_Rico,14.0481100106372,0.1999035150449466,Sist. Ais.,32.39,1277.09,False,16.877,False,0.1999035150449466
C4,PUERTO RICO,Puerto_Rico,237.57720227456565,0.2459652497398414,Sist. Ais.,18.56,1277.09,False,285.421,False,0.2459652497398414
C4,MANDARINO,Puerto_Rico,6.208505905720297,1.6873098074688837,Sist. Ais.,302.42,1277.09,False,7.459,False,1.6873098074688837
C4,PUERTO MADRE DE DIOS,Puerto_Rico,7.357163144340049,1.7925680531770327,Sist. Ais.,272.93,1277.09,False,8.839,False,1.7925680531770327
C4,EL PIÑAL,Puerto_Rico,1.797652268707331,3.75906285067682,Sist. Ais.,2209.94,1277.09,True,2.16,True,
C4,LA ESPERANZA,Puerto_Rico,3.262196398393214,4.929719204518715,Sist. Ais.,1601.89,1277.09,True,3.919,True,
C4,IRAK,Puerto_Rico,26.96478403060997,5.2444938173004845,Sist. Ais.,221.4,1277.09,False,32.395,False,5.2444938173004845
C4,NACEBECITO,Puerto_Rico,18.625517717160893,5.671297227341397,Sist. Ais.,336.73,1277.09,False,22.376,False,5.671297227341397
C4,MAPIMEJE,Puerto_Rico,1.6310981991966067,6.801773390069309,Sist. Ais.,4389.68,1277.09,True,1.96,True,
C4,FLORIDA,Puerto_Rico,16.477536061476794,7.089287716987203,Sist. Ais.,468.57,1277.09,False,19.796,False,7.059662239046687
C4,JAPA,Puerto_Rico,1.797652268707331,7.854426447060819,Sist. Ais.,4598.54,1277.09,True,2.16,True,
C4,SACRIFICIO,Puerto_Rico,7.506495965895454,8.692444535543416,Sist. Ais.,1231.6,1277.09,False,9.018,False,3.579298014830886
C4,TRINIDACITO,Puerto_Rico,2.44664729879491,11.8974145302609,Sist. Ais.,5115.94,1277.09,True,2.939,True,
C4,DESLINDE,Puerto_Rico,11.934570850863738,12.92617609916942,Sist. Ais.,1153.06,1277.09,False,14.338,False,6.088954995155534
C4,PENINSULA,Puerto_Rico,3.595304537414662,15.356149484344698,Sist. Ais.,4495.69,1277.09,True,4.319,True,
C4,BOLIVAR,Puerto_Rico,5.726064945143443,15.369503247042154,Sist. Ais.,2831.72,1277.09,True,6.879,True,
C4,FLORENCIA,Puerto_Rico,0.8155490995983034,15.613692533985269,Sist. Ais.,20090.54,1277.09,True,0.98,True,
C4,SANTA ANA DEL TATU,Puerto_Rico,15.380542566722996,16.56173049196124,Sist. Ais.,1146.47,1277.09,False,18.478,False,12.99056948226573
C4,SAN JUAN,Puerto_Rico,7.190609074829326,16.90392884109661,Sist. Ais.,2482.27,1277.09,False,8.639,True,3.8501212487917083
C4,CASCABELES,Puerto_Rico,6.041951836209573,17.89080560800216,Sist. Ais.,3122.11,1277.09,False,7.259,True,2.0961138843370763
C4,LITORAL,Puerto_Rico,9.637256373624234,18.30380638214324,Sist. Ais.,2008.82,1277.09,True,11.578,True,
C4,BRUNO RACUA,Puerto_Rico,12.566344632995998,18.47768406389292,Sist. Ais.,1559.16,1277.09,False,15.097,True,6.75584380404508
C4,BUENA VENTURA,Puerto_Rico,4.077745497991517,19.16541512812625,Sist. Ais.,4945.31,1277.09,True,4.899,True,
C4,KIOSCO,Puerto_Rico,6.857500935807876,22.132505236829488,Sist. Ais.,3401.42,1277.09,True,8.238,True,
C4,COCAL,Puerto_Rico,22.220822254575555,23.58876331093029,Sist. Ais.,1130.5,1277.09,False,26.696,False,7.5258921825492155
C4,SANTA MARIA,Puerto_Rico,9.47070230411351,23.59916707913372,Sist. Ais.,2630.07,1277.09,False,11.378,True,8.16380274018204
C4,CANAN AGUADA,Puerto_Rico,10.935246433799394,24.566098522027737,Sist. Ais.,2372.88,1277.09,False,13.137,True,9.452762833067009
C4,PUERTO CARDENAS,Puerto_Rico,1.6310981991966067,26.344396375970756,Sist. Ais.,16951.74,1277.09,True,1.96,True,
C4,PROVIDENCIA,Puerto_Rico,1.797652268707331,26.65777433137254,Sist. Ais.,15565.54,1277.09,False,2.16,True,1.657282911464352
C4,INDEPENDENCIA,Puerto_Rico,10.619359542733264,27.839585351256023,Sist. Ais.,2766.14,1277.09,False,12.758,True,3.305061669526351
C4,MANCHESTER,Puerto_Rico,15.679208209833806,30.60584332179751,Sist. Ais.,2064.1,1277.09,False,18.837,True,0.3942448682746256
C4,EL CARMEN,Puerto_Rico,52.694804582823586,30.673152422278772,Sist. Ais.,627.78,1277.09,False,63.307,False,23.636941637792955
C4,NUEVA VIDA,Puerto_Rico,8.155490995983033,31.49935538994808,Sist. Ais.,4067.05,1277.09,False,9.798,True,7.190155985752843
C4,HIROSHIMA,Puerto_Rico,14.36399690170333,33.34145902343985,Sist. Ais.,2451.18,1277.09,False,17.257,True,8.729976816801626
C4,PUERTO AMERICA,Puerto_Rico,5.708843697188124,34.71251597812044,Sist. Ais.,6392.71,1277.09,False,6.858,True,2.528198717107676
C4,VICTORIA,Puerto_Rico,2.779755437816359,35.91352420318777,Sist. Ais.,13563.43,1277.09,True,3.34,True,
C4,ALIANZA,Puerto_Rico,11.91734960290842,36.66095048120904,Sist. Ais.,3242.86,1277.09,False,14.317,True,9.275008676116874
C4,CAMACHO,Puerto_Rico,2.779755437816359,39.26206127814715,Sist. Ais.,14826.44,1277.09,True,3.34,True,
C4,LAS ARENAS,Puerto_Rico,4.57740770652369,39.80558742614102,Sist. Ais.,9135.12,1277.09,True,5.499,True,
C4,NARANJAL,San_Lorenzo,4.676875930844555,0.0039301835402918,Sist. Ais.,18.36,1278.98,False,5.627,False,0.0039301835402918
C4,VISTA ALEGRE,San_Lorenzo,10.894441982452621,0.0330269155867351,Sist. Ais.,20.65,1278.98,False,13.108,False,0.0330269155867351
C4,BLANCA FLOR,San_Lorenzo,19.784508565971862,0.0348239138550811,Sist. Ais.,19.32,1278.98,False,23.804,False,0.0348239138550811
C4,GENECHIQUIA,San_Lorenzo,55.49933665943878,0.0843215109303369,Sist. Ais.,19.07,1278.98,False,66.776,False,0.0843215109303369
C4,SANTA ELENA,San_Lorenzo,42.39607942324486,0.0871459656702531,Sist. Ais.,19.63,1278.98,False,51.01,False,0.0871459656702531
C4,LORETO,San_Lorenzo,11.921568729628296,0.1259878652667654,Sist. Ais.,28.55,1278.98,False,14.344,False,0.1259878652667654
C4,NUEVA ESPERANZA,San_Lorenzo,2.517938772521218,0.1613170365608272,Sist. Ais.,84.65,1278.98,False,3.03,False,0.1613170365608272
C4,NUEVO HORIZONTE,San_Lorenzo,9.558191716497035,0.196574676704216,Sist. Ais.,39.04,1278.98,False,11.5,False,0.196574676704216
C4,PALESTINA,San_Lorenzo,12.076130489018253,0.1998269599319047,Sist. Ais.,34.82,1278.98,False,14.53,False,0.1998269599319047
C4,LOS REYES,San_Lorenzo,16.23944304627497,0.2861686635769537,Sist. Ais.,35.95,1278.98,False,19.539,False,0.2861686635769537
C4,SAN MARTIN,San_Lorenzo,20.452633698949658,0.8351533740726772,Sist. Ais.,60.29,1278.98,False,24.608,False,0.7675600161206865
C4,REMANSO,San_Lorenzo,13.925944128561676,0.9040819464872724,Sist. Ais.,85.54,1278.98,False,16.755,False,0.9040819464872724
C4,NAVIDAD,San_Lorenzo,17.730255071620515,1.1576420617696976,Sist. Ais.,85.93,1278.98,False,21.333,False,1.1576420617696976
C4,SAMARIA,San_Lorenzo,23.075256135442864,1.4373880366144585,Sist. Ais.,82.79,1278.98,False,27.764,False,1.4373880366144585
C4,SANTA MARIA,San_Lorenzo,10.894441982452621,1.5060804842509012,Sist. Ais.,162.42,1278.98,False,13.108,False,1.5060804842509012
C4,GALILEA,San_Lorenzo,7.553816317563654,1.6591496641340502,Sist. Ais.,247.77,1278.98,False,9.089,False,1.6591496641340502
C4,NANAGUA,San_Lorenzo,9.044628342909197,1.7213765092462208,Sist. Ais.,217.02,1278.98,False,10.882,False,0.8965518840665904
C4,VIÑA DEL RIO,San_Lorenzo,7.040252943975816,3.085192357942196,Sist. Ais.,476.94,1278.98,False,8.471,False,3.085192357942196
C4,COPACABANA,San_Lorenzo,7.040252943975816,5.585728829558041,Sist. Ais.,849.33,1278.98,False,8.471,False,3.4619061404149893
C4,PUERTO COPACABANA,San_Lorenzo,46.968271690117426,6.999531552815245,Sist. Ais.,173.73,1278.98,False,56.511,False,6.999531552815245
C4,SANTA ANITA,San_Lorenzo,0.6681251329777935,7.572366479542287,Sist. Ais.,11900.63,1278.98,True,0.804,True,
C4,EXALTACION,San_Lorenzo,19.734630470553896,9.028990587682555,Sist. Ais.,497.17,1278.98,False,23.744,False,9.028990587682555
C4,VENECIA,San_Lorenzo,11.871690634210328,11.14820455278636,Sist. Ais.,1002.05,1278.98,False,14.284,False,9.521471764190016
C4,TRIGALITO,San_Lorenzo,6.217566051608067,11.331689132738669,Sist. Ais.,1928.35,1278.98,True,7.481,True,
C4,SAN SALVADOR,San_Lorenzo,3.854189038476805,11.687829886739417,Sist. Ais.,3196.98,1278.98,False,4.637,True,4.205643163178334
C4,LITUANIA,San_Lorenzo,10.226316849474829,12.005013459436716,Sist. Ais.,1248.31,1278.98,False,12.304,False,5.449611965129911
C4,BRIGIDA,San_Lorenzo,7.862939836343566,12.046605765822646,Sist. Ais.,1623.82,1278.98,False,9.461,True,7.656751798551249
C4,IBERIA,San_Lorenzo,12.58969386260609,12.699099270374104,Sist. Ais.,1075.06,1278.98,False,15.148,False,5.323767255340154
C4,SINAI,San_Lorenzo,26.10675828155192,14.38846103491433,Sist. Ais.,595.33,1278.98,False,31.411,False,10.511026629804357
C4,TRINIDACITO,San_Lorenzo,60.28089625425532,14.793132494058684,Sist. Ais.,274.77,1278.98,False,72.529,False,14.793132494058684
C4,SAN LORENZO,San_Lorenzo,19.58006871116394,18.68776994112393,Sist. Ais.,1018.17,1278.98,False,23.558,False,13.18800854076024
C4,BITUMBO,San_Lorenzo,36.791832936060565,37.0518340880978,Sist. Ais.,1073.36,1278.98,False,44.267,False,10.726432036395364
C4,SAN JORGE,San_Lorenzo,16.23944304627497,39.25229278993184,Sist. Ais.,2551.74,1278.98,False,19.539,True,4.185387024651541
C4,CHARAL,San_Lorenzo,53.494961260505406,42.7941654182114,Sist. Ais.,856.22,1278.98,False,64.364,False,8.025185382360013
C4,FORTALEZA,San_Lorenzo,55.70870398738276,52.54692285554989,Sist. Ais.,1006.44,1278.98,False,67.028,False,5.157151534850657
C4,ROSARIO,San_Lorenzo,8.685626728711316,62.816349798346025,Sist. Ais.,7600.28,1278.98,True,10.45,True,
C4,SAN ANTONIO,San_Lorenzo,2.672500531911174,75.98233296960338,Sist. Ais.,29826.85,1278.98,True,3.216,True,
C4,VALPARAISO,San_Pedro,73.7332633521809,6.255156399287372,Sist. Ais.,106.42,1273.77,False,88.348,False,6.255156399287372
C4,TRES ISLAS,San_Pedro,35.95198838729906,6.836868798793387,Sist. Ais.,216.86,1273.77,False,43.078,False,6.836868798793387
C4,SANTA ROSA,San_Pedro,37.89703260820431,11.32462097479034,Sist. Ais.,330.79,1273.77,False,45.409,False,7.577146074768594
C4,BARRACON,San_Pedro,46.11554764622031,11.50937083923596,Sist. Ais.,279.15,1273.77,False,55.256,False,6.540998308102295
C4,MANGALITO,San_Pedro,52.195470156687556,15.516644150915504,Sist. Ais.,329.16,1273.77,False,62.541,False,4.239143942670882
C4,EL CARMEN,San_Pedro,61.68917597456889,16.595941793893523,Sist. Ais.,299.54,1273.77,False,73.917,False,8.362229841484018
C4,MARAVILLA,San_Pedro,35.52692479401061,16.931666501810643,Sist. Ais.,517.16,1273.77,False,42.569,False,16.81063772777734
C4,TRES ESTRELLAS,San_Pedro,53.12338800658548,17.21477267047513,Sist. Ais.,357.24,1273.77,False,63.653,False,11.133182678385367
C4,LOMA VELARDE,San_Pedro,59.49934190591215,18.775713465843,Sist. Ais.,348.33,1273.77,False,71.293,False,5.64243478968358
C4,PALLAR,San_Pedro,58.5979731782273,18.98476586537306,Sist. Ais.,357.16,1273.77,False,70.213,False,4.768466143008041
C4,SANTA ANA,San_Pedro,43.86119747534909,21.262776714833063,Sist. Ais.,525.75,1273.77,False,52.555,False,6.809017407595119
C4,NUEVA ESPERANZA,San_Pedro,2.859687509696648,21.641627168006004,Sist. Ais.,7952.15,1273.77,False,3.427,True,1.7425933801064193
C4,FORTALEZA,San_Pedro,55.1196737685987,23.15280366175136,Sist. Ais.,457.88,1273.77,False,66.045,False,9.916218656083501
C4,FLOR ESPERANZA,San_Pedro,9.248915970129865,23.36013423239496,Sist. Ais.,2665.62,1273.77,False,11.082,True,6.767407798791975
C4,12 DE MARZO,San_Pedro,49.825362342493854,26.839421043382245,Sist. Ais.,582.26,1273.77,False,59.702,False,6.62451036814373
C4,CAYUSAL,San_Pedro,55.78952720963863,27.800560881653688,Sist. Ais.,539.94,1273.77,False,66.848,False,4.440474475382489
C4,LA PAZ,San_Pedro,32.79626948874297,33.60697556825164,Sist. Ais.,1091.87,1273.77,False,39.297,False,2.110576990142024
C4,NACEBE,Santa_Rosa_Pando,3.267824627427939,0.0007449728860776,Sist. Ais.,17.71,1276.81,False,3.925,False,0.0007449728860776
C4,LAS ABEJAS II,Santa_Rosa_Pando,21.551982580233915,0.0013612602813844,Sist. Ais.,17.54,1276.81,False,25.886,False,0.0013612602813844
C4,SANTA ROSA,Santa_Rosa_Pando,70.56935199165301,0.004933790002301,Sist. Ais.,17.55,1276.81,False,84.762,False,0.004933790002301
C4,BERNARDINO RACUA,Santa_Rosa_Pando,33.77521268289346,0.0076842236168288,Sist. Ais.,17.71,1276.81,False,40.568,False,0.0076842236168288
C4,SIMON BOLIVAR,Santa_Rosa_Pando,12.472128104221392,0.0124449220822759,Sist. Ais.,18.52,1276.81,False,14.98,False,0.0124449220822759
C4,MONTERREY,Santa_Rosa_Pando,22.02670398494336,0.0140845673543956,Sist. Ais.,18.15,1276.81,False,26.457,False,0.0140845673543956
C4,DOS LAGOS,Santa_Rosa_Pando,17.684987547315615,0.0212293683786539,Sist. Ais.,18.73,1276.81,False,21.242,False,0.0212293683786539
C4,1RO DE MAYO,Santa_Rosa_Pando,12.223230102659539,0.0256207474030188,Sist. Ais.,19.67,1276.81,False,14.681,False,0.0256207474030188
C4,LAS ABEJAS,Santa_Rosa_Pando,8.356235069741235,0.0320908332633664,Sist. Ais.,21.5,1276.81,False,10.037,False,0.0320908332633664
C4,PUERTO MORALES AYMA,Santa_Rosa_Pando,62.13481711795937,0.0498893114288301,Sist. Ais.,18.32,1276.81,False,74.631,False,0.0498893114288301
C4,ALTO BAHIA II,Santa_Rosa_Pando,40.80865794087304,8.588287549878975,Sist. Ais.,238.13,1276.81,False,49.016,False,8.588287549878975
C4,COPACABANA,Santa_Rosa_Pando,13.320196511273606,12.105802343102898,Sist. Ais.,970.36,1276.81,False,15.999,False,11.269563037139953
C4,VILLA DEL CARMEN,Santa_Rosa_Pando,12.946849508930832,13.891007665179725,Sist. Ais.,1142.41,1276.81,False,15.551,False,8.400079838800577
C4,16 DE JULIO,Santa_Rosa_Pando,0.8480684070522161,15.440936984884116,Sist. Ais.,19107.25,1276.81,True,1.019,True,
C4,PALESTINA,Santa_Rosa_Pando,33.65076368211253,30.809259456323662,Sist. Ais.,977.42,1276.81,False,40.418,False,19.98150622603274
C4,SANTA TEREZA,Santos_Mercado,35.13589702164416,0.0651474452271159,Sist. Ais.,19.42,1284.99,False,42.476,False,0.0651474452271159
C4,RESERVA,Santos_Mercado,81.60641454573236,0.0822600916696484,Sist. Ais.,18.53,1284.99,False,98.655,False,0.0822600916696484
C4,CHIRIPA,Santos_Mercado,47.014901329340006,8.553353758026091,Sist. Ais.,208.22,1284.99,False,56.837,False,8.553353758026091
C4,PUERTO SUCRE,Santos_Mercado,12.042816340857126,10.50421556578216,Sist. Ais.,932.0,1284.99,False,14.559,False,6.324312152926189
C4,CHIRIPA,Santos_Mercado,8.609538768614055,12.601261808838023,Sist. Ais.,1552.06,1284.99,False,10.408,True,7.691324865119994
C4,SAN JOSE,Santos_Mercado,4.2292035274257,16.500130216670104,Sist. Ais.,4108.07,1284.99,True,5.113,True,
C4,CAMPESINA PARAISO,Santos_Mercado,13.02268802238571,19.120409743382968,Sist. Ais.,1556.89,1284.99,False,15.743,True,8.665515941691579
C4,SAN MARTIN,Santos_Mercado,17.884005471832758,28.98239821255749,Sist. Ais.,1716.61,1284.99,False,21.62,True,18.77370855751125
C4,SAN MARTIN TACANA,Santos_Mercado,68.93148428285389,32.364773805296274,Sist. Ais.,509.76,1284.99,False,83.332,False,8.859571911502401
C4,LOS ALMENDROS,Santos_Mercado,34.453061822028324,33.731128491676856,Sist. Ais.,1043.98,1284.99,False,41.651,False,4.802057204640663
C4,VILLA VICTORIA,Santos_Mercado,111.26156051530677,36.02205711849203,Sist. Ais.,356.93,1284.99,False,134.505,False,36.02205711849203
C4,ALMENDROS II,Santos_Mercado,54.644568416425486,36.79960325170685,Sist. Ais.,723.56,1284.99,False,66.06,False,5.525850080374359
C4,MOLINO,Santos_Mercado,8.136009934141413,41.2375200614996,Sist. Ais.,5331.69,1284.99,True,9.836,True,
C4,TAMARINDO,Santos_Mercado,9.438278736379983,76.4740530447699,Sist. Ais.,8512.79,1284.99,True,11.41,True,
C4,7 DE ENERO,Santos_Mercado,10.740547538618555,77.13806046960046,Sist. Ais.,7547.57,1284.99,True,12.984,True,
C4,EL CARMEN,Sena,25.330553376508323,0.0198078552309911,Sist. Ais.,18.29,1283.46,False,30.586,False,0.0198078552309911
C4,MONTE SINAI,Sena,52.66150060421347,0.1474685179633489,Sist. Ais.,20.41,1283.46,False,63.587,False,0.1474685179633489
C4,EL SENA,Sena,490.6808783511276,0.1636181526982188,Sist. Ais.,17.82,1283.46,False,592.477,False,0.1636181526982188
C4,VILLA COTOCA,Sena,35.15146710658445,7.899156218765868,Sist. Ais.,253.09,1283.46,False,42.444,False,7.899156218765868
C4,SACRIFICIO,Sena,59.16497638715541,9.183013775093135,Sist. Ais.,180.21,1283.46,False,71.439,False,9.183013775093135
C4,EL TURI,Sena,19.098660882428334,11.125426186656917,Sist. Ais.,628.24,1283.46,False,23.061,False,6.726658201195099
C4,SANTA TRINIDAD,Sena,34.970411580676476,15.811258912170766,Sist. Ais.,491.52,1283.46,False,42.225,False,12.23635487447169
C4,BELEN,Sena,1.909866088242833,17.553552227483614,Sist. Ais.,9653.99,1283.46,True,2.306,True,
C4,CANADA,Sena,17.09826703123151,17.68048854900702,Sist. Ais.,1101.65,1283.46,False,20.645,False,14.77167460755299
C4,SANTA TERESA,Sena,1.909866088242833,18.64231304028977,Sist. Ais.,10251.7,1283.46,False,2.306,True,1.7069190824064184
C4,TURI RIO,Sena,39.061727046024096,19.621320518862834,Sist. Ais.,544.14,1283.46,False,47.165,False,12.552663926439074
C4,NUEVA FEDERACION,Sena,48.52052972428427,19.7179591269049,Sist. Ais.,443.56,1283.46,False,58.587,False,19.7179591269049
C4,SANTA FE,Sena,9.549330441214167,24.424052982550617,Sist. Ais.,2699.13,1283.46,False,11.53,True,5.73552954045585
C4,BELLA BRISA,Sena,1.909866088242833,24.966402773211243,Sist. Ais.,13723.49,1283.46,True,2.306,True,
C4,TURI DOS,Sena,9.549330441214167,25.83409382117687,Sist. Ais.,2853.95,1283.46,False,11.53,True,6.498148374567419
C4,REMANZO,Sena,22.827865295960013,28.214446283869066,Sist. Ais.,1313.35,1283.46,False,27.564,True,2.582331878452406
C4,SANTAROSITA,Sena,4.774665220607083,28.616567587839448,Sist. Ais.,6301.42,1283.46,False,5.765,True,0.41113547740116746
C4,VILLA FRONTERA,Sena,34.970411580676476,28.780799705370352,Sist. Ais.,880.37,1283.46,False,42.225,False,9.451755346329449
C4,BRIGIDA II,Sena,14.32399566182125,30.68162381091515,Sist. Ais.,2263.28,1283.46,False,17.296,True,7.918211076065514
C4,SAN JOSE,Sena,64.9851024148379,30.87461090383096,Sist. Ais.,515.61,1283.46,False,78.467,False,30.38066765783447
C4,TATUCITO,Sena,21.782404488884616,31.79904465987793,Sist. Ais.,1548.09,1283.46,False,26.301,True,12.731561005863748
C4,BERCEBA,Sena,13.36906261769983,33.21072245518073,Sist. Ais.,2622.04,1283.46,False,16.143,True,1.6043537169155235
C4,RECREO,Sena,25.602136665370278,33.99349465315425,Sist. Ais.,1409.6,1283.46,False,30.914,True,10.04161974239011
C4,CACHUELITA,Sena,42.609875933647814,34.67277368605146,Sist. Ais.,870.65,1283.46,False,51.45,False,3.2596757137792096
C4,LA ESPERANZA,Sena,12.414129573578418,36.253238786449735,Sist. Ais.,3079.36,1283.46,False,14.99,True,2.477288487463571
C4,RESERVA,Sena,61.79906457903012,36.91733632874354,Sist. Ais.,643.81,1283.46,False,74.62,False,17.299944141396892
C4,RINCONCITO PANDINO,Sena,47.112957865392936,37.25124525351793,Sist. Ais.,846.48,1283.46,False,56.887,False,2.6906379720443696
C4,LAS MERCEDES,Sena,50.06828476071117,37.61072499009836,Sist. Ais.,805.08,1283.46,False,60.455,False,7.159265085846116
C4,NUEVA ESPERANZA II,Sena,16.917211505323543,39.78243258440721,Sist. Ais.,2483.06,1283.46,False,20.427,True,3.584570334993159
C4,SANTA ELENA,Sena,60.98431471244427,39.84231987725296,Sist. Ais.,702.47,1283.46,False,73.636,False,18.16013312397387
C4,PRIMERO DE DICIEMBRE,Sena,23.601742814173463,40.87213240675104,Sist. Ais.,1833.16,1283.46,False,28.498,True,12.443932668676942
C4,BALLIVIAN,Sena,23.42068728826549,43.684001965253,Sist. Ais.,1973.08,1283.46,False,28.279,True,10.429581186020146
C4,NUEVA EMPRESA,Sena,25.692664428324264,44.2747907197781,Sist. Ais.,1824.26,1283.46,False,31.023,True,7.441433041786612
C4,SOLEDAD,Sena,20.05359392654975,44.510087218566994,Sist. Ais.,2344.62,1283.46,False,24.214,True,8.69785861767341
C4,SAN ANTONIO,Sena,49.45018458167277,45.58822377992821,Sist. Ais.,984.07,1283.46,False,59.709,False,7.144198239798421
C4,SAN MIGUEL,Sena,17.281250547282955,48.82093357337262,Sist. Ais.,2979.5,1283.46,False,20.866,True,9.650666651664501
C4,SAN CARLOS,Sena,3.819732176485666,50.451823433236925,Sist. Ais.,13865.95,1283.46,True,4.612,True,
C4,COPACABANA,Sena,17.00773926827753,50.74613327991972,Sist. Ais.,3145.82,1283.46,False,20.536,True,2.651602304322999
C4,SANTA ROSA DE LIMA,Sena,16.052806224156114,52.136947283314754,Sist. Ais.,3422.75,1283.46,False,19.383,True,8.123000280857076
C4,BERLIN,Sena,7.639464352971332,53.25369616975247,Sist. Ais.,7326.26,1283.46,False,9.224,True,7.0730775333609
C4,PALMA REAL,Sena,43.83639226663118,54.01338596231341,Sist. Ais.,1309.36,1283.46,False,52.931,True,23.99932652896957
C4,GIRADO,Sena,15.278928705942665,55.92210763405246,Sist. Ais.,3854.98,1283.46,False,18.449,True,7.370091130611654
C4,PALMAR,Sena,64.75439147434835,57.588791730323095,Sist. Ais.,949.93,1283.46,False,78.188,False,23.838417150544046
C4,SAN ROQUE,Sena,38.016266238948695,57.5980104100262,Sist. Ais.,1606.01,1283.46,False,45.903,True,3.8158243096154396
C4,FLORIDA,Sena,18.827077593566376,57.92458981155002,Sist. Ais.,3243.28,1283.46,False,22.733,True,7.994930629575529
C4,EL COLORADO,Sena,17.1887947941855,58.40591347852271,Sist. Ais.,3580.09,1283.46,False,20.755,True,7.4847854567439756
C4,SANTA ROSA DEL MANUPARE,Sena,31.331734930098783,59.27843502103836,Sist. Ais.,2001.15,1283.46,False,37.832,True,12.980489246967231
C4,SAN MIGUEL,Sena,25.32862538636486,62.11259417131892,Sist. Ais.,2588.62,1283.46,False,30.583,True,4.609715247479861
C4,ARROYO COLORADO,Sena,10.504263485335583,62.34697381237109,Sist. Ais.,6240.59,1283.46,False,12.683,True,5.254312450151348
C4,SIMPENSAR,Sena,4.774665220607083,64.11398142996802,Sist. Ais.,14096.35,1283.46,False,5.765,True,5.326437258909116
C4,SAN SALVADOR,Sena,18.143727838306916,64.98417371331779,Sist. Ais.,3772.73,1283.46,False,21.908,True,5.070134070759812
C4,COLMENA,Sena,88.67737299196534,65.71929753523627,Sist. Ais.,794.51,1283.46,False,107.074,False,15.482035862574685
C4,4 DE JUNIO,Sena,16.052806224156114,67.33755421866402,Sist. Ais.,4415.57,1283.46,True,19.383,True,
C4,NUEVA ESPERANZA,Sena,88.76790075491934,67.48832577788546,Sist. Ais.,814.61,1283.46,False,107.184,False,28.53074983166912
C4,TRIUNFO,Sena,53.344850359472936,67.91144738480538,Sist. Ais.,1352.25,1283.46,False,64.412,True,22.850882684805928
C4,SAN ANTONIO,Sena,2.5279662672812337,69.73052434545198,Sist. Ais.,28938.24,1283.46,True,3.052,True,
C4,PEKIN,Sena,44.61026978484463,70.20909887204418,Sist. Ais.,1667.6,1283.46,False,53.865,True,3.4823812278444857
C4,ALTO BUENA VISTA,Sena,23.87332610303542,71.19864619823058,Sist. Ais.,3144.4,1283.46,False,28.826,True,6.012843836504017
C4,SANTA MARIA DEL WIPA,Sena,26.64759747244568,72.30949107353106,Sist. Ais.,2862.56,1283.46,False,32.176,True,7.436327038368201
C4,PUERTO PALOMA,Sena,2.86479913236425,73.10963288085436,Sist. Ais.,26774.54,1283.46,False,3.459,True,2.8986430411892012
C4,RANCHITO,Sena,13.36906261769983,74.64468444937293,Sist. Ais.,5871.52,1283.46,False,16.143,True,3.5785083248039466
C4,RESERVA II,Villa_Nueva,40.008520293518885,0.0168327018484832,Sist. Ais.,17.92,1282.83,False,48.284,False,0.0168327018484832
C4,ENAREVENA,Villa_Nueva,10.62710114069013,0.0404816440607124,Sist. Ais.,21.47,1282.83,False,12.825,False,0.0404816440607124
C4,SANTA CRUCITO,Villa_Nueva,49.801855223901825,0.131696076702393,Sist. Ais.,20.25,1282.83,False,60.104,False,0.131696076702393
C4,LOMA ALTA,Villa_Nueva,31.46559895165006,0.4381005227763587,Sist. Ais.,32.07,1282.83,False,37.974,False,0.4381005227763587
C4,SANTA TERESITA,Villa_Nueva,28.54765294252157,2.822816289461168,Sist. Ais.,121.15,1282.83,False,34.453,False,2.822816289461168
C4,AGUARENDA,Villa_Nueva,16.878226175474136,3.0718515408435083,Sist. Ais.,208.3,1282.83,False,20.37,False,3.0718515408435083
C4,ISLA LAS PETAS,Villa_Nueva,18.12911121788156,5.529968387082769,Sist. Ais.,337.29,1282.83,False,21.879,False,5.529968387082769
C4,BELEN,Villa_Nueva,17.711520931888014,5.718543714110882,Sist. Ais.,356.0,1282.83,False,21.375,False,5.376631255835146
C4,BELLA BRISA,Villa_Nueva,27.713415278321087,7.310022627336611,Sist. Ais.,294.03,1282.83,False,33.446,False,7.310022627336611
C4,CALLAO GUADALUPE,Villa_Nueva,9.58524696822613,8.91301665451575,Sist. Ais.,992.42,1282.83,False,11.568,False,3.964894571040654
C4,PERSEVERANCIA,Villa_Nueva,34.38213059909864,12.829636791410554,Sist. Ais.,408.71,1282.83,False,41.494,False,12.758696619037618
C4,SANTA FE,Villa_Nueva,43.13455426480419,16.047952431544125,Sist. Ais.,407.55,1282.83,False,52.057,False,6.007687955431599
C4,PALMIRA,Villa_Nueva,8.126745417555188,16.222646006138625,Sist. Ais.,2110.45,1282.83,False,9.808,True,3.59101666906367
C4,LAS MALVINAS,Villa_Nueva,25.213059555186142,18.20003264168589,Sist. Ais.,774.32,1282.83,False,30.428,False,3.528559479347986
C4,DEMOCRACIA,Villa_Nueva,42.30078805449701,19.396460732148466,Sist. Ais.,498.24,1282.83,False,51.051,False,19.21360320793004
C4,SAN ANTONIO,Villa_Nueva,8.75195221181225,23.54857316851382,Sist. Ais.,2838.57,1282.83,False,10.562,True,4.575324072016067
C4,TRIUNFO,Villa_Nueva,9.376687552176008,26.17817180446686,Sist. Ais.,2944.64,1282.83,False,11.316,True,0.29214614224110447
C4,NUEVO TRIUNFO,Villa_Nueva,48.96903192138126,26.46145224138804,Sist. Ais.,584.04,1282.83,False,59.098,False,7.890538861356927
C4,SANTA ISABEL,Villa_Nueva,22.504144416001083,29.86674436379726,Sist. Ais.,1408.98,1282.83,False,27.159,True,13.122836342320001
C4,SAN IGNACIO,Villa_Nueva,38.550018742847946,30.350020475795173,Sist. Ais.,842.93,1282.83,False,46.524,False,3.553619636828811
C5,VILLA BUSCH,Cobija,8.88004542043544,0.006102059256351,Sist. Ais.,18.2,1247.35,False,10.416,False,0.006102059256351
C5,MEJILLONES,Cobija,7.344192858812497,0.0061093851889927,Sist. Ais.,18.35,1247.35,False,8.615,False,0.0061093851889927
C5,VILLA ROSARIO,Cobija,8.308990028937188,0.0076528674235452,Sist. Ais.,18.44,1247.35,False,9.747,False,0.0076528674235452
C5,17 DE MAYO,Cobija,26.551479454870417,0.0159914423196172,Sist. Ais.,18.11,1247.35,False,31.145,False,0.0159914423196172
C5,SUJAL,Cobija,17.58277722799907,0.0177875308702838,Sist. Ais.,18.54,1247.35,False,20.625,False,0.0177875308702838
C5,VILLA FATIMA,Cobija,14.964134775153418,0.021463670796319,Sist. Ais.,18.98,1247.35,False,17.553,False,0.021463670796319
C5,ALTO BAHIA,Cobija,19.51237156824845,0.031796477916156,Sist. Ais.,19.18,1247.35,False,22.888,False,0.031796477916156
C5,NUEVA ESPERANZA,Cobija,34.781591315592394,0.033826253096172,Sist. Ais.,18.49,1247.35,False,40.799,False,0.033826253096172
C5,COBIJA,Cobija,621.2283458658462,0.0568739148504907,Sist. Ais.,17.57,1247.35,False,728.71,False,0.0568739148504907
C5,AVAROA,Cobija,8.683174531122223,0.136278675769332,Sist. Ais.,33.93,1247.35,False,10.185,False,0.136278675769332
C5,BELMONTE,Cobija,1.5456311998436463,0.7052766096650585,Sist. Ais.,495.9,1247.35,False,1.813,False,0.7052766096650585
C5,NUEVO TRIUNFO,Cobija,2.6088638146249474,0.8126235524870056,Sist. Ais.,344.06,1247.35,False,3.06,False,0.8126235524870056
C5,MARAPANI,Cobija,9.076916309748661,2.7975421500845314,Sist. Ais.,340.62,1247.35,False,10.647,False,2.7975421500845314
C5,PONTON,Cobija,7.344192858812497,3.542355749041134,Sist. Ais.,523.19,1247.35,False,8.615,False,3.542355749041134
