c_ut,count,mean,median,std,min,max,q10,q20,q25,q30,q40,q50,q60,q70,q75,q80,q90,IQR,name,province,department,num_dpto,surface,Population_2024,density
70101,309996,2.366,2.004,1.657,0,7.438,0.509,0.972,1.147,1.313,1.643,2.004,2.424,2.957,3.288,3.682,4.828,2.141,Santa Cruz de la Sierra,Andres Ibanez,Santa Cruz,7,1269,1606671,1266.09
50203,7187,0.650,0.537,0.211,0.504,1.368,0.504,0.504,0.504,0.504,0.510,0.537,0.590,0.673,0.727,0.798,0.996,0.223,Llallagua,Rafael Bustillo,Potosi,5,536,41571,77.56
70603,922,1.626,1.449,0.997,0,4.628,0.431,0.807,0.923,1.027,1.256,1.449,1.684,2.032,2.219,2.441,3.016,1.296,Colpa Belgica,Sara,Santa Cruz,7,291.5,6020,20.65
71001,23030,1.656,1.410,1.153,0,5.134,0.340,0.683,0.813,0.929,1.160,1.410,1.700,2.065,2.292,2.553,3.373,1.479,Montero,Obispo Santistevan,Santa Cruz,7,315,127544,404.9
50201,3823,0.448,0.389,0.153,0.24,0.946,0.335,0.354,0.354,0.354,0.363,0.389,0.429,0.479,0.516,0.560,0.683,0.162,Uncia,Rafael Bustillo,Potosi,5,1000,22673,22.67
71201,1726,1.431,1.235,0.951,0.012,4.175,0.324,0.630,0.748,0.858,1.053,1.235,1.439,1.757,1.914,2.163,2.894,1.166,San Matias,Angel Sandoval,Santa Cruz,7,27082,15336,0.57
70706,7137,1.479,1.322,0.963,0,4.308,0.313,0.638,0.760,0.873,1.104,1.322,1.584,1.875,2.047,2.266,2.881,1.287,Camiri,Cordillera,Santa Cruz,7,1036,32656,31.52
71003,4016,1.377,1.223,0.895,0,4.109,0.298,0.617,0.738,0.840,1.019,1.223,1.453,1.724,1.892,2.115,2.649,1.154,Mineros,Obispo Santistevan,Santa Cruz,7,420.1,22731,54.11
90101,11473,1.537,1.282,1.130,0,5.054,0.265,0.589,0.713,0.824,1.058,1.282,1.548,1.896,2.136,2.393,3.226,1.423,Cobija,Nicolas Suarez,Pando,9,451.1,54386,120.56
70202,1739,1.479,1.232,1.066,0,4.842,0.262,0.586,0.720,0.826,1.013,1.232,1.527,1.868,2.059,2.307,2.947,1.339,Okinawa Uno,Warnes,Santa Cruz,7,1042,10508,10.08
60301,23108,1.183,1.012,0.794,0.091,3.6,0.258,0.452,0.555,0.649,0.828,1.012,1.215,1.464,1.627,1.829,2.370,1.072,Yacuiba,Gran Chaco,Tarija,6,3641,97577,26.8
80202,6887,1.163,0.992,0.812,0.012,3.73,0.256,0.432,0.530,0.626,0.812,0.992,1.214,1.460,1.608,1.790,2.343,1.078,Guayaramerin,Vaca Diez,Beni,8,6502,40759,6.27
70601,3607,1.611,1.427,1.112,0,5.013,0.254,0.637,0.767,0.906,1.149,1.427,1.730,2.049,2.268,2.507,3.216,1.502,Portachuelo,Sara,Santa Cruz,7,1076,20709,19.25
30905,14752,1.300,1.187,0.843,0,3.775,0.254,0.550,0.670,0.775,0.982,1.187,1.409,1.667,1.820,1.993,2.495,1.150,Colcapirhua,Quillacollo,Cochabamba,3,28.8,66235,2299.83
10101,65207,1.213,1.035,0.842,0.24,3.776,0.251,0.405,0.507,0.611,0.817,1.035,1.275,1.555,1.718,1.917,2.460,1.211,Sucre,Samuel Oropeza,Chuquisaca,1,1820,296125,162.71
51201,8017,0.712,0.528,0.477,0.24,2.244,0.247,0.340,0.354,0.360,0.421,0.528,0.679,0.851,0.958,1.083,1.456,0.604,Uyuni,Quijarro,Potosi,5,7784,35118,4.51
71402,3462,1.868,1.597,1.362,0,5.994,0.245,0.716,0.886,1.020,1.288,1.597,1.940,2.361,2.632,2.948,3.846,1.746,Puerto Quijarro,German Busch,Santa Cruz,7,1450,17826,12.29
50101,40538,0.953,0.789,0.655,0.24,2.971,0.242,0.326,0.398,0.472,0.629,0.789,0.975,1.205,1.345,1.503,1.939,0.947,Potosi,Tomas Frias,Potosi,5,1233,218336,177.08
60303,12779,1.142,0.960,0.797,0.24,3.599,0.242,0.395,0.488,0.586,0.780,0.960,1.171,1.428,1.587,1.764,2.342,1.099,Villa Montes,Gran Chaco,Tarija,6,11784,46010,3.9
60202,9629,1.149,0.997,0.760,0.24,3.441,0.241,0.425,0.539,0.639,0.818,0.997,1.199,1.436,1.592,1.773,2.266,1.053,Bermejo,Arce,Tarija,6,381,36967,97.03
10102,2281,0.536,0.356,0.380,0.24,1.764,0.240,0.240,0.240,0.242,0.277,0.356,0.478,0.626,0.719,0.820,1.151,0.479,Yotala,Samuel Oropeza,Chuquisaca,1,452.9,9241,20.4
10103,797,0.262,0.240,0.039,0.24,0.416,0.240,0.240,0.240,0.240,0.240,0.240,0.245,0.255,0.265,0.279,0.321,0.025,Poroma,Samuel Oropeza,Chuquisaca,1,1395,13640,9.78
10201,682,0.404,0.266,0.242,0.24,1.189,0.240,0.240,0.240,0.240,0.241,0.266,0.334,0.422,0.491,0.571,0.813,0.251,Azurduy,Azurduy,Chuquisaca,1,1700,7861,4.62
10202,1361,0.264,0.240,0.045,0.24,0.446,0.240,0.240,0.240,0.240,0.240,0.240,0.244,0.255,0.263,0.277,0.333,0.023,Tarvita,Azurduy,Chuquisaca,1,1334,16470,12.35
10301,996,0.437,0.306,0.266,0.24,1.334,0.240,0.240,0.240,0.244,0.266,0.306,0.368,0.474,0.558,0.648,0.867,0.318,Villa Zudanez,Zudanez,Chuquisaca,1,701.1,12687,18.1
10302,910,0.279,0.241,0.071,0.24,0.551,0.240,0.240,0.240,0.240,0.240,0.241,0.249,0.267,0.283,0.303,0.392,0.043,Presto,Zudanez,Chuquisaca,1,1329,12023,9.05
10303,1143,0.344,0.270,0.148,0.24,0.844,0.240,0.240,0.240,0.240,0.250,0.270,0.300,0.351,0.399,0.442,0.580,0.159,Villa Mojocoya,Zudanez,Chuquisaca,1,1247,8971,7.19
10304,1094,0.269,0.240,0.053,0.24,0.475,0.240,0.240,0.240,0.240,0.240,0.240,0.245,0.260,0.271,0.292,0.347,0.031,Icla,Zudanez,Chuquisaca,1,846.3,8854,10.46
10401,1659,0.515,0.353,0.341,0.24,1.636,0.240,0.240,0.240,0.251,0.284,0.353,0.470,0.607,0.695,0.794,1.064,0.455,Padilla,Tomina,Chuquisaca,1,1620,7542,4.66
10402,1291,0.354,0.272,0.164,0.24,0.933,0.240,0.240,0.240,0.240,0.248,0.272,0.311,0.368,0.408,0.468,0.622,0.168,Tomina,Tomina,Chuquisaca,1,826.9,8341,10.09
10403,753,0.488,0.387,0.282,0.24,1.393,0.240,0.240,0.247,0.258,0.310,0.387,0.480,0.572,0.639,0.716,0.926,0.392,Sopachuy,Tomina,Chuquisaca,1,620.4,6886,11.1
10404,741,0.294,0.241,0.096,0.24,0.631,0.240,0.240,0.240,0.240,0.240,0.241,0.250,0.277,0.300,0.335,0.454,0.060,Villa Alcala,Tomina,Chuquisaca,1,312.8,3752,11.99
10405,729,0.274,0.240,0.063,0.24,0.53,0.240,0.240,0.240,0.240,0.240,0.240,0.247,0.262,0.273,0.298,0.365,0.033,El Villar,Tomina,Chuquisaca,1,895.5,5636,6.29
10601,2129,0.288,0.247,0.077,0.24,0.563,0.240,0.240,0.240,0.240,0.240,0.247,0.261,0.285,0.302,0.325,0.415,0.062,Tarabuco,Yamparaez,Chuquisaca,1,1029,13251,12.88
10602,1533,0.283,0.242,0.071,0.24,0.531,0.240,0.240,0.240,0.240,0.240,0.242,0.254,0.279,0.298,0.319,0.398,0.058,Yamparaez,Yamparaez,Chuquisaca,1,598.8,8537,14.26
10702,3354,0.281,0.242,0.069,0.24,0.535,0.240,0.240,0.240,0.240,0.240,0.242,0.253,0.274,0.292,0.315,0.391,0.052,San Lucas,Nor Cinti,Chuquisaca,1,3872,26486,6.84
10801,2029,0.392,0.263,0.231,0.24,1.154,0.240,0.240,0.240,0.240,0.243,0.263,0.306,0.401,0.470,0.558,0.780,0.230,Villa Serrano,Belisario Boeto,Chuquisaca,1,1713,8961,5.23
11001,1107,0.703,0.585,0.504,0,2.245,0.240,0.256,0.311,0.373,0.474,0.585,0.701,0.841,0.925,1.061,1.496,0.614,Villa Vaca Guzman (Muyupampa),Luis Calvo,Chuquisaca,1,3793,13196,3.48
11003,869,0.781,0.653,0.517,0.099,2.399,0.240,0.294,0.341,0.401,0.530,0.653,0.787,0.939,1.065,1.181,1.562,0.724,Machareti,Luis Calvo,Chuquisaca,1,7880,7245,0.92
21802,866,0.240,0.240,0.000,0.24,0.24,0.240,0.240,0.240,0.240,0.240,0.240,0.240,0.240,0.240,0.240,0.240,0.000,Papel Pampa,Gualberto Villarroel,La Paz,2,914.1,6222,6.81
41101,1937,0.261,0.240,0.047,0.24,0.444,0.240,0.240,0.240,0.240,0.240,0.240,0.240,0.240,0.240,0.264,0.336,0.000,Eucaliptus,Tomas Barron,Oruro,4,333.8,5443,16.31
41301,374,0.248,0.240,0.025,0.203,0.36,0.240,0.240,0.240,0.240,0.240,0.240,0.240,0.240,0.240,0.240,0.264,0.000,Totora,San Pedro de Totora,Oruro,4,1443,6570,4.55
41601,743,0.240,0.240,0.000,0.24,0.24,0.240,0.240,0.240,0.240,0.240,0.240,0.240,0.240,0.240,0.240,0.240,0.000,Huayllamarca,Nor Carangas,Oruro,4,876.7,5980,6.82
50102,2898,0.248,0.240,0.017,0.24,0.314,0.240,0.240,0.240,0.240,0.240,0.240,0.240,0.242,0.249,0.254,0.274,0.009,Tinguipaya,Tomas Frias,Potosi,5,1464,28829,19.69
50103,1266,0.254,0.240,0.029,0.24,0.37,0.240,0.240,0.240,0.240,0.240,0.240,0.240,0.245,0.250,0.262,0.301,0.010,Yocalla,Tomas Frias,Potosi,5,880.7,11119,12.63
50104,252,0.252,0.240,0.021,0.24,0.323,0.240,0.240,0.240,0.240,0.240,0.240,0.240,0.244,0.251,0.266,0.289,0.011,Urmiri,Tomas Frias,Potosi,5,1304,3162,2.42
50202,1189,0.262,0.247,0.030,0.24,0.35,0.240,0.240,0.240,0.240,0.241,0.247,0.254,0.267,0.276,0.288,0.316,0.036,Chayanta,Rafael Bustillo,Potosi,5,614.5,16008,26.05
50301,5524,0.311,0.243,0.113,0.24,0.715,0.240,0.240,0.240,0.240,0.240,0.243,0.269,0.310,0.339,0.377,0.497,0.099,Betanzos,Cornelio Saavedra,Potosi,5,1909,31772,16.64
50302,2016,0.267,0.243,0.048,0.24,0.44,0.240,0.240,0.240,0.240,0.240,0.243,0.247,0.256,0.266,0.290,0.350,0.026,Chaqui,Cornelio Saavedra,Potosi,5,454.1,9262,20.4
50303,585,0.244,0.240,0.010,0.24,0.298,0.240,0.240,0.240,0.240,0.240,0.240,0.240,0.240,0.241,0.242,0.252,0.001,Tacobamba,Cornelio Saavedra,Potosi,5,833.9,14208,17.04
50401,4286,0.255,0.240,0.029,0.24,0.372,0.240,0.240,0.240,0.240,0.240,0.240,0.241,0.249,0.256,0.266,0.300,0.016,Colquechaca,Chayanta,Potosi,5,800,16163,20.2
50402,2502,0.243,0.240,0.006,0.24,0.27,0.240,0.240,0.240,0.240,0.240,0.240,0.240,0.241,0.242,0.245,0.252,0.002,Ravelo,Chayanta,Potosi,5,1241,16728,13.48
50403,3887,0.278,0.246,0.059,0.24,0.482,0.240,0.240,0.240,0.240,0.240,0.246,0.258,0.280,0.295,0.317,0.373,0.055,Pocoata,Chayanta,Potosi,5,1192,32307,27.1
50404,1374,0.254,0.240,0.028,0.24,0.365,0.240,0.240,0.240,0.240,0.240,0.240,0.241,0.246,0.252,0.260,0.300,0.012,Ocuri,Chayanta,Potosi,5,941.7,14367,15.26
50501,1333,0.258,0.242,0.032,0.24,0.396,0.240,0.240,0.240,0.240,0.240,0.242,0.246,0.253,0.259,0.269,0.302,0.019,San Pedro de Buena Vista,Charcas,Potosi,5,2170,27961,12.89
50502,1212,0.280,0.240,0.074,0.24,0.557,0.240,0.240,0.240,0.240,0.240,0.240,0.247,0.268,0.283,0.307,0.404,0.043,Toro Toro,Charcas,Potosi,5,1176,10719,9.11
50601,5116,0.390,0.266,0.208,0.132,1.072,0.240,0.240,0.240,0.240,0.244,0.266,0.330,0.448,0.514,0.559,0.716,0.274,Cotagaita,Nor Chichas,Potosi,5,6435,29070,4.52
50602,1985,0.264,0.240,0.043,0.24,0.422,0.240,0.240,0.240,0.240,0.240,0.240,0.242,0.255,0.269,0.284,0.333,0.029,Vitichi,Nor Chichas,Potosi,5,1756,10102,5.75
50701,2425,0.253,0.243,0.021,0.24,0.337,0.240,0.240,0.240,0.240,0.240,0.243,0.247,0.252,0.257,0.262,0.284,0.017,Sacaca,Alonso de Ibanez,Potosi,5,892.5,17188,19.26
50702,1120,0.251,0.243,0.016,0.24,0.312,0.240,0.240,0.240,0.240,0.241,0.243,0.246,0.251,0.256,0.260,0.277,0.016,Caripuyo,Alonso de Ibanez,Potosi,5,518.1,8427,16.27
50901,1103,0.531,0.374,0.364,0.24,1.774,0.240,0.240,0.243,0.255,0.298,0.374,0.473,0.609,0.700,0.810,1.118,0.457,Colcha K,Nor Lipez,Potosi,5,15904,12638,0.79
50902,454,0.279,0.249,0.064,0.24,0.528,0.240,0.240,0.240,0.240,0.242,0.249,0.260,0.276,0.289,0.305,0.381,0.049,San Pedro de Quemes,Nor Lipez,Potosi,5,4403,1603,0.36
51001,498,0.315,0.250,0.118,0.024,0.692,0.240,0.240,0.240,0.240,0.240,0.250,0.277,0.322,0.359,0.394,0.499,0.119,San Pablo de Lipez,Sud Lipez,Potosi,5,15321,3136,0.2
51003,131,0.318,0.262,0.111,0.24,0.656,0.240,0.240,0.240,0.240,0.248,0.262,0.278,0.335,0.370,0.393,0.493,0.130,San Antonio de Esmoruco,Sud Lipez,Potosi,5,2512,1941,0.77
51101,4676,0.272,0.240,0.056,0.24,0.476,0.240,0.240,0.240,0.240,0.240,0.240,0.246,0.266,0.282,0.301,0.366,0.042,Puna,Linares,Potosi,5,1400,16350,11.68
51102,2499,0.298,0.243,0.094,0.24,0.621,0.240,0.240,0.240,0.240,0.240,0.243,0.260,0.293,0.321,0.354,0.453,0.081,Caiza D,Linares,Potosi,5,1376,12891,9.37
51103,875,0.259,0.240,0.033,0.24,0.379,0.240,0.240,0.240,0.240,0.240,0.240,0.243,0.255,0.265,0.279,0.319,0.025,Ckochas,Linares,Potosi,5,2100,14301,6.81
51202,1823,0.255,0.240,0.029,0.24,0.37,0.240,0.240,0.240,0.240,0.240,0.240,0.242,0.249,0.255,0.267,0.300,0.015,Tomave,Quijarro,Potosi,5,8239,7811,0.95
51203,1846,0.698,0.548,0.493,0.24,2.26,0.240,0.241,0.245,0.283,0.406,0.548,0.707,0.877,0.985,1.108,1.434,0.740,Porco,Quijarro,Potosi,5,1149,14626,12.73
51301,540,0.256,0.240,0.030,0.24,0.366,0.240,0.240,0.240,0.240,0.240,0.240,0.242,0.250,0.260,0.271,0.302,0.020,Arampampa,General Bilbao,Potosi,5,424.7,3623,8.53
51302,906,0.244,0.240,0.009,0.24,0.284,0.240,0.240,0.240,0.240,0.240,0.240,0.240,0.240,0.242,0.245,0.255,0.002,Acasio,General Bilbao,Potosi,5,345.3,4434,12.84
51401,1092,0.359,0.260,0.185,0.24,0.968,0.240,0.240,0.240,0.240,0.244,0.260,0.293,0.352,0.395,0.470,0.676,0.155,Llica,Daniel Campos,Potosi,5,5812,4150,0.71
51402,369,0.276,0.240,0.066,0.24,0.509,0.240,0.240,0.240,0.240,0.240,0.240,0.243,0.263,0.288,0.312,0.381,0.048,Tahua,Daniel Campos,Potosi,5,1105,1561,1.41
51501,8555,0.645,0.549,0.385,0.24,1.849,0.240,0.278,0.313,0.357,0.448,0.549,0.659,0.785,0.863,0.956,1.226,0.550,Villazon,Modesto Omiste,Potosi,5,2469,49312,19.97
51601,219,0.543,0.434,0.323,0.24,1.454,0.240,0.244,0.280,0.301,0.354,0.434,0.524,0.658,0.721,0.787,1.075,0.442,San Agustin,Enrique Baldivieso,Potosi,5,2116,2119,1
60302,4110,0.792,0.657,0.531,0.24,2.508,0.240,0.269,0.323,0.393,0.523,0.657,0.807,0.987,1.094,1.226,1.589,0.771,Carapari,Gran Chaco,Tarija,6,3126,15650,5.01
60601,5306,0.572,0.426,0.387,0.24,1.8,0.240,0.240,0.245,0.261,0.325,0.426,0.540,0.680,0.775,0.883,1.191,0.530,Entre Rios,O'Connor,Tarija,6,5033,20846,4.14
80101,55804,1.514,1.176,1.232,0.24,5.465,0.240,0.388,0.514,0.642,0.900,1.176,1.494,1.890,2.148,2.465,3.384,1.634,Trinidad,Cercado,Beni,8,2539,124357,48.98
80102,255,0.917,0.759,0.663,0.152,2.992,0.240,0.251,0.282,0.361,0.583,0.759,0.982,1.159,1.306,1.510,1.960,1.024,San Javier,Cercado,Beni,8,8173,7654,0.94
80301,4904,1.125,0.888,0.891,0.028,3.96,0.240,0.279,0.348,0.449,0.669,0.888,1.140,1.428,1.584,1.800,2.483,1.236,Reyes,General Jose Ballivian,Beni,8,12642,11274,0.89
80302,18771,0.805,0.610,0.618,0.24,2.848,0.240,0.240,0.257,0.300,0.444,0.610,0.799,1.008,1.140,1.296,1.739,0.883,San Borja,General Jose Ballivian,Beni,8,13489,45562,3.38
80303,3254,0.904,0.727,0.671,0.24,3.092,0.240,0.250,0.300,0.360,0.543,0.727,0.928,1.176,1.306,1.440,1.880,1.006,Santa Rosa,General Jose Ballivian,Beni,8,12106,10910,0.9
80304,9914,1.093,0.824,0.889,0.24,3.972,0.240,0.275,0.345,0.428,0.614,0.824,1.071,1.355,1.538,1.771,2.477,1.193,Rurrenabaque,General Jose Ballivian,Beni,8,2529,21018,8.31
80401,7397,1.012,0.776,0.813,0.24,3.653,0.240,0.252,0.302,0.372,0.552,0.776,1.021,1.287,1.452,1.650,2.226,1.150,Santa Ana del Yacuma,Yacuma,Beni,8,20093,18102,0.9
80501,7045,0.778,0.576,0.595,0.24,2.748,0.240,0.241,0.263,0.304,0.420,0.576,0.764,0.978,1.104,1.255,1.690,0.841,San Ignacio de Moxos,Moxos,Beni,8,20011,21578,1.08
80601,303,0.997,0.763,0.816,0.048,3.511,0.240,0.240,0.272,0.337,0.601,0.763,0.998,1.273,1.426,1.551,2.170,1.154,Loreto,Marban,Beni,8,5364,4263,0.79
80602,2785,0.809,0.634,0.594,0.24,2.674,0.240,0.243,0.278,0.327,0.466,0.634,0.816,1.036,1.159,1.296,1.733,0.881,San Andres,Marban,Beni,8,9355,15635,1.67
80701,2499,1.286,1.044,0.987,0.113,4.428,0.240,0.363,0.469,0.588,0.816,1.044,1.308,1.596,1.813,2.027,2.802,1.344,San Joaquin,Mamore,Beni,8,8692,6851,0.79
80702,1984,1.459,1.212,1.112,0.24,5.112,0.240,0.397,0.528,0.680,0.978,1.212,1.498,1.832,2.048,2.287,3.058,1.520,San Ramon,Mamore,Beni,8,10079,5441,0.54
80801,4324,0.962,0.743,0.760,0.24,3.425,0.240,0.252,0.296,0.365,0.540,0.743,0.964,1.221,1.375,1.572,2.059,1.079,Magdalena,Itenez,Beni,8,13634,12769,0.94
80802,519,0.669,0.600,0.440,0.24,2.118,0.240,0.242,0.252,0.280,0.384,0.600,0.739,0.840,0.925,1.020,1.340,0.673,Baures,Itenez,Beni,8,17616,6564,0.37
80803,398,0.659,0.428,0.475,0.24,2.17,0.240,0.259,0.291,0.319,0.353,0.428,0.586,0.816,0.985,1.076,1.426,0.693,Huacaraje,Itenez,Beni,8,4464,4628,1.04
90302,174,0.930,0.774,0.674,0.041,2.966,0.240,0.395,0.469,0.509,0.652,0.774,0.918,1.105,1.168,1.314,1.920,0.699,San Lorenzo,Madre de Dios,Pando,9,3171,9203,2.9
70104,23383,1.372,1.238,0.916,0,4.112,0.227,0.582,0.719,0.829,1.034,1.238,1.456,1.722,1.893,2.088,2.682,1.174,La Guardia,Andres Ibanez,Santa Cruz,7,953.2,147622,154.87
50801,12069,0.596,0.478,0.421,0,1.888,0.220,0.240,0.247,0.276,0.365,0.478,0.611,0.760,0.845,0.939,1.227,0.598,Tupiza,Sud Chichas,Potosi,5,6204,45531,7.34
71103,1132,1.283,1.108,0.957,0,4.273,0.214,0.435,0.530,0.642,0.893,1.108,1.317,1.599,1.809,2.017,2.720,1.279,San Julian,Nuflo de Chaves,Santa Cruz,7,5726,44635,7.8
71102,1411,1.242,1.095,0.878,0,3.906,0.199,0.462,0.580,0.671,0.896,1.095,1.328,1.590,1.755,1.928,2.433,1.176,San Javier,Nuflo de Chaves,Santa Cruz,7,3381,14897,4.41
20101,241878,1.469,1.251,1.092,0,4.8,0.197,0.498,0.627,0.745,0.991,1.251,1.546,1.902,2.111,2.356,3.065,1.484,La Paz,Murillo,La Paz,2,2001,755732,377.68
90203,388,1.059,0.978,0.678,0,3.21,0.196,0.472,0.602,0.693,0.815,0.978,1.151,1.307,1.416,1.591,2.011,0.814,Filadelfia,Manuripi,Pando,9,11886,7941,0.67
70502,3879,1.512,1.220,1.208,0,5.295,0.193,0.487,0.620,0.733,0.970,1.220,1.501,1.874,2.107,2.420,3.311,1.487,Pailon,Chiquitos,Santa Cruz,7,13726,54357,3.96
71502,849,0.792,0.683,0.534,0,2.46,0.183,0.324,0.374,0.429,0.532,0.683,0.833,1.037,1.129,1.248,1.540,0.755,Urubicha,Guarayos,Santa Cruz,7,10470,6528,0.62
71503,795,1.115,0.944,0.818,0,3.55,0.179,0.378,0.482,0.565,0.753,0.944,1.197,1.444,1.607,1.771,2.249,1.125,El Puente,Guarayos,Santa Cruz,7,6745,17214,2.55
70501,3005,1.138,1.009,0.807,0,3.549,0.175,0.401,0.516,0.616,0.815,1.009,1.227,1.463,1.604,1.768,2.297,1.088,San Jose de Chiquitos,Chiquitos,Santa Cruz,7,19121,40961,2.14
30901,37376,1.112,0.983,0.773,0,3.411,0.172,0.420,0.528,0.624,0.802,0.983,1.189,1.432,1.577,1.754,2.235,1.049,Quillacollo,Quillacollo,Cochabamba,3,565.3,165830,293.35
70404,1151,1.229,1.075,0.862,0,3.969,0.171,0.519,0.648,0.747,0.894,1.075,1.252,1.535,1.714,1.886,2.492,1.066,San Juan de Yapacani,Ichilo,Santa Cruz,7,1578,10206,6.47
60101,50531,1.290,1.160,0.902,0,3.966,0.166,0.470,0.593,0.710,0.936,1.160,1.403,1.682,1.851,2.042,2.579,1.258,Tarija,Cercado,Tarija,6,2132,238942,112.07
70201,26709,1.274,1.128,0.906,0,4.032,0.163,0.468,0.599,0.717,0.927,1.128,1.351,1.617,1.787,1.989,2.579,1.188,Warnes,Warnes,Santa Cruz,7,1315,150803,114.68
70105,10220,0.990,0.877,0.680,0,3.053,0.162,0.393,0.498,0.583,0.728,0.877,1.041,1.252,1.374,1.520,1.984,0.876,El Torno,Andres Ibanez,Santa Cruz,7,959.5,55558,57.9
71004,2297,0.997,0.905,0.683,0,3.015,0.158,0.365,0.503,0.601,0.756,0.905,1.057,1.255,1.383,1.523,1.943,0.880,Fernandez Alonso,Obispo Santistevan,Santa Cruz,7,760.1,14625,19.24
71501,4048,1.026,0.892,0.755,0,3.396,0.156,0.341,0.426,0.519,0.698,0.892,1.092,1.320,1.460,1.623,2.125,1.034,Ascension de Guarayos,Guarayos,Santa Cruz,7,8674,34002,3.92
71105,880,0.634,0.553,0.431,0,1.95,0.154,0.244,0.296,0.341,0.435,0.553,0.678,0.815,0.882,0.973,1.264,0.587,San Antonio de Lomerio,Nuflo de Chaves,Santa Cruz,7,2503,8427,3.37
80201,17668,0.876,0.714,0.675,0.012,3.013,0.150,0.276,0.333,0.401,0.549,0.714,0.894,1.123,1.258,1.422,1.872,0.925,Riberalta,Vaca Diez,Beni,8,9726,107141,11.02
70403,8807,1.099,0.963,0.790,0,3.492,0.149,0.389,0.509,0.612,0.788,0.963,1.150,1.402,1.543,1.720,2.260,1.034,Villa Yapacani,Ichilo,Santa Cruz,7,9514,57683,6.06
70503,3220,1.104,0.971,0.809,0,3.571,0.140,0.347,0.460,0.559,0.773,0.971,1.183,1.448,1.585,1.753,2.273,1.125,Robore,Chiquitos,Santa Cruz,7,7353,18701,2.54
90303,486,0.937,0.806,0.717,0,3.147,0.138,0.279,0.362,0.432,0.600,0.806,0.998,1.204,1.337,1.507,1.996,0.974,Sena,Madre de Dios,Pando,9,7634,10264,1.34
70402,3478,1.064,0.949,0.755,0,3.362,0.138,0.385,0.485,0.591,0.775,0.949,1.127,1.362,1.522,1.663,2.162,1.037,San Carlos,Ichilo,Santa Cruz,7,1212,18998,15.67
30903,14697,1.226,1.081,0.893,0,3.922,0.136,0.411,0.534,0.652,0.857,1.081,1.321,1.598,1.764,1.957,2.522,1.230,Tiquipaya,Quillacollo,Cochabamba,3,344.4,61600,178.86
70701,713,0.744,0.630,0.559,0,2.52,0.133,0.226,0.299,0.370,0.495,0.630,0.787,0.967,1.064,1.173,1.534,0.765,Lagunillas,Cordillera,Santa Cruz,7,1122,5910,5.27
30101,198371,1.202,1.043,0.892,0,3.887,0.131,0.385,0.504,0.615,0.825,1.043,1.285,1.571,1.745,1.945,2.494,1.241,Cochabamba,Cercado,Cochabamba,3,289.3,661484,2286.5
70302,1670,0.771,0.645,0.591,0,2.557,0.122,0.236,0.294,0.362,0.505,0.645,0.813,0.989,1.110,1.241,1.658,0.816,San Miguel de Velasco,Velasco,Santa Cruz,7,9544,15177,1.59
70301,6772,1.024,0.821,0.840,0,3.653,0.121,0.265,0.339,0.424,0.620,0.821,1.046,1.334,1.513,1.710,2.289,1.174,San Ignacio de Velasco,Velasco,Santa Cruz,7,49102,67610,1.38
71002,2517,1.037,0.920,0.747,0,3.309,0.121,0.348,0.457,0.573,0.747,0.920,1.120,1.348,1.481,1.637,2.066,1.024,General Saavedra,Obispo Santistevan,Santa Cruz,7,529.4,16043,30.3
71401,3796,1.524,1.286,1.200,0,5.233,0.121,0.454,0.612,0.753,1.017,1.286,1.576,1.919,2.165,2.469,3.317,1.554,Puerto Suarez,German Busch,Santa Cruz,7,12982,17378,1.34
71005,2653,1.011,0.899,0.721,0,3.218,0.118,0.369,0.463,0.565,0.733,0.899,1.078,1.289,1.412,1.563,2.048,0.949,San Pedro,Obispo Santistevan,Santa Cruz,7,3081,15158,4.92
71403,778,1.026,0.907,0.782,0,3.577,0.117,0.307,0.378,0.438,0.684,0.907,1.096,1.361,1.494,1.684,2.183,1.116,El Carmen Rivero Torrez,German Busch,Santa Cruz,7,11011,8731,0.79
21501,801,0.758,0.627,0.588,0,2.521,0.115,0.219,0.280,0.342,0.496,0.627,0.782,0.984,1.102,1.248,1.652,0.822,Ixiamas,Iturralde,La Paz,2,37453,12487,0.33
71106,3410,1.144,0.958,0.926,0,4.379,0.115,0.339,0.459,0.579,0.761,0.958,1.157,1.410,1.552,1.736,2.463,1.093,Cuatro Canadas,Nuflo de Chaves,Santa Cruz,7,4486,25260,5.63
70103,3739,2.922,1.706,3.061,0,12.695,0.114,0.433,0.622,0.796,1.209,1.706,2.441,3.653,4.444,5.312,7.832,3.822,Porongo,Andres Ibanez,Santa Cruz,7,943.5,23016,24.39
10501,4273,0.720,0.590,0.554,0,2.417,0.113,0.240,0.275,0.333,0.464,0.590,0.735,0.920,1.040,1.164,1.567,0.765,Monteagudo,Hernando Siles,Chuquisaca,1,3387,24487,7.23
70707,760,0.896,0.741,0.698,0,3.049,0.110,0.259,0.340,0.405,0.576,0.741,0.950,1.167,1.309,1.444,1.902,0.970,Boyuibe,Cordillera,Santa Cruz,7,1660,5603,3.38
70102,11313,1.386,1.185,1.063,0,4.65,0.109,0.434,0.582,0.712,0.949,1.185,1.454,1.773,1.969,2.234,2.952,1.387,Cotoca,Andres Ibanez,Santa Cruz,7,619.5,106292,171.58
90102,903,0.996,0.908,0.699,0,3.188,0.107,0.345,0.457,0.562,0.724,0.908,1.109,1.303,1.425,1.581,1.961,0.969,Porvenir,Nicolas Suarez,Pando,9,10967,8970,0.82
90502,112,0.786,0.533,0.729,0.012,2.88,0.101,0.154,0.185,0.245,0.321,0.533,0.754,1.187,1.283,1.439,1.853,1.098,Villa Nueva,General Federico Roman,Pando,9,2823,2500,0.89
71104,7093,0.906,0.803,0.674,0,3.031,0.100,0.278,0.363,0.454,0.640,0.803,0.977,1.176,1.294,1.440,1.869,0.931,San Ramon,Nuflo de Chaves,Santa Cruz,7,492.3,6346,12.89
71101,2898,0.877,0.734,0.691,0,3.029,0.096,0.252,0.321,0.391,0.562,0.734,0.925,1.139,1.279,1.436,1.876,0.958,Concepcion,Nuflo de Chaves,Santa Cruz,7,35109,30109,0.86
90301,176,0.593,0.409,0.510,0.012,2.157,0.085,0.134,0.167,0.226,0.319,0.409,0.583,0.775,0.927,1.035,1.385,0.760,Puerto Gonzalo Moreno,Madre de Dios,Pando,9,1293,12006,9.29
70705,1328,0.529,0.434,0.421,0,1.843,0.083,0.151,0.191,0.229,0.324,0.434,0.541,0.684,0.776,0.867,1.132,0.585,Gutierrez�(Kereimba Iyambae),Cordillera,Santa Cruz,7,2871,15169,5.28
21502,1388,0.606,0.507,0.461,0,2.054,0.082,0.190,0.240,0.282,0.395,0.507,0.645,0.801,0.886,0.994,1.264,0.646,San Buenaventura,Iturralde,La Paz,2,2839,10115,3.56
70303,552,0.948,0.811,0.726,0,3.255,0.081,0.317,0.393,0.481,0.647,0.811,0.985,1.195,1.356,1.537,2.004,0.963,San Rafael de Velasco,Velasco,Santa Cruz,7,9731,8786,0.9
40603,4,0.094,0.091,0.016,0.079,0.113,0.080,0.081,0.081,0.082,0.086,0.091,0.096,0.101,0.103,0.105,0.109,0.022,Antequera,Poopo,Oruro,4,283.9,3614,12.73
20602,2352,0.799,0.693,0.642,0,2.784,0.077,0.199,0.276,0.352,0.503,0.693,0.838,1.034,1.168,1.303,1.738,0.893,Guanay,Larecaja,La Paz,2,3965,16373,4.13
10703,944,0.248,0.196,0.176,0,0.797,0.077,0.097,0.112,0.120,0.152,0.196,0.237,0.307,0.346,0.380,0.514,0.234,Incahuasi,Nor Cinti,Chuquisaca,1,870,16311,18.75
70702,2150,0.699,0.547,0.588,0,2.517,0.077,0.177,0.226,0.281,0.393,0.547,0.728,0.900,1.029,1.180,1.584,0.803,Charagua,Cordillera,Santa Cruz,7,71360,39262,0.55
70903,2431,0.728,0.623,0.558,0,2.463,0.077,0.225,0.296,0.352,0.482,0.623,0.779,0.939,1.051,1.189,1.529,0.755,Mairana,Florida,Santa Cruz,7,922.4,12732,13.8
70704,630,0.693,0.599,0.548,0,2.301,0.077,0.171,0.231,0.295,0.456,0.599,0.733,0.902,1.019,1.133,1.551,0.787,Cuevo,Cordillera,Santa Cruz,7,872.5,4953,5.68
10902,2403,0.257,0.180,0.204,0,0.888,0.074,0.088,0.100,0.113,0.135,0.180,0.239,0.310,0.354,0.416,0.588,0.254,Culpina,Sud Cinti,Chuquisaca,1,3910,14868,3.8
10502,968,0.508,0.413,0.385,0,1.68,0.073,0.174,0.240,0.240,0.310,0.413,0.527,0.648,0.738,0.819,1.077,0.498,Huacareta,Hernando Siles,Chuquisaca,1,2962,7201,2.43
10701,3587,0.390,0.240,0.371,0,1.554,0.073,0.086,0.097,0.114,0.154,0.240,0.337,0.497,0.583,0.691,0.996,0.486,Camargo,Nor Cinti,Chuquisaca,1,1990,14712,7.39
10704,1775,0.217,0.158,0.157,0,0.718,0.073,0.089,0.098,0.109,0.127,0.158,0.202,0.255,0.297,0.339,0.460,0.199,Villa Charcas,Nor Cinti,Chuquisaca,1,1000,13924,13.92
70401,2730,0.943,0.804,0.740,0,3.231,0.073,0.261,0.364,0.465,0.638,0.804,0.974,1.203,1.329,1.518,2.064,0.965,Buena Vista,Ichilo,Santa Cruz,7,2250,13586,6.04
10901,818,0.234,0.142,0.209,0,0.891,0.071,0.079,0.083,0.089,0.110,0.142,0.197,0.271,0.328,0.395,0.568,0.245,Villa Abecia,Sud Cinti,Chuquisaca,1,707.3,5371,7.59
10903,775,0.281,0.169,0.259,0,1.112,0.070,0.077,0.085,0.094,0.120,0.169,0.252,0.360,0.431,0.501,0.670,0.346,Las Carreras,Sud Cinti,Chuquisaca,1,994.6,5007,5.03
70602,2665,0.844,0.747,0.648,0,2.836,0.070,0.242,0.317,0.407,0.585,0.747,0.910,1.094,1.224,1.343,1.788,0.907,Santa Rosa del Sara,Sara,Santa Cruz,7,4114,17984,4.37
70703,2909,0.871,0.756,0.672,0,2.951,0.067,0.257,0.342,0.429,0.597,0.756,0.937,1.130,1.248,1.383,1.843,0.906,Cabezas,Cordillera,Santa Cruz,7,5058,31160,6.16
90501,74,0.400,0.310,0.319,0.012,1.286,0.065,0.121,0.157,0.203,0.253,0.310,0.383,0.502,0.540,0.626,0.900,0.383,Nueva Esperanza,General Federico Roman,Pando,9,3651,1390,0.38
31001,47933,0.939,0.800,0.745,0,3.2,0.062,0.240,0.332,0.428,0.614,0.800,1.003,1.242,1.386,1.555,2.038,1.054,Sacaba,Chapare,Cochabamba,3,701.8,218502,311.35
30904,13912,0.776,0.658,0.611,0,2.63,0.060,0.213,0.282,0.358,0.507,0.658,0.827,1.018,1.133,1.285,1.682,0.851,Vinto,Quillacollo,Cochabamba,3,217.9,55773,255.96
40101,86058,0.850,0.694,0.696,0,2.982,0.060,0.221,0.297,0.372,0.528,0.694,0.878,1.112,1.254,1.420,1.889,0.957,Oruro,Cercado,Oruro,4,276.2,297497,1077.11
20606,1787,0.713,0.615,0.564,0,2.415,0.058,0.183,0.253,0.318,0.461,0.615,0.778,0.943,1.052,1.174,1.532,0.799,Tipuani,Larecaja,La Paz,2,300.9,7640,25.39
70802,494,0.501,0.410,0.391,0,1.699,0.055,0.146,0.182,0.224,0.321,0.410,0.531,0.671,0.744,0.843,1.067,0.562,El Trigal,Vallegrande,Santa Cruz,7,398.5,2367,5.94
31602,4597,0.649,0.573,0.500,0,2.192,0.055,0.168,0.236,0.300,0.447,0.573,0.711,0.856,0.944,1.053,1.361,0.708,Shinahota,Tiraque,Cochabamba,3,737.81,27067,36.69
30902,13578,0.659,0.557,0.520,0,2.236,0.054,0.187,0.245,0.305,0.431,0.557,0.697,0.856,0.959,1.073,1.431,0.714,Sipe Sipe,Quillacollo,Cochabamba,3,480.5,55601,115.71
60401,3303,0.599,0.536,0.456,0,1.991,0.053,0.162,0.222,0.283,0.408,0.536,0.655,0.791,0.879,0.983,1.254,0.657,Uriondo,Jose Maria Aviles,Tarija,6,801.6,15954,19.9
20607,1874,0.697,0.605,0.554,0,2.431,0.052,0.169,0.233,0.293,0.444,0.605,0.758,0.928,1.034,1.149,1.494,0.801,Mapiri,Larecaja,La Paz,2,1381,21805,15.79
31206,6470,0.744,0.660,0.576,0,2.522,0.052,0.203,0.274,0.365,0.521,0.660,0.798,0.962,1.058,1.181,1.588,0.784,Entre Rios,Carrasco,Cochabamba,3,2101,45520,21.67
50802,3019,0.454,0.394,0.341,0,1.505,0.052,0.137,0.177,0.220,0.300,0.394,0.492,0.595,0.664,0.744,0.940,0.487,Atocha,Sud Chichas,Potosi,5,2108,9364,4.44
11002,247,0.450,0.407,0.354,0,1.5,0.048,0.123,0.165,0.193,0.284,0.407,0.469,0.581,0.682,0.735,0.938,0.517,Huacaya,Luis Calvo,Chuquisaca,1,1186,2546,2.15
70901,2602,0.715,0.582,0.596,0,2.601,0.048,0.179,0.241,0.310,0.437,0.582,0.740,0.933,1.049,1.191,1.591,0.808,Samaipata,Florida,Santa Cruz,7,2188,11814,5.4
40102,4247,0.286,0.240,0.192,0,0.845,0.046,0.127,0.169,0.212,0.240,0.240,0.256,0.326,0.373,0.431,0.588,0.204,Caracollo,Cercado,Oruro,4,2364,23068,9.76
70902,2190,0.517,0.443,0.409,0,1.773,0.046,0.131,0.177,0.223,0.333,0.443,0.564,0.695,0.771,0.846,1.109,0.594,Pampagrande,Florida,Santa Cruz,7,1429,9650,6.75
21105,6513,0.360,0.274,0.298,0,1.309,0.045,0.106,0.132,0.160,0.215,0.274,0.359,0.463,0.522,0.598,0.801,0.390,La Asunta,Sud Yungas,La Paz,2,2832,45586,16.1
70801,4271,0.641,0.531,0.529,0,2.259,0.044,0.142,0.199,0.258,0.390,0.531,0.693,0.866,0.957,1.067,1.421,0.759,Vallegrande,Vallegrande,Santa Cruz,7,3188,17172,5.39
71301,3382,0.565,0.454,0.469,0,1.982,0.043,0.131,0.186,0.236,0.335,0.454,0.594,0.752,0.844,0.939,1.284,0.658,Comarapa,Caballero,Santa Cruz,7,2900,17132,5.91
21401,4732,0.441,0.400,0.332,0,1.475,0.042,0.120,0.164,0.209,0.297,0.400,0.493,0.592,0.646,0.712,0.904,0.482,Coroico,Nor Yungas,La Paz,2,952.1,27531,28.92
40902,129,0.537,0.470,0.459,0,1.89,0.040,0.084,0.133,0.166,0.284,0.470,0.570,0.766,0.841,0.897,1.188,0.708,Coipasa,Sabaya,Oruro,4,204.2,1405,6.88
71302,1239,0.518,0.441,0.403,0,1.731,0.039,0.145,0.197,0.242,0.332,0.441,0.565,0.685,0.765,0.855,1.109,0.568,Saipina,Caballero,Santa Cruz,7,489.5,6057,12.37
21101,4371,0.505,0.446,0.399,0,1.749,0.037,0.118,0.165,0.223,0.335,0.446,0.551,0.674,0.744,0.825,1.072,0.580,Chulumani,Sud Yungas,La Paz,2,286.6,18278,63.78
20105,253854,0.783,0.639,0.652,0,2.77,0.036,0.186,0.261,0.335,0.484,0.639,0.809,1.024,1.157,1.313,1.762,0.896,El Alto,Murillo,La Paz,2,351.3,885035,2519.31
21103,1322,0.434,0.345,0.368,0,1.586,0.035,0.097,0.129,0.166,0.244,0.345,0.458,0.580,0.660,0.745,0.969,0.531,Yanacachi,Sud Yungas,La Paz,2,579.8,7583,13.08
31204,4534,0.595,0.524,0.489,0,2.131,0.033,0.122,0.184,0.245,0.382,0.524,0.647,0.784,0.873,0.974,1.295,0.689,Chimore,Carrasco,Cochabamba,3,2740,27374,9.99
30701,5530,0.583,0.460,0.506,0,2.132,0.033,0.114,0.168,0.221,0.339,0.460,0.611,0.761,0.855,0.986,1.354,0.687,Capinota,Capinota,Cochabamba,3,542.9,19291,35.53
31401,9440,0.625,0.524,0.514,0,2.207,0.033,0.142,0.200,0.261,0.389,0.524,0.668,0.824,0.925,1.041,1.398,0.725,Punata,Punata,Cochabamba,3,85.9,34813,405.27
30201,4105,0.461,0.360,0.398,0,1.693,0.032,0.096,0.134,0.176,0.262,0.360,0.472,0.613,0.693,0.788,1.048,0.559,Aiquile,Campero,Cochabamba,3,2723,23000,8.45
21003,3248,0.464,0.381,0.392,0,1.692,0.031,0.096,0.134,0.174,0.265,0.381,0.500,0.634,0.711,0.789,1.030,0.577,Cajuata,Inquisivi,La Paz,2,971.1,15485,15.95
31301,4929,0.419,0.324,0.369,0,1.573,0.026,0.081,0.113,0.147,0.227,0.324,0.438,0.573,0.645,0.725,0.963,0.532,Mizque,Mizque,Cochabamba,3,1895,19846,10.47
60502,2449,0.267,0.240,0.196,0,0.884,0.026,0.087,0.122,0.155,0.226,0.240,0.265,0.315,0.356,0.409,0.546,0.234,El Puente,Mendez,Tarija,6,2057,9504,4.62
70803,613,0.297,0.221,0.269,0,1.109,0.026,0.068,0.087,0.108,0.152,0.221,0.289,0.371,0.437,0.511,0.738,0.350,Moro Moro,Vallegrande,Santa Cruz,7,673.9,2811,4.17
30203,2232,0.449,0.398,0.352,0,1.538,0.024,0.103,0.144,0.196,0.305,0.398,0.509,0.613,0.673,0.734,0.929,0.529,Omereque,Campero,Cochabamba,3,759.3,6678,8.79
31002,4899,0.359,0.295,0.293,0,1.266,0.024,0.090,0.122,0.157,0.224,0.295,0.378,0.472,0.530,0.593,0.788,0.408,Colomi,Chapare,Cochabamba,3,559.7,19318,34.51
70904,387,0.392,0.307,0.337,0,1.404,0.022,0.082,0.113,0.142,0.206,0.307,0.421,0.539,0.600,0.672,0.876,0.487,Quirusillas,Florida,Santa Cruz,7,286.6,3095,10.8
20608,1528,0.652,0.500,0.599,0,2.49,0.022,0.090,0.135,0.202,0.332,0.500,0.698,0.898,1.006,1.128,1.545,0.872,Teoponte,Larecaja,La Paz,2,1599,13469,8.42
40401,789,0.281,0.240,0.181,0,0.792,0.021,0.164,0.240,0.240,0.240,0.240,0.240,0.324,0.360,0.408,0.565,0.120,Curahuara de Carangas,Sajama,Oruro,4,2866,6671,2.33
21402,5091,0.415,0.298,0.390,0,1.684,0.020,0.064,0.094,0.127,0.202,0.298,0.421,0.554,0.637,0.725,1.001,0.543,Coripata,Nor Yungas,La Paz,2,346.2,23910,69.06
31205,10387,0.583,0.488,0.513,0,2.235,0.020,0.084,0.141,0.206,0.345,0.488,0.628,0.773,0.862,0.980,1.332,0.721,Puerto Villarroel,Carrasco,Cochabamba,3,2241,64345,28.71
21006,611,0.271,0.182,0.259,0,1.107,0.019,0.043,0.062,0.085,0.130,0.182,0.257,0.354,0.418,0.488,0.660,0.356,Licoma Pampa,Inquisivi,La Paz,2,150.1,7791,51.91
70804,345,0.408,0.285,0.377,0,1.556,0.018,0.066,0.090,0.118,0.208,0.285,0.415,0.579,0.642,0.726,0.964,0.552,Postrervalle,Vallegrande,Santa Cruz,7,1157,1796,1.55
21002,1345,0.341,0.251,0.314,0,1.34,0.017,0.057,0.082,0.105,0.165,0.251,0.347,0.463,0.527,0.614,0.823,0.445,Quime,Inquisivi,La Paz,2,878.5,11184,12.73
21102,4136,0.361,0.263,0.334,0,1.445,0.017,0.056,0.078,0.105,0.174,0.263,0.380,0.502,0.563,0.640,0.865,0.485,Irupana,Sud Yungas,La Paz,2,1389,23076,16.61
60201,4133,0.467,0.348,0.411,0,1.721,0.017,0.087,0.134,0.197,0.257,0.348,0.468,0.624,0.710,0.812,1.089,0.576,Padcaya,Arce,Tarija,6,4431,17783,4.01
31403,4399,0.593,0.499,0.507,0,2.155,0.016,0.093,0.153,0.225,0.353,0.499,0.644,0.802,0.897,1.012,1.337,0.745,San Benito,Punata,Cochabamba,3,141.7,12924,91.21
21305,5394,0.319,0.236,0.290,0,1.245,0.016,0.060,0.086,0.113,0.171,0.236,0.316,0.414,0.483,0.552,0.753,0.397,Patacamaya,Aroma,La Paz,2,570.9,25049,43.88
31003,16419,0.491,0.397,0.444,0,1.919,0.016,0.060,0.098,0.146,0.263,0.397,0.535,0.677,0.756,0.853,1.121,0.658,Villa Tunari,Chapare,Cochabamba,3,14561,95588,6.56
30202,696,0.338,0.263,0.303,0,1.277,0.016,0.057,0.081,0.109,0.170,0.263,0.366,0.468,0.520,0.604,0.759,0.439,Pasorapa,Campero,Cochabamba,3,2389,6468,2.71
30801,6387,0.636,0.536,0.537,0,2.276,0.015,0.108,0.176,0.248,0.392,0.536,0.696,0.863,0.960,1.071,1.404,0.785,Cliza,German Jordan,Cochabamba,3,54.3,20877,384.48
31601,5261,0.278,0.233,0.231,0,0.994,0.015,0.059,0.084,0.111,0.171,0.233,0.296,0.374,0.418,0.474,0.618,0.334,Tiraque,Tiraque,Cochabamba,3,2650,18190,6.86
31203,2406,0.295,0.234,0.258,0,1.09,0.015,0.055,0.079,0.106,0.164,0.234,0.305,0.388,0.444,0.512,0.686,0.365,Pocona,Carrasco,Cochabamba,3,838.6,12216,14.57
40701,5518,0.807,0.722,0.649,0,2.789,0.014,0.141,0.238,0.341,0.552,0.722,0.901,1.110,1.221,1.352,1.738,0.983,Huanuni,Dalence,Oruro,4,553.1,20028,36.21
31202,1669,0.246,0.185,0.223,0,0.963,0.013,0.046,0.066,0.085,0.136,0.185,0.242,0.322,0.370,0.428,0.597,0.304,Pojo,Carrasco,Cochabamba,3,2392,11840,4.95
20503,775,0.177,0.130,0.163,0,0.691,0.012,0.036,0.051,0.066,0.095,0.130,0.164,0.221,0.258,0.299,0.439,0.207,Aucapata,Munecas,La Paz,2,243.1,6720,27.64
20701,2806,0.310,0.217,0.290,0,1.215,0.012,0.053,0.075,0.098,0.158,0.217,0.303,0.423,0.482,0.551,0.731,0.407,Apolo,Franz Tamayo,La Paz,2,13970,19047,1.36
30703,1081,0.276,0.204,0.254,0,1.058,0.012,0.046,0.067,0.096,0.148,0.204,0.274,0.360,0.417,0.476,0.659,0.350,Sicaya,Capinota,Cochabamba,3,132.7,3949,29.76
20102,3558,0.267,0.192,0.253,0,1.065,0.012,0.048,0.067,0.089,0.136,0.192,0.252,0.342,0.398,0.468,0.657,0.331,Palca,Murillo,La Paz,2,743.7,21641,29.1
60501,6013,0.662,0.535,0.594,0,2.486,0.012,0.093,0.153,0.226,0.367,0.535,0.699,0.886,1.010,1.143,1.540,0.857,San Lorenzo,Mendez,Tarija,6,1969,30352,15.41
40702,952,0.460,0.395,0.385,0,1.657,0.011,0.075,0.118,0.172,0.294,0.395,0.507,0.633,0.686,0.787,1.005,0.568,Machacamarca,Dalence,Oruro,4,306.8,6096,19.87
20603,1368,0.346,0.254,0.319,0,1.366,0.011,0.055,0.082,0.116,0.183,0.254,0.344,0.450,0.528,0.620,0.835,0.447,Tacacoma,Larecaja,La Paz,2,826.9,9705,11.74
30401,2434,0.486,0.369,0.457,0,1.934,0.011,0.054,0.093,0.139,0.245,0.369,0.505,0.654,0.756,0.859,1.162,0.663,Tarata,Esteban Arze,Cochabamba,3,338.4,11235,33.2
20502,1418,0.157,0.115,0.143,0,0.605,0.010,0.030,0.044,0.058,0.082,0.115,0.155,0.202,0.235,0.275,0.372,0.191,Ayata,Munecas,La Paz,2,671.4,8957,13.34
30803,1854,0.674,0.544,0.601,0,2.534,0.010,0.101,0.150,0.221,0.394,0.544,0.707,0.903,1.014,1.166,1.587,0.863,Tolata,German Jordan,Cochabamba,3,84,7372,87.76
31303,289,0.150,0.107,0.138,0,0.56,0.010,0.031,0.042,0.045,0.074,0.107,0.144,0.200,0.233,0.266,0.373,0.191,Alalay,Mizque,Cochabamba,3,423.1,3461,8.18
40502,24,0.052,0.046,0.039,0.003,0.154,0.009,0.017,0.019,0.028,0.040,0.046,0.053,0.059,0.073,0.075,0.111,0.055,Escara,Litoral,Oruro,4,1166,4194,3.6
30802,1677,0.377,0.283,0.353,0,1.471,0.009,0.045,0.072,0.103,0.184,0.283,0.392,0.527,0.598,0.694,0.903,0.526,Toco,German Jordan,Cochabamba,3,63.8,7208,112.98
21902,183,0.114,0.080,0.111,0,0.458,0.008,0.019,0.025,0.029,0.057,0.080,0.106,0.144,0.171,0.206,0.263,0.147,Catacora,General Jose Manuel Pando,La Paz,2,563.2,5326,9.46
20103,4045,0.460,0.289,0.487,0,2.098,0.008,0.044,0.073,0.108,0.192,0.289,0.425,0.592,0.684,0.808,1.205,0.611,Mecapaca,Murillo,La Paz,2,533.1,20455,38.37
20402,3121,0.105,0.082,0.091,0,0.394,0.008,0.023,0.032,0.041,0.061,0.082,0.106,0.135,0.154,0.176,0.239,0.122,Mocomoco,Camacho,La Paz,2,531.6,17653,33.21
20403,3271,0.126,0.093,0.116,0,0.488,0.008,0.024,0.033,0.044,0.066,0.093,0.123,0.164,0.186,0.213,0.298,0.153,Puerto Carabuco,Camacho,La Paz,2,415,17248,41.56
20404,1085,0.116,0.087,0.101,0,0.429,0.008,0.028,0.035,0.043,0.065,0.087,0.118,0.156,0.177,0.201,0.272,0.142,Humanata,Camacho,La Paz,2,450,5615,12.48
20501,2154,0.142,0.106,0.127,0,0.551,0.008,0.029,0.040,0.052,0.077,0.106,0.141,0.182,0.216,0.244,0.337,0.176,Chuma,Munecas,La Paz,2,599.8,17671,29.46
20902,3019,0.194,0.141,0.181,0,0.75,0.008,0.029,0.045,0.061,0.095,0.141,0.195,0.259,0.295,0.333,0.474,0.251,Sapahaqui,Loayza,La Paz,2,846.8,16420,19.39
21306,1713,0.234,0.179,0.220,0,0.922,0.008,0.034,0.049,0.070,0.117,0.179,0.236,0.308,0.362,0.422,0.564,0.313,Colquencha,Aroma,La Paz,2,305.3,12344,40.43
21701,4412,0.286,0.184,0.293,0,1.244,0.008,0.035,0.051,0.074,0.125,0.184,0.269,0.367,0.430,0.508,0.747,0.379,Copacabana,Manco Kapac,La Paz,2,177.1,17431,98.42
30501,4529,0.322,0.216,0.325,0,1.356,0.008,0.034,0.053,0.079,0.142,0.216,0.304,0.416,0.502,0.593,0.815,0.449,Arani,Arani,Cochabamba,3,216.3,11411,52.76
31201,3111,0.179,0.126,0.172,0,0.73,0.008,0.029,0.043,0.058,0.087,0.126,0.172,0.231,0.269,0.310,0.442,0.226,Totora,Carrasco,Cochabamba,3,2157,14766,6.85
31302,459,0.193,0.121,0.194,0,0.771,0.008,0.026,0.040,0.053,0.083,0.121,0.172,0.260,0.307,0.356,0.491,0.267,Vila Vila,Mizque,Cochabamba,3,601.6,5220,8.68
40501,511,0.187,0.110,0.195,0,0.826,0.008,0.030,0.040,0.055,0.078,0.110,0.160,0.231,0.269,0.331,0.479,0.229,Huachacalla,Litoral,Oruro,4,20.8,3974,191.06
40802,171,0.179,0.116,0.183,0,0.765,0.008,0.022,0.031,0.038,0.070,0.116,0.176,0.238,0.259,0.334,0.434,0.228,Pampa Aullagas,Ladislao Cabrera,Oruro,4,1062,3180,2.99
41401,1272,0.310,0.218,0.299,0,1.275,0.008,0.038,0.058,0.086,0.142,0.218,0.313,0.423,0.485,0.561,0.759,0.427,Santiago de Huari,Sebastian Pagador,Oruro,4,2407,13439,5.58
20202,3036,0.134,0.096,0.124,0,0.533,0.007,0.025,0.035,0.045,0.067,0.096,0.130,0.175,0.203,0.236,0.322,0.168,Ancoraimes,Omasuyos,La Paz,2,329.5,16900,51.29
20702,894,0.262,0.181,0.264,0,1.131,0.007,0.037,0.051,0.071,0.118,0.181,0.242,0.336,0.396,0.475,0.653,0.345,Pelechuco,Franz Tamayo,La Paz,2,2549,8993,3.53
20901,2508,0.203,0.152,0.186,0,0.776,0.007,0.029,0.048,0.068,0.107,0.152,0.204,0.272,0.312,0.358,0.492,0.264,Luribay,Loayza,La Paz,2,509,10581,20.79
21203,4747,0.224,0.159,0.215,0,0.913,0.007,0.033,0.050,0.068,0.107,0.159,0.216,0.292,0.339,0.394,0.556,0.289,Batallas,Los Andes,La Paz,2,993.9,20503,20.63
21301,4676,0.183,0.131,0.178,0,0.752,0.007,0.028,0.040,0.055,0.091,0.131,0.174,0.232,0.267,0.315,0.456,0.227,Sica Sica,Aroma,La Paz,2,1742,33546,19.26
30302,1501,0.134,0.105,0.116,0,0.498,0.007,0.026,0.038,0.048,0.074,0.105,0.141,0.184,0.210,0.230,0.304,0.172,Morochata,Ayopaya,Cochabamba,3,600,14598,24.33
30303,1117,0.151,0.120,0.132,0,0.561,0.007,0.025,0.038,0.054,0.083,0.120,0.159,0.205,0.229,0.260,0.345,0.191,Cocapata,Ayopaya,Cochabamba,3,6800,19467,2.86
30601,918,0.157,0.114,0.147,0,0.635,0.007,0.027,0.041,0.054,0.081,0.114,0.150,0.198,0.228,0.278,0.384,0.187,Arque,Arque,Cochabamba,3,516.8,10635,20.58
31501,852,0.129,0.098,0.118,0,0.504,0.007,0.021,0.031,0.041,0.067,0.098,0.132,0.181,0.203,0.224,0.303,0.172,Bolivar,Bolivar,Cochabamba,3,724,8197,11.32
90202,99,0.563,0.360,0.621,0,2.338,0.007,0.016,0.024,0.046,0.202,0.360,0.539,0.766,0.871,1.063,1.498,0.847,San Pedro,Manuripi,Pando,9,2636,3239,1.23
20405,1768,0.118,0.081,0.116,0,0.494,0.006,0.019,0.026,0.033,0.058,0.081,0.108,0.147,0.174,0.209,0.300,0.148,Escoma,Camacho,La Paz,2,130,8810,67.77
20604,737,0.157,0.128,0.140,0,0.611,0.006,0.027,0.041,0.055,0.089,0.128,0.162,0.206,0.233,0.267,0.377,0.192,Quiabaya,Larecaja,La Paz,2,133.6,4221,31.59
20803,2539,0.168,0.128,0.149,0,0.626,0.006,0.037,0.057,0.077,0.112,0.128,0.148,0.203,0.240,0.278,0.408,0.183,Tiahuanaco,Ingavi,La Paz,2,352.2,13568,38.52
21601,1788,0.136,0.104,0.122,0,0.521,0.006,0.025,0.035,0.048,0.074,0.104,0.139,0.179,0.203,0.232,0.313,0.168,Charazani,Bautista Saavedra,La Paz,2,2592,15854,6.12
21703,416,0.098,0.055,0.104,0,0.461,0.006,0.014,0.021,0.026,0.036,0.055,0.084,0.122,0.145,0.171,0.267,0.124,Tito Yupanqui,Manco Kapac,La Paz,2,14.9,7512,504.16
30301,2915,0.147,0.105,0.140,0,0.598,0.006,0.025,0.035,0.047,0.074,0.105,0.143,0.190,0.224,0.255,0.356,0.189,Independencia,Ayopaya,Cochabamba,3,1514,21717,14.34
90201,746,0.864,0.753,0.725,0,3.05,0.006,0.173,0.282,0.376,0.552,0.753,0.924,1.117,1.256,1.409,1.941,0.974,Puerto Rico,Manuripi,Pando,9,5320,7217,1.36
21307,594,0.209,0.164,0.194,0,0.779,0.005,0.028,0.047,0.064,0.108,0.164,0.216,0.282,0.314,0.359,0.496,0.267,Collana,Aroma,La Paz,2,125.6,5525,43.99
20204,2443,0.162,0.102,0.169,0,0.694,0.005,0.020,0.028,0.039,0.066,0.102,0.146,0.206,0.242,0.296,0.425,0.214,Huarina,Omasuyos,La Paz,2,205,9258,45.16
21001,2034,0.108,0.080,0.100,0,0.431,0.005,0.021,0.028,0.038,0.056,0.080,0.106,0.141,0.161,0.183,0.258,0.133,Inquisivi,Inquisivi,La Paz,2,3277,18764,5.73
30404,1098,0.149,0.103,0.145,0,0.577,0.005,0.022,0.033,0.045,0.072,0.103,0.143,0.193,0.221,0.257,0.381,0.188,Sacabamba,Esteban Arze,Cochabamba,3,185.7,4953,26.67
30502,1253,0.158,0.107,0.158,0,0.677,0.005,0.020,0.028,0.040,0.074,0.107,0.152,0.207,0.239,0.283,0.399,0.211,Vacas,Arani,Cochabamba,3,360.9,8425,23.34
30602,1070,0.094,0.071,0.083,0,0.351,0.005,0.017,0.025,0.032,0.050,0.071,0.100,0.130,0.148,0.166,0.215,0.123,Tacopaya,Arque,Cochabamba,3,554.9,10549,19.01
31101,1921,0.162,0.117,0.153,0,0.638,0.005,0.025,0.036,0.050,0.082,0.117,0.165,0.213,0.249,0.281,0.388,0.213,Tapacari,Tapacari,Cochabamba,3,1651,24534,14.86
40901,692,0.219,0.113,0.256,0,1.045,0.005,0.024,0.033,0.045,0.069,0.113,0.170,0.253,0.313,0.389,0.657,0.280,Sabaya,Sabaya,Oruro,4,3384,15387,4.55
20203,1647,0.154,0.107,0.159,0,0.683,0.004,0.018,0.028,0.038,0.065,0.107,0.137,0.195,0.235,0.279,0.399,0.207,Chua Cocani,Omasuyos,La Paz,2,17.5,8657,494.69
20305,320,0.182,0.114,0.201,0,0.794,0.004,0.013,0.023,0.036,0.068,0.114,0.165,0.231,0.265,0.319,0.478,0.242,Charana,Pacajes,La Paz,2,2925,4124,1.41
20308,377,0.109,0.077,0.110,0,0.442,0.004,0.014,0.020,0.027,0.050,0.077,0.100,0.140,0.162,0.182,0.283,0.142,Callapa,Pacajes,La Paz,2,1236,7965,6.44
20804,1689,0.356,0.224,0.374,0,1.538,0.004,0.034,0.054,0.081,0.143,0.224,0.319,0.462,0.553,0.658,0.948,0.499,Desaguadero,Ingavi,La Paz,2,91.3,7867,86.17
21202,6593,0.377,0.212,0.423,0,1.755,0.004,0.031,0.052,0.077,0.137,0.212,0.313,0.466,0.564,0.689,1.048,0.512,Laja,Los Andes,La Paz,2,690.4,38612,55.93
21204,1754,0.161,0.110,0.159,0,0.67,0.004,0.020,0.031,0.044,0.074,0.110,0.156,0.212,0.248,0.289,0.409,0.217,Puerto Perez,Los Andes,La Paz,2,126.8,7874,62.1
21304,2665,0.171,0.115,0.172,0,0.705,0.004,0.021,0.033,0.046,0.075,0.115,0.164,0.229,0.262,0.301,0.433,0.229,Calamarca,Aroma,La Paz,2,495.6,15279,30.83
21702,1587,0.159,0.086,0.181,0,0.755,0.004,0.015,0.024,0.033,0.052,0.086,0.131,0.201,0.240,0.283,0.446,0.216,San Pedro de Tiquina,Manco Kapac,La Paz,2,61.2,9097,148.64
31404,285,0.266,0.168,0.268,0,1.076,0.004,0.018,0.033,0.046,0.107,0.168,0.283,0.384,0.429,0.526,0.673,0.396,Tacachi,Punata,Cochabamba,3,12.4,1276,102.9
60402,1025,0.156,0.116,0.145,0,0.599,0.004,0.017,0.032,0.047,0.079,0.116,0.165,0.215,0.236,0.270,0.372,0.204,Yunchara,Jose Maria Aviles,Tarija,6,1834,4763,2.6
21801,145,0.119,0.089,0.111,0,0.416,0.004,0.019,0.030,0.040,0.072,0.089,0.115,0.144,0.164,0.187,0.313,0.134,San Pedro de Curahuara,Gualberto Villarroel,La Paz,2,733.3,9044,12.33
40302,217,0.102,0.052,0.114,0,0.472,0.004,0.008,0.012,0.021,0.032,0.052,0.081,0.141,0.157,0.192,0.263,0.145,Choquecota,Carangas,Oruro,4,849.9,2980,3.51
20601,4969,0.221,0.137,0.235,0,0.987,0.003,0.022,0.036,0.050,0.089,0.137,0.199,0.276,0.329,0.394,0.595,0.293,Sorata,Larecaja,La Paz,2,2087,30020,14.38
20801,26997,0.432,0.299,0.435,0,1.811,0.003,0.032,0.061,0.098,0.192,0.299,0.428,0.584,0.679,0.783,1.096,0.618,Viacha,Ingavi,La Paz,2,857.3,113453,132.34
20805,1338,0.073,0.052,0.069,0,0.284,0.003,0.013,0.019,0.027,0.038,0.052,0.070,0.091,0.108,0.123,0.180,0.089,San Andres de Machaca,Ingavi,La Paz,2,1528,7832,5.13
21005,977,0.092,0.061,0.094,0,0.387,0.003,0.011,0.015,0.021,0.040,0.061,0.086,0.120,0.140,0.167,0.239,0.125,Ichoca,Inquisivi,La Paz,2,852,9536,11.19
21201,6572,0.207,0.153,0.197,0,0.844,0.003,0.026,0.042,0.060,0.104,0.153,0.207,0.276,0.316,0.367,0.508,0.274,Pucarani,Los Andes,La Paz,2,940.8,49701,52.83
21303,1783,0.140,0.095,0.137,0,0.579,0.003,0.020,0.028,0.040,0.065,0.095,0.136,0.185,0.215,0.250,0.348,0.187,Ayo Ayo,Aroma,La Paz,2,491.6,11251,22.89
40903,328,0.173,0.121,0.168,0,0.666,0.003,0.019,0.030,0.045,0.075,0.121,0.181,0.242,0.277,0.326,0.431,0.248,Chipaya,Sabaya,Oruro,4,300.1,2366,7.88
30402,844,0.167,0.097,0.181,0,0.752,0.002,0.014,0.023,0.037,0.065,0.097,0.148,0.221,0.253,0.299,0.446,0.230,Anzaldo,Esteban Arze,Cochabamba,3,646.6,7322,11.32
20104,5466,0.423,0.312,0.415,0,1.763,0.002,0.035,0.067,0.105,0.203,0.312,0.431,0.575,0.667,0.755,1.026,0.600,Achocalla,Murillo,La Paz,2,196.2,46068,234.8
20302,3091,0.065,0.047,0.063,0,0.27,0.002,0.011,0.016,0.022,0.034,0.047,0.062,0.082,0.093,0.110,0.162,0.078,Caquiaviri,Pacajes,La Paz,2,1586,15464,9.75
20307,93,0.081,0.054,0.088,0,0.355,0.002,0.009,0.011,0.018,0.033,0.054,0.071,0.096,0.118,0.138,0.215,0.107,Nazacara de Pacajes,Pacajes,La Paz,2,19.2,3990,207.81
20605,604,0.118,0.072,0.122,0,0.489,0.002,0.011,0.018,0.025,0.048,0.072,0.107,0.158,0.186,0.217,0.310,0.168,Combaya,Larecaja,La Paz,2,99.5,3502,35.2
20903,1452,0.107,0.076,0.104,0,0.436,0.002,0.014,0.022,0.032,0.055,0.076,0.106,0.141,0.159,0.190,0.266,0.137,Yaco,Loayza,La Paz,2,599.1,12303,20.54
21104,5132,0.443,0.360,0.403,0,1.72,0.002,0.047,0.085,0.127,0.233,0.360,0.489,0.621,0.695,0.782,1.034,0.610,Palos Blancos,Sud Yungas,La Paz,2,3605,26995,7.49
21803,277,0.096,0.071,0.094,0,0.405,0.002,0.012,0.018,0.024,0.044,0.071,0.096,0.129,0.152,0.171,0.243,0.134,Chacarilla,Gualberto Villarroel,La Paz,2,370,2031,5.49
22002,1878,0.414,0.341,0.373,0,1.602,0.002,0.054,0.082,0.115,0.208,0.341,0.468,0.593,0.661,0.736,0.935,0.579,Alto Beni,Caranavi,La Paz,2,950,10499,11.05
30702,2178,0.433,0.321,0.427,0,1.757,0.002,0.026,0.047,0.083,0.196,0.321,0.465,0.607,0.684,0.788,1.082,0.637,Santivanez,Capinota,Cochabamba,3,307.3,7868,25.6
40201,7932,0.267,0.213,0.257,0,1.075,0.002,0.029,0.050,0.078,0.138,0.213,0.256,0.343,0.401,0.472,0.662,0.351,Challapata,Abaroa,Oruro,4,2586,35339,13.67
40402,401,0.102,0.050,0.127,0,0.525,0.002,0.006,0.008,0.013,0.027,0.050,0.079,0.114,0.154,0.181,0.291,0.146,Turco,Sajama,Oruro,4,4895,5277,1.08
40801,3243,0.127,0.064,0.144,0,0.601,0.002,0.011,0.016,0.023,0.040,0.064,0.101,0.163,0.206,0.240,0.351,0.190,Salinas de Garci Mendoza,Ladislao Cabrera,Oruro,4,4924,15906,3.23
41202,343,0.050,0.023,0.060,0,0.259,0.002,0.006,0.009,0.010,0.015,0.023,0.034,0.055,0.071,0.096,0.151,0.062,Belen de Andamarca,Sud Carangas,Oruro,4,1080,2996,2.77
20303,1008,0.085,0.042,0.103,0,0.444,0.001,0.007,0.011,0.014,0.025,0.042,0.065,0.103,0.126,0.149,0.237,0.115,Calacoto,Pacajes,La Paz,2,3958,12057,3.05
20802,2216,0.175,0.111,0.183,0,0.759,0.001,0.018,0.029,0.041,0.072,0.111,0.165,0.229,0.271,0.320,0.463,0.242,Guaqui,Ingavi,La Paz,2,191.6,8599,44.88
20807,1388,0.129,0.080,0.134,0,0.555,0.001,0.013,0.020,0.031,0.050,0.080,0.118,0.168,0.203,0.238,0.344,0.183,Taraco,Ingavi,La Paz,2,110.2,7511,68.16
20904,263,0.136,0.086,0.148,0,0.604,0.001,0.010,0.019,0.024,0.045,0.086,0.119,0.166,0.210,0.276,0.344,0.192,Malla,Loayza,La Paz,2,329.7,4866,14.76
21602,301,0.109,0.076,0.105,0,0.429,0.001,0.016,0.022,0.031,0.052,0.076,0.110,0.143,0.171,0.198,0.280,0.149,Curva,Bautista Saavedra,La Paz,2,601.2,6423,10.68
21901,1156,0.069,0.037,0.080,0,0.338,0.001,0.007,0.011,0.015,0.025,0.037,0.054,0.081,0.100,0.127,0.192,0.089,Santiago de Machaca,General Jose Manuel Pando,La Paz,2,1276,6766,5.3
22001,10402,0.342,0.198,0.376,0,1.589,0.001,0.025,0.043,0.067,0.128,0.198,0.298,0.439,0.525,0.634,0.927,0.482,Caranavi,Caranavi,La Paz,2,2100,59034,28.11
30403,4762,0.463,0.355,0.446,0,1.869,0.001,0.033,0.068,0.115,0.228,0.355,0.484,0.634,0.725,0.826,1.127,0.657,Arbieto,Esteban Arze,Cochabamba,3,147.2,30454,206.89
20201,17301,0.188,0.120,0.197,0,0.826,0.000,0.012,0.024,0.037,0.073,0.120,0.180,0.252,0.293,0.345,0.489,0.269,Achacachi,Omasuyos,La Paz,2,700,47064,67.23
20205,2589,0.104,0.055,0.119,0,0.491,0.000,0.007,0.012,0.018,0.033,0.055,0.086,0.135,0.164,0.198,0.298,0.152,Santiago de Huata,Omasuyos,La Paz,2,125,5096,40.77
20206,1179,0.113,0.053,0.137,0,0.57,0.000,0.005,0.010,0.015,0.032,0.053,0.086,0.132,0.168,0.217,0.330,0.158,Huatajata,Omasuyos,La Paz,2,31,7183,231.71
20301,2683,0.115,0.067,0.127,0,0.552,0.000,0.008,0.015,0.022,0.042,0.067,0.104,0.145,0.175,0.210,0.307,0.160,Coro Coro,Pacajes,La Paz,2,1145,13395,11.7
20304,862,0.081,0.040,0.100,0,0.413,0.000,0.000,0.004,0.010,0.021,0.040,0.062,0.098,0.122,0.147,0.228,0.118,Comanche,Pacajes,La Paz,2,436.9,5201,11.9
20306,358,0.119,0.096,0.115,0,0.481,0.000,0.005,0.016,0.027,0.054,0.096,0.133,0.165,0.180,0.213,0.288,0.164,Waldo Ballivian,Pacajes,La Paz,2,123.5,6557,53.09
20401,4887,0.108,0.072,0.112,0,0.471,0.000,0.012,0.017,0.024,0.048,0.072,0.102,0.144,0.168,0.199,0.280,0.151,Puerto Acosta,Camacho,La Paz,2,260,13940,53.62
20806,3114,0.089,0.057,0.093,0,0.383,0.000,0.008,0.013,0.021,0.037,0.057,0.084,0.118,0.139,0.162,0.236,0.126,Jesus de Machaca,Ingavi,La Paz,2,970,16957,17.48
20905,1976,0.113,0.094,0.101,0,0.452,0.000,0.010,0.026,0.043,0.075,0.094,0.115,0.146,0.169,0.190,0.257,0.143,Cairoma,Loayza,La Paz,2,543.8,13657,25.11
21004,1794,0.103,0.070,0.107,0,0.479,0.000,0.007,0.015,0.023,0.044,0.070,0.099,0.138,0.162,0.188,0.261,0.147,Colquiri,Inquisivi,La Paz,2,1060,23456,22.13
21302,2024,0.110,0.068,0.119,0,0.481,0.000,0.009,0.014,0.022,0.042,0.068,0.102,0.144,0.168,0.200,0.292,0.154,Umala,Aroma,La Paz,2,860.4,9021,10.48
31402,2927,0.258,0.175,0.270,0,1.121,0.000,0.011,0.026,0.044,0.100,0.175,0.253,0.350,0.408,0.480,0.674,0.382,Villa Rivero,Punata,Cochabamba,3,103,8551,83.02
40103,79,0.226,0.128,0.253,0,0.996,0.000,0.015,0.021,0.036,0.066,0.128,0.220,0.294,0.345,0.426,0.585,0.324,El Choro,Cercado,Oruro,4,1119,10393,9.29
40104,11558,0.164,0.120,0.165,0,0.683,0.000,0.001,0.024,0.036,0.072,0.120,0.168,0.228,0.252,0.288,0.420,0.228,Paria (Soracachi),Cercado,Oruro,4,1373,15675,11.42
40202,696,0.000,0.000,0.000,0,0,0.000,0.000,0.000,0.000,0.000,0.000,0.000,0.000,0.000,0.000,0.000,0.000,Quillacas,Abaroa,Oruro,4,921.7,5105,5.54
40301,1302,0.115,0.058,0.135,0,0.55,0.000,0.008,0.012,0.018,0.033,0.058,0.095,0.140,0.170,0.220,0.335,0.158,Corque,Carangas,Oruro,4,3380,16020,4.74
40503,56,0.076,0.045,0.091,0,0.374,0.000,0.002,0.007,0.011,0.031,0.045,0.060,0.091,0.108,0.125,0.213,0.101,Cruz de Machacamarca,Litoral,Oruro,4,524.5,1511,2.88
40504,54,0.057,0.014,0.080,0,0.265,0.000,0.000,0.000,0.001,0.005,0.014,0.036,0.063,0.071,0.105,0.208,0.071,Yunguyo de Litoral,Litoral,Oruro,4,176.8,882,4.99
40505,54,0.069,0.039,0.077,0,0.323,0.000,0.006,0.008,0.012,0.028,0.039,0.062,0.089,0.106,0.125,0.168,0.098,Esmeralda,Litoral,Oruro,4,606.1,3883,6.41
40601,152,0.026,0.001,0.040,0,0.151,0.000,0.000,0.000,0.000,0.000,0.001,0.012,0.034,0.044,0.057,0.090,0.044,Poopo,Poopo,Oruro,4,704.2,9152,13
40602,2636,0.208,0.157,0.209,0,0.864,0.000,0.008,0.014,0.036,0.104,0.157,0.229,0.265,0.312,0.360,0.535,0.299,Pazna,Poopo,Oruro,4,740,4220,5.7
41001,764,0.212,0.220,0.194,0,0.804,0.000,0.014,0.034,0.059,0.129,0.220,0.240,0.240,0.300,0.350,0.490,0.266,Toledo,Saucari,Oruro,4,2928,12115,4.14
41201,1067,0.078,0.037,0.096,0,0.387,0.000,0.006,0.009,0.012,0.024,0.037,0.059,0.093,0.113,0.142,0.238,0.104,Santiago de Andamarca,Sud Carangas,Oruro,4,2321,6300,2.71
41501,61,0.220,0.072,0.263,0,1.029,0.000,0.000,0.001,0.006,0.027,0.072,0.195,0.333,0.404,0.458,0.624,0.403,La Rivera,Mejillones,Oruro,4,198.2,1266,6.39
41502,86,0.153,0.034,0.215,0,0.8,0.000,0.001,0.006,0.012,0.022,0.034,0.100,0.150,0.210,0.303,0.525,0.204,Todos Santos,Mejillones,Oruro,4,238.1,1132,4.75
41503,58,0.047,0.012,0.074,0,0.282,0.000,0.000,0.000,0.000,0.003,0.012,0.025,0.038,0.046,0.090,0.169,0.046,Carangas,Mejillones,Oruro,4,257.7,1130,4.38
90104,187,0.590,0.156,0.786,0,3.056,0.000,0.012,0.012,0.019,0.068,0.156,0.386,0.811,1.000,1.228,1.797,0.988,Bella Flor,Nicolas Suarez,Pando,9,5793,3632,0.63
