fid,OBJECTID,Titular,SIN,SHAPE_Leng
1,1,SEPSA,SIN,3.50627010537
2,2,SEPSA,SIN,2.34172002208
3,3,SEPSA,SIN,0.03117861748
4,4,SEPSA,SIN,2.15343915423
5,5,SEPSA,SIN,0.00195736728
6,6,SEPSA,SIN,0.09003888005
7,7,SEPSA,SIN,12.3584183462
8,8,SEPSA,SIN,0.09579265985
9,9,SEPSA,SIN,0.01824509216
10,10,SEPSA,SIN,0.00471486266
11,11,SEPSA,SIN,0.00470611909
12,12,SEPSA,SIN,7.0405913E-4
13,13,SEPSA,SIN,3.30972540699
27,27,SEPSA,SIN,0.04195279344
28,28,SEPSA,SIN,11.5450505587
61,61,SEPSA,SIN,3.05016059816
62,62,SEPSA,SIN,0.75437079777
360,360,DEORURO,SIN,9.3826904E-4
469,887,DELBENI,SIN,0.00259711472
14,14,SEPSA,SIN,0.15647864636
15,15,SEPSA,SIN,0.57861826223
16,16,SEPSA,SIN,0.04422094893
17,17,SEPSA,SIN,0.01694035946
18,18,SEPSA,SIN,2.40815002527
19,19,SEPSA,SIN,1.01844273649
20,20,SEPSA,SIN,0.00518875792
21,21,SEPSA,SIN,1.21556593628
22,22,SEPSA,SIN,6.14356971763
23,23,SEPSA,SIN,1.55397312267
24,24,SEPSA,SIN,0.01125135954
361,361,DEORURO,SIN,1.126535E-4
25,25,SEPSA,SIN,0.351411867
26,26,SEPSA,SIN,0.00162572199
470,888,DELBENI,SIN,0.00319198126
29,29,SEPSA,SIN,0.01790863702
30,30,SEPSA,SIN,0.10515375008
386,386,DEORURO,SIN,0.01692848545
31,31,SEPSA,SIN,0.07314361047
32,32,SEPSA,SIN,7.5111872811
33,33,SEPSA,SIN,0.14980585159
34,34,SEPSA,SIN,2.1137371958
35,35,SEPSA,SIN,4.70366939214
36,36,SEPSA,SIN,0.00202968615
387,387,DEORURO,SIN,9.094799E-5
388,388,DEORURO,SIN,2.45050155085
471,889,DELBENI,SIN,0.00120743304
37,37,SEPSA,SIN,0.33897294152
38,38,SEPSA,SIN,1.84553737787
39,39,SEPSA,SIN,7.35594777097
40,40,SEPSA,SIN,0.02718994641
41,41,SEPSA,SIN,0.03003925134
411,411,SETAR,SIN,0.00979037789
42,42,SEPSA,SIN,0.03459735737
43,43,SEPSA,SIN,0.07351516209
44,44,SEPSA,SIN,1.71414963635
45,45,SEPSA,SIN,0.22836029879
54,54,SEPSA,SIN,0.00710674016
55,55,SEPSA,SIN,0.00164856533
412,412,SETAR,SIN,0.01696069692
413,413,SETAR,SIN,0.01242276718
414,414,SETAR,SIN,0.01278408295
46,46,SEPSA,SIN,0.38960717115
47,47,SEPSA,SIN,0.39758284141
48,48,SEPSA,SIN,0.01001831746
415,415,SETAR,SIN,0.00635150916
416,416,SETAR,SIN,0.00719155507
417,417,SETAR,SIN,0.00335330361
418,418,SETAR,SIN,0.00511285223
49,49,SEPSA,Sist. Ais.,0.29510303754
50,50,SEPSA,SIN,4.571854327
51,51,SEPSA,SIN,0.03180311218
52,52,SEPSA,SIN,5.39728072506
53,53,SEPSA,SIN,0.09624820435
56,56,SEPSA,SIN,0.06070469875
57,57,SEPSA,SIN,8.945714449
419,419,SETAR,SIN,0.00421168711
420,420,SETAR,SIN,0.01445011116
58,58,SEPSA,SIN,0.45548707318
59,59,SEPSA,SIN,0.02829150588
60,60,SEPSA,SIN,0.01581187004
63,63,SEPSA,SIN,0.04256946701
64,64,SEPSA,SIN,0.85672666748
65,65,SEPSA,SIN,10.4909028725
66,66,SEPSA,SIN,0.11202252827
67,67,SEPSA,SIN,0.20047526519
421,421,SETAR,SIN,0.00599298802
68,68,SEPSA,SIN,0.17076064471
69,69,SEPSA,SIN,0.07780052133
70,70,SEPSA,SIN,0.03206504131
71,71,SEPSA,SIN,7.040695E-5
72,72,SEPSA,SIN,0.03934228079
270,270,CESSA,SIN,0.00323035921
73,73,SEPSA,SIN,0.45780543103
74,74,SEPSA,SIN,6.01386889434
75,75,SEPSA,SIN,4.99253884738
271,271,CESSA,SIN,0.1278199938
272,272,CESSA,SIN,0.36740222347
76,76,SEPSA,SIN,0.10747034793
273,273,CESSA,SIN,0.18766398725
274,274,CESSA,SIN,0.12288135914
275,275,CESSA,SIN,0.01333511191
276,276,CESSA,SIN,0.01447268766
277,277,CESSA,SIN,0.0144388525
278,278,CESSA,SIN,2.25638144736
279,279,CESSA,SIN,0.11645493843
422,422,SETAR,SIN,0.01652477064
423,423,SETAR,SIN,0.00497344806
424,424,SETAR,SIN,0.00392763784
425,425,SETAR,SIN,3.89559582728
77,77,SEPSA,SIN,0.06123970375
78,78,SEPSA,SIN,2.71265282778
79,79,SEPSA,SIN,0.00241444042
80,80,SEPSA,SIN,0.93797526234
81,81,SEPSA,SIN,0.03158359859
82,82,ENDE DELAPAZ,SIN,0.03564897539
83,83,ENDE DELAPAZ,SIN,0.26510841967
84,84,ENDE DELAPAZ,SIN,0.05599160654
280,280,CESSA,SIN,0.03099155073
426,426,SETAR,SIN,0.53056432788
427,427,SETAR,SIN,1.33619668436
85,85,ENDE DELAPAZ,SIN,0.06308404757
428,428,SETAR,SIN,9.75379283791
429,429,SETAR,SIN,15.4950709199
430,822,SETAR,SIN,0.33918667507
431,849,DELBENI,SIN,2.38659981249
612,1030,ENDE Cobija,Sist. Ais.,0.00824735416
613,1031,ENDE Cobija,Sist. Ais.,0.05757049487
86,86,ENDE DELAPAZ,SIN,0.05842977423
87,87,ENDE DELAPAZ,SIN,0.04227357375
138,138,ENDE DELAPAZ,SIN,0.03858467635
614,1032,ENDE Cobija,Sist. Ais.,0.02537441523
615,1033,ENDE Cobija,Sist. Ais.,0.05039676749
88,88,ENDE DELAPAZ,SIN,0.04730970873
89,89,ENDE DELAPAZ,SIN,0.48515585135
90,90,ENDE DELAPAZ,SIN,0.09888573714
162,162,ENDE DELAPAZ,SIN,0.07885058418
163,163,ENDE DELAPAZ,SIN,0.11001374269
164,164,ENDE DELAPAZ,SIN,3.53795760439
165,165,ENDE DELAPAZ,SIN,1.85821485292
166,166,ENDE DELAPAZ,SIN,0.43353338232
167,167,ENDE DELAPAZ,SIN,0.06901163124
168,168,ENDE DELAPAZ,SIN,0.0950742011
635,1053,ENDE CAMARGO,SIN,0.02257338098
91,91,ENDE DELAPAZ,SIN,0.0819503225
92,92,ENDE DELAPAZ,SIN,2.34520735047
93,93,ENDE DELAPAZ,SIN,0.03178046095
94,94,ENDE DELAPAZ,SIN,0.02387533337
95,95,ENDE DELAPAZ,SIN,0.14323571969
96,96,ENDE DELAPAZ,SIN,0.0410010814
97,97,ENDE DELAPAZ,SIN,0.0899805105
98,98,ENDE DELAPAZ,SIN,0.18494581893
99,99,ENDE DELAPAZ,SIN,0.23278395502
100,100,ENDE DELAPAZ,SIN,2.05309995824
101,101,ENDE DELAPAZ,SIN,0.16653304769
102,102,ENDE DELAPAZ,SIN,0.04371336422
636,1054,ENDE CAMARGO,SIN,0.16150173243
103,103,ENDE DELAPAZ,SIN,0.01363133833
104,104,ENDE DELAPAZ,SIN,0.19072853279
174,174,ENDE DELAPAZ,SIN,0.01648471686
175,175,ENDE DELAPAZ,SIN,0.14317592978
176,176,ENDE DELAPAZ,SIN,0.12622843568
177,177,ENDE DELAPAZ,SIN,0.3576911089
637,1055,ENDE CAMARGO,SIN,0.01251755131
105,105,ENDE DELAPAZ,SIN,0.04088425698
106,106,ENDE DELAPAZ,SIN,0.03259012432
190,190,ENDE DELAPAZ,SIN,0.41525176391
281,281,CESSA,SIN,0.03407567144
282,282,CESSA,SIN,0.01869154557
283,283,CESSA,SIN,1.88714319807
284,284,CESSA,SIN,4.9041305091
285,285,CESSA,SIN,0.47080415543
286,286,CESSA,SIN,3.1733465789
287,287,CESSA,SIN,0.30057292063
107,107,ENDE DELAPAZ,SIN,0.06503039039
201,201,ENDE DELAPAZ,SIN,0.01220977801
202,202,ENDE DELAPAZ,SIN,0.20052793904
288,288,CESSA,SIN,0.01413821553
289,289,CESSA,SIN,7.23007626018
108,108,ENDE DELAPAZ,SIN,0.06635210978
109,109,ENDE DELAPAZ,SIN,0.07593757447
110,110,ENDE DELAPAZ,SIN,0.06342144047
111,111,ENDE DELAPAZ,SIN,0.0431412464
112,112,ENDE DELAPAZ,SIN,0.0112757688
113,113,ENDE DELAPAZ,SIN,0.04768976979
290,290,CESSA,SIN,1.1747187E-4
291,291,CESSA,SIN,18.1029773026
292,292,CESSA,SIN,5.04271488848
293,293,COSERMO,SIN,6.78589365255
294,294,ELFEC,SIN,26.5432955398
295,295,ELFEC,SIN,76.4590352108
296,296,CRE,Sist. Ais.,14.3821410014
297,297,CRE,Sist. Ais.,5.50304671062
298,298,CRE,Sist. Ais.,12.8450907436
299,299,CRE,Sist. Ais.,3.77450741189
300,300,CRE,SIN,169.238556009
301,301,CRE,Sist. Ais.,3.22184026911
303,303,DEORURO,SIN,0.00161624917
304,304,DEORURO,SIN,7.1221272E-4
305,305,DEORURO,SIN,2.1538511E-4
638,1056,ENDE CAMARGO,SIN,0.02737038112
639,1057,ENDE CAMARGO,SIN,0.01014893902
114,114,ENDE DELAPAZ,SIN,0.080152146
115,115,ENDE DELAPAZ,SIN,0.20710326097
116,116,ENDE DELAPAZ,SIN,0.27954801834
117,117,ENDE DELAPAZ,SIN,0.12192207561
118,118,ENDE DELAPAZ,SIN,0.47357488162
119,119,ENDE DELAPAZ,SIN,0.16948532573
120,120,ENDE DELAPAZ,SIN,0.09202062075
121,121,ENDE DELAPAZ,SIN,0.08501001159
122,122,ENDE DELAPAZ,SIN,14.2855083303
123,123,ENDE DELAPAZ,SIN,0.22175651557
640,1058,ENDE CAMARGO,SIN,0.06780787821
641,1059,ENDE CAMARGO,SIN,0.0265502221
642,1060,ENDE CAMARGO,SIN,0.00961625625
124,124,ENDE DELAPAZ,SIN,0.27905313993
125,125,ENDE DELAPAZ,SIN,3.2489265047
126,126,ENDE DELAPAZ,SIN,0.21782670042
127,127,ENDE DELAPAZ,SIN,14.1846506647
128,128,ENDE DELAPAZ,SIN,0.07000288258
129,129,ENDE DELAPAZ,SIN,0.0679047769
130,130,ENDE DELAPAZ,SIN,0.31293601758
131,131,ENDE DELAPAZ,SIN,7.46580714663
132,132,ENDE DELAPAZ,SIN,0.15070326708
133,133,ENDE DELAPAZ,SIN,4.61398E-5
134,134,ENDE DELAPAZ,SIN,0.04025709433
135,135,ENDE DELAPAZ,SIN,0.13241931782
326,326,DEORURO,SIN,0.05315665935
327,327,DEORURO,SIN,0.49869999326
643,1061,ENDE CAMARGO,SIN,0.03285865782
644,1062,ENDE CAMARGO,SIN,0.00917674203
136,136,ENDE DELAPAZ,SIN,0.05543565193
333,333,DEORURO,SIN,0.04361576504
485,903,DELBENI,SIN,0.06579453224
645,1063,ENDE CAMARGO,SIN,0.01023475905
646,1064,ENDE CAMARGO,SIN,0.00848259274
137,137,ENDE DELAPAZ,SIN,0.10263574549
486,904,DELBENI,SIN,0.02659095292
487,905,DELBENI,SIN,0.00305595396
488,906,DELBENI,SIN,0.04302928084
139,139,ENDE DELAPAZ,SIN,0.06862942728
140,140,ENDE DELAPAZ,SIN,0.06953146808
141,141,ENDE DELAPAZ,SIN,0.10697731482
142,142,ENDE DELAPAZ,SIN,0.43896131226
143,143,ENDE DELAPAZ,SIN,0.02849868353
144,144,ENDE DELAPAZ,SIN,4.25916965608
145,145,ENDE DELAPAZ,SIN,0.47543069773
489,907,DELBENI,SIN,2.0502021E-4
490,908,DELBENI,SIN,4.271477E-5
491,909,DELBENI,SIN,8.8091426E-4
492,910,DELBENI,SIN,5.6500694E-4
493,911,DELBENI,SIN,0.08882282058
146,146,ENDE DELAPAZ,SIN,0.06856206377
334,334,DEORURO,SIN,0.0190200894
647,1065,ENDE CAMARGO,SIN,0.00674587688
147,147,ENDE DELAPAZ,SIN,0.04871291197
335,335,DEORURO,SIN,0.0608474552
336,336,DEORURO,SIN,0.01269372035
337,337,DEORURO,SIN,0.09211081576
148,148,ENDE DELAPAZ,SIN,0.06020627827
149,149,ENDE DELAPAZ,SIN,0.11020909533
150,150,ENDE DELAPAZ,SIN,5.85381562574
151,151,ENDE DELAPAZ,SIN,2.33244545402
152,152,ENDE DELAPAZ,SIN,7.20301828943
153,153,ENDE DELAPAZ,SIN,3.37594349398
154,154,ENDE DELAPAZ,SIN,8.22319784067
155,155,ENDE DELAPAZ,SIN,1.46813662219
156,156,ENDE DELAPAZ,SIN,0.03104580645
508,926,DELBENI,Sist. Ais.,0.03234638951
157,157,ENDE DELAPAZ,SIN,0.52456503556
158,158,ENDE DELAPAZ,SIN,5.31102638262
159,159,ENDE DELAPAZ,SIN,0.94010069579
160,160,ENDE DELAPAZ,SIN,0.33346160609
161,161,ENDE DELAPAZ,SIN,3.31416969428
169,169,ENDE DELAPAZ,SIN,0.08258184685
170,170,ENDE DELAPAZ,SIN,0.10775037057
171,171,ENDE DELAPAZ,SIN,3.99988004259
172,172,ENDE DELAPAZ,SIN,0.07191956836
509,927,DELBENI,Sist. Ais.,0.02702382175
510,928,DELBENI,Sist. Ais.,0.00989061229
511,929,DELBENI,Sist. Ais.,0.04081991836
173,173,ENDE DELAPAZ,SIN,0.02628673798
512,930,DELBENI,Sist. Ais.,0.00784556402
178,178,ENDE DELAPAZ,SIN,0.06634399745
179,179,ENDE DELAPAZ,SIN,1.01902128574
180,180,ENDE DELAPAZ,SIN,0.01745253745
181,181,ENDE DELAPAZ,SIN,0.00682967801
182,182,ENDE DELAPAZ,SIN,0.05836922866
183,183,ENDE DELAPAZ,SIN,8.797368E-4
184,184,ENDE DELAPAZ,SIN,4.44050379655
185,185,ENDE DELAPAZ,SIN,0.02376240824
186,186,ENDE DELAPAZ,SIN,0.05700552223
187,187,ENDE DELAPAZ,SIN,0.08532269646
188,188,ENDE DELAPAZ,SIN,0.04891004451
189,189,ENDE DELAPAZ,SIN,0.13161516894
191,191,ENDE DELAPAZ,SIN,0.12390391294
192,192,ENDE DELAPAZ,SIN,0.12907503476
193,193,ENDE DELAPAZ,SIN,0.2849437616
513,931,DELBENI,Sist. Ais.,3.2179759E-4
514,932,DELBENI,Sist. Ais.,0.00323730666
515,933,DELBENI,Sist. Ais.,0.00421597841
516,934,DELBENI,Sist. Ais.,1.7115943E-4
517,935,DELBENI,Sist. Ais.,0.00168935866
194,194,ENDE DELAPAZ,SIN,0.0630480069
195,195,ENDE DELAPAZ,SIN,1.14181062949
196,196,ENDE DELAPAZ,SIN,0.96269325154
197,197,ENDE DELAPAZ,SIN,0.15509635418
518,936,DELBENI,Sist. Ais.,2.9735257E-4
519,937,DELBENI,Sist. Ais.,0.00386011837
520,938,DELBENI,Sist. Ais.,1.0789586E-4
198,198,ENDE DELAPAZ,SIN,0.08667746361
199,199,ENDE DELAPAZ,SIN,0.13104595222
200,200,ENDE DELAPAZ,SIN,0.06232398444
521,939,DELBENI,Sist. Ais.,7.861226E-5
522,940,DELBENI,Sist. Ais.,1.7090488E-4
523,941,DELBENI,Sist. Ais.,1.9828089E-4
524,942,DELBENI,Sist. Ais.,1.9312793E-4
525,943,DELBENI,SIN,0.00444679042
526,944,DELBENI,SIN,1.516432E-4
203,203,ENDE DELAPAZ,SIN,0.07158841546
204,204,ENDE DELAPAZ,SIN,0.54094386448
205,205,ENDE DELAPAZ,SIN,0.06357091225
206,206,ENDE DELAPAZ,SIN,0.08530154261
341,341,DEORURO,SIN,0.06515444399
342,342,DEORURO,SIN,0.25713206332
343,343,DEORURO,SIN,0.14852632854
527,945,DELBENI,SIN,0.00341117085
528,946,DELBENI,SIN,8.0839321E-4
529,947,DELBENI,SIN,4.5825725E-4
207,207,ENDE DELAPAZ,SIN,0.0770927506
208,208,ENDE DELAPAZ,SIN,0.10346192205
209,209,ENDE DELAPAZ,SIN,0.0824306243
210,210,ENDE DELAPAZ,SIN,0.16601229251
211,211,ENDE DELAPAZ,SIN,0.11265701361
212,212,ENDE DELAPAZ,SIN,0.03772827069
213,213,ENDE DELAPAZ,SIN,0.23897997826
530,948,DELBENI,SIN,5.0873836E-4
531,949,DELBENI,SIN,4.9433398E-4
532,950,DELBENI,SIN,0.00199105336
533,951,DELBENI,SIN,0.00236960073
534,952,DELBENI,SIN,0.00242122635
535,953,DELBENI,SIN,7.0062456E-4
536,954,DELBENI,SIN,1.1260415E-4
537,955,DELBENI,SIN,0.00106798557
538,956,DELBENI,SIN,2.5719074E-4
214,214,ENDE DELAPAZ,SIN,0.1015022378
215,215,ENDE DELAPAZ,SIN,0.08886822992
216,216,ENDE DELAPAZ,SIN,14.0050884683
217,217,ENDE DELAPAZ,SIN,0.20271512474
218,218,ENDE DELAPAZ,SIN,0.15602485932
539,957,DELBENI,SIN,0.00350065492
540,958,DELBENI,SIN,4.8016995E-4
219,219,ENDE DELAPAZ,SIN,0.06210158131
220,220,ENDE DELAPAZ,SIN,0.22503242801
221,221,ENDE DELAPAZ,SIN,0.78615963087
222,222,ENDE DELAPAZ,SIN,0.03252980518
223,223,ENDE DELAPAZ,SIN,3.170152E-5
224,224,ENDE DELAPAZ,SIN,0.1426857669
541,959,DELBENI,SIN,0.01082791358
542,960,DELBENI,SIN,5.616525E-5
543,961,DELBENI,SIN,1.7368291E-4
544,962,DELBENI,SIN,6.134693E-5
225,225,ENDE DELAPAZ,SIN,0.03825894702
226,226,ENDE DELAPAZ,SIN,0.21852522187
227,227,ENDE DELAPAZ,SIN,0.02365378534
545,963,DELBENI,SIN,0.00164950112
546,964,DELBENI,SIN,1.5682441E-4
547,965,DELBENI,SIN,0.0046383527
548,966,DELBENI,SIN,6.3307619E-4
549,967,DELBENI,SIN,1.7946429E-4
550,968,DELBENI,SIN,0.00284394944
551,969,DELBENI,SIN,4.791003E-5
552,970,DELBENI,SIN,0.00317363191
228,228,ENDE DELAPAZ,SIN,0.06508910083
229,229,ENDE DELAPAZ,SIN,0.05512888175
230,230,ENDE DELAPAZ,SIN,0.04287224135
231,231,ENDE DELAPAZ,SIN,0.05712423967
553,971,DELBENI,SIN,0.00233992951
554,972,DELBENI,SIN,8.0955428E-4
555,973,DELBENI,SIN,0.00167259953
556,974,DELBENI,SIN,0.00101471948
557,975,DELBENI,SIN,0.0195728826
648,1066,ENDE CAMARGO,SIN,0.0341821302
232,232,ENDE DELAPAZ,SIN,0.06082962069
233,233,ENDE DELAPAZ,SIN,0.1816265247
234,234,ENDE DELAPAZ,SIN,0.09768749092
558,976,DELBENI,SIN,0.00704444876
559,977,DELBENI,SIN,0.00129966235
560,978,DELBENI,SIN,0.00191865122
561,979,DELBENI,SIN,0.00234219676
562,980,DELBENI,SIN,0.00185510712
563,981,DELBENI,SIN,0.00463538584
564,982,DELBENI,SIN,0.00119291707
565,983,DELBENI,SIN,1.7922152E-4
235,235,ENDE DELAPAZ,SIN,0.03016947946
244,244,ENDE DELAPAZ,SIN,0.04444006426
245,245,ENDE DELAPAZ,SIN,0.08869406748
566,984,DELBENI,SIN,5.4035E-7
649,1067,ENDE CAMARGO,SIN,0.03549284333
236,236,ENDE DELAPAZ,SIN,0.06101896358
237,237,ENDE DELAPAZ,SIN,0.10119896288
238,238,ENDE DELAPAZ,SIN,0.07095380697
577,995,DELBENI,SIN,7.9279751E-4
239,239,ENDE DELAPAZ,SIN,0.03995106533
240,240,ENDE DELAPAZ,SIN,1.45122388373
241,241,ENDE DELAPAZ,SIN,5.35127123019
242,242,ENDE DELAPAZ,SIN,0.02752492304
243,243,ENDE DELAPAZ,SIN,0.0695950609
246,246,ENDE DELAPAZ,SIN,0.03649704282
247,247,ENDE DELAPAZ,SIN,0.21736271591
248,248,ENDE DELAPAZ,SIN,20.1093781651
249,249,ENDE DELAPAZ,SIN,1.68062963295
250,250,ENDE DELAPAZ,SIN,0.11442392523
251,251,ENDE DELAPAZ,SIN,0.09414055812
255,255,ENDE DELAPAZ,SIN,0.02376795572
256,256,ENDE DELAPAZ,SIN,0.1040178242
252,252,ENDE DELAPAZ,SIN,0.14567854911
253,253,ENDE DELAPAZ,SIN,0.1840028141
254,254,ENDE DELAPAZ,SIN,0.09225547829
257,257,ENDE DELAPAZ,SIN,0.03450697811
258,258,ENDE DELAPAZ,SIN,0.18218702555
259,259,ENDE DELAPAZ,SIN,0.26021748874
260,260,ENDE DELAPAZ,SIN,0.05447857752
266,266,ENDE DELAPAZ,SIN,0.02380731384
261,261,ENDE DELAPAZ,SIN,0.05839053339
262,262,ENDE DELAPAZ,SIN,0.14140058729
263,263,ENDE DELAPAZ,SIN,0.02965311984
264,264,ENDE DELAPAZ,SIN,0.05371795638
267,267,ENDE DELAPAZ,SIN,0.04617696586
268,268,ENDE DELAPAZ,SIN,0.08286843978
269,269,ENDE DELAPAZ,SIN,0.3455624202
265,265,ENDE DELAPAZ,SIN,0.07301015716
578,996,DELBENI,SIN,0.04315211128
579,997,DELBENI,SIN,9.876249E-5
580,998,DELBENI,SIN,6.5885102E-4
306,306,DEORURO,SIN,0.15149281747
307,307,DEORURO,SIN,0.01629453911
308,308,DEORURO,SIN,9.29532E-6
309,309,DEORURO,SIN,4.51799E-6
581,999,DELBENI,SIN,1.993036E-5
582,1000,DELBENI,SIN,1.832531E-5
583,1001,DELBENI,SIN,0.00237156283
310,310,DEORURO,SIN,0.12815999131
311,311,DEORURO,SIN,3.267061E-5
312,312,DEORURO,SIN,0.00123998875
313,313,DEORURO,SIN,0.01813061813
314,314,DEORURO,SIN,4.9600048E-4
355,355,DEORURO,SIN,0.18301994397
315,315,DEORURO,SIN,0.00152421022
316,316,DEORURO,SIN,7.202933E-5
317,317,DEORURO,SIN,1.85221E-5
318,318,DEORURO,SIN,0.00358389565
319,319,DEORURO,SIN,0.02644079412
320,320,DEORURO,SIN,2.944071E-4
321,321,DEORURO,SIN,1.813166E-5
322,322,DEORURO,SIN,3.829505E-4
323,323,DEORURO,SIN,4.793691E-5
324,324,DEORURO,SIN,0.00239992511
325,325,DEORURO,SIN,6.03742E-6
356,356,DEORURO,SIN,0.19799369328
357,357,DEORURO,SIN,9.2317E-6
358,358,DEORURO,SIN,0.27754933605
328,328,DEORURO,SIN,0.09014928435
329,329,DEORURO,SIN,0.16710931903
330,330,DEORURO,SIN,4.59433E-6
331,331,DEORURO,SIN,0.90409146176
344,344,DEORURO,SIN,0.03909619149
345,345,DEORURO,SIN,0.1614115171
346,346,DEORURO,SIN,2.47451115185
347,347,DEORURO,SIN,0.00183503362
348,348,DEORURO,SIN,8.33580517347
349,349,DEORURO,SIN,2.3708843E-4
350,350,DEORURO,SIN,0.1424740706
351,351,DEORURO,SIN,2.90513919092
332,332,DEORURO,SIN,0.45843108146
352,352,DEORURO,SIN,0.22078592542
353,353,DEORURO,SIN,0.08371471054
354,354,DEORURO,SIN,1.65516952524
594,1012,DELBENI,SIN,0.00486669615
338,338,DEORURO,SIN,0.29995413161
339,339,DEORURO,SIN,6.9388915E-4
340,340,DEORURO,SIN,1.6600442E-4
359,359,DEORURO,SIN,0.01111266821
595,1013,DELBENI,SIN,1.8236608E-4
362,362,DEORURO,SIN,0.11980396122
363,363,DEORURO,SIN,0.44177932644
364,364,DEORURO,SIN,1.5640364627
365,365,DEORURO,SIN,0.00141395123
366,366,DEORURO,SIN,16.4673481313
367,367,DEORURO,SIN,1.26583529834
368,368,DEORURO,SIN,0.69236573785
369,369,DEORURO,SIN,0.77844047635
596,1014,DELBENI,Sist. Ais.,0.00669607113
597,1015,DELBENI,Sist. Ais.,0.00405500984
598,1016,ENDE Cobija,Sist. Ais.,7.3882039632
599,1017,ENDE Cobija,Sist. Ais.,1.80253341794
600,1018,ENDE Cobija,Sist. Ais.,0.77147956534
601,1019,ENDE Cobija,Sist. Ais.,0.96586767072
370,370,DEORURO,SIN,0.14975873594
371,371,DEORURO,SIN,2.8202225E-4
372,372,DEORURO,SIN,0.01703225787
373,373,DEORURO,SIN,6.14622972453
374,374,DEORURO,SIN,7.08988270853
375,375,DEORURO,SIN,0.21097587392
376,376,DEORURO,SIN,0.15101547273
377,377,DEORURO,SIN,0.35234346643
432,850,DELBENI,SIN,0.06444616241
378,378,DEORURO,SIN,0.31715932825
379,379,DEORURO,SIN,6.4632104E-4
380,380,DEORURO,SIN,0.01608477157
381,381,DEORURO,SIN,0.13315434368
382,382,DEORURO,SIN,5.47023E-6
383,383,DEORURO,SIN,0.64283350213
384,384,DEORURO,SIN,0.13351873613
385,385,DEORURO,SIN,0.12897017158
602,1020,ENDE Cobija,Sist. Ais.,0.10536155625
389,389,DEORURO,SIN,0.07616815201
390,390,DEORURO,SIN,0.15206949116
391,391,DEORURO,SIN,0.07580013314
392,392,DEORURO,SIN,0.65201605438
393,393,SETAR,SIN,31.4055975313
394,394,SETAR,SIN,0.0109323735
395,395,SETAR,SIN,0.01717962641
396,396,SETAR,SIN,0.00778815402
397,397,SETAR,SIN,0.00253574628
398,398,SETAR,SIN,0.00378677314
399,399,SETAR,SIN,0.00367752783
400,400,SETAR,SIN,0.00930428692
401,401,SETAR,SIN,0.00533617356
402,402,SETAR,SIN,0.00477038825
403,403,SETAR,SIN,0.03985474014
404,404,SETAR,SIN,0.01017742781
405,405,SETAR,SIN,0.00892168968
406,406,SETAR,SIN,0.00142690932
407,407,SETAR,SIN,0.0272132784
408,408,SETAR,SIN,0.00391442262
409,409,SETAR,SIN,0.02651993532
410,410,SETAR,SIN,0.00346560579
433,851,DELBENI,SIN,0.16227596838
434,852,DELBENI,Sist. Ais.,0.04072292774
435,853,DELBENI,SIN,0.52932541698
436,854,DELBENI,SIN,2.36850936066
437,855,DELBENI,SIN,0.10824369358
438,856,DELBENI,Sist. Ais.,0.12039797157
439,857,DELBENI,Sist. Ais.,0.00433634713
440,858,DELBENI,SIN,2.65021440411
441,859,DELBENI,SIN,0.06049065346
442,860,DELBENI,SIN,0.29936952253
443,861,DELBENI,SIN,2.46886647104
603,1021,ENDE Cobija,Sist. Ais.,0.04338183321
604,1022,ENDE Cobija,Sist. Ais.,0.00802026777
605,1023,ENDE Cobija,Sist. Ais.,0.01059051877
606,1024,ENDE Cobija,Sist. Ais.,0.0058780944
444,862,DELBENI,SIN,0.10238439484
445,863,DELBENI,Sist. Ais.,0.43062876943
446,864,DELBENI,Sist. Ais.,0.28839264592
447,865,DELBENI,Sist. Ais.,0.03656551706
455,873,DELBENI,SIN,0.16548007946
456,874,DELBENI,SIN,0.0018564023
457,875,DELBENI,SIN,1.2872427E-4
458,876,DELBENI,SIN,7.437998E-5
459,877,DELBENI,SIN,0.00265200157
460,878,DELBENI,SIN,1.4557258E-4
461,879,DELBENI,SIN,1.24249E-4
462,880,DELBENI,SIN,0.00705587623
463,881,DELBENI,SIN,0.00426090203
464,882,DELBENI,SIN,6.0930649E-4
465,883,DELBENI,SIN,0.00263218168
607,1025,ENDE Cobija,Sist. Ais.,0.00582238417
448,866,DELBENI,SIN,0.31208760339
449,867,DELBENI,SIN,8.92053397404
450,868,DELBENI,SIN,1.49708776019
451,869,DELBENI,SIN,0.07677243418
466,884,DELBENI,SIN,0.00333676132
467,885,DELBENI,SIN,0.00220803722
452,870,DELBENI,SIN,0.22018530579
453,871,DELBENI,SIN,1.27037321936
454,872,DELBENI,Sist. Ais.,0.06358041923
468,886,DELBENI,SIN,2.0767205E-4
472,890,DELBENI,SIN,0.13348349947
473,891,DELBENI,SIN,0.00193868403
474,892,DELBENI,SIN,0.07774337838
475,893,DELBENI,SIN,3.4975612E-4
476,894,DELBENI,SIN,0.0012469659
477,895,DELBENI,SIN,2.588094E-5
478,896,DELBENI,SIN,0.14291312407
479,897,DELBENI,SIN,4.582919E-5
480,898,DELBENI,SIN,3.3027211E-4
481,899,DELBENI,SIN,1.5870474E-4
482,900,DELBENI,SIN,0.04787341862
483,901,DELBENI,SIN,0.03071564963
484,902,DELBENI,SIN,0.01198836736
608,1026,ENDE Cobija,Sist. Ais.,0.00776794436
609,1027,ENDE Cobija,Sist. Ais.,0.01359079088
494,912,DELBENI,Sist. Ais.,0.15850819383
495,913,DELBENI,SIN,2.6986118E-4
496,914,DELBENI,SIN,7.026995E-5
497,915,DELBENI,Sist. Ais.,0.00112673519
498,916,DELBENI,Sist. Ais.,2.6932959E-4
499,917,DELBENI,Sist. Ais.,0.00121364423
500,918,DELBENI,Sist. Ais.,4.750565E-4
501,919,DELBENI,Sist. Ais.,0.00212771053
502,920,DELBENI,Sist. Ais.,0.0079336005
503,921,DELBENI,Sist. Ais.,0.00113930698
504,922,DELBENI,Sist. Ais.,0.0840877624
505,923,DELBENI,Sist. Ais.,0.03893896838
506,924,DELBENI,Sist. Ais.,0.01459776143
507,925,DELBENI,Sist. Ais.,0.11300858509
610,1028,ENDE Cobija,Sist. Ais.,0.00361611567
611,1029,ENDE Cobija,Sist. Ais.,0.00489176324
567,985,DELBENI,SIN,0.18606398694
568,986,DELBENI,SIN,0.01657247001
569,987,DELBENI,SIN,0.00520087281
570,988,DELBENI,SIN,0.01665043215
571,989,DELBENI,SIN,0.00474653133
572,990,DELBENI,SIN,0.03121040089
573,991,DELBENI,SIN,0.01522950765
574,992,DELBENI,SIN,1.5985583E-4
575,993,DELBENI,SIN,3.5078972E-4
576,994,DELBENI,SIN,0.11510235634
584,1002,DELBENI,SIN,0.45432842591
585,1003,DELBENI,SIN,0.00103077588
586,1004,DELBENI,SIN,0.00115757087
587,1005,DELBENI,SIN,9.6914911E-4
588,1006,DELBENI,SIN,0.00118713587
589,1007,DELBENI,SIN,0.00293876043
590,1008,DELBENI,SIN,0.0022154483
591,1009,DELBENI,SIN,0.00100149686
592,1010,DELBENI,SIN,0.00428439448
593,1011,DELBENI,SIN,6.0451224E-4
616,1034,ENDE Cobija,Sist. Ais.,0.48797685557
617,1035,ENDE Cobija,Sist. Ais.,0.05639204382
618,1036,ENDE Cobija,Sist. Ais.,0.03260428347
619,1037,ENDE Cobija,Sist. Ais.,0.06811004581
620,1038,ENDE Cobija,Sist. Ais.,0.04588864197
621,1039,ENDE Cobija,Sist. Ais.,0.04346026256
622,1040,ENDE DELBENI,Sist. Ais.,1.81893599078
623,1041,COOPSEL,SIN,12.5965701777
624,1042,ATOCHA,SIN,1.76339909228
625,1043,15 de Nov,SIN,0.08162528143
626,1044,ENDE UYUNI,SIN,2.88020203386
627,1045,Gob Oruro,SIN,6.36673982419
628,1046,Gob. Mun. Llallagua,SIN,1.18585137609
629,1047,HB,SIN,0.01839463311
630,1048,ENDE GUARACACHI,Sist. Ais.,3.05159062563
631,1049,SERELCO S.R.L,SIN,0.61626408755
632,1050,Gob. Mun. Uncia,SIN,1.98324614104
633,1051,ENDE CAMARGO,SIN,14.6631066957
634,1052,EMDEECRUZ,SIN,0.93913860381
650,1068,COSEP,SIN,2.133783158
651,1069,SEPSA,SIN,5.52879206889
652,1070,SEPSA,SIN,0.07529361451
653,1071,SEPSA,SIN,0.04726826594
654,1072,COOPELECT,SIN,0.60998600849
